artist_id,7,51,53,55,56,58,59,64,65,67,70,72,81,88,89,97,152,154,155,157,159,161,163,172,173,176,182,187,190,191,196,198,199,203,206,207,209,210,212,217,220,225,226,227,228,229,230,233,234,238,257,265,285,288,289,290,291,292,293,294,295,296,298,299,300,301,302,306,310,311,314,316,317,318,320,321,324,325,327,328,329,331,333,344,349,352,366,377,378,386,403,412,418,424,425,429,430,432,436,439,441,455,458,461,464,466,468,475,481,486,488,497,498,500,504,511,517,518,523,525,526,528,533,536,537,538,540,542,543,544,546,548,562,599,614,615,618,646,679,680,681,683,686,687,689,691,701,703,704,706,707,709,715,716,718,735,757,779,808,816,841,843,854,857,859,868,903,907,908,913,917,918,920,930,951,959,966,969,972,982,1001,1037,1042,1043,1044,1048,1090,1098,1099,1104,1116,1131,1186,1239,1243,1244,1246,1249,1358,1360,1369,1372,1375,1377,1390,1400,1406,1412,1459,1464,1513,1613,1672,1934,2083,2343,2346,2521,3057,3200
7,0.9999999999999996,0.05125868459045185,0.0164870712513006,0.057670333741158215,0.04348018719039257,0.025107452787142687,0.028747391443862742,0.0,0.05793480880119645,0.09662906889517306,0.07416611898031902,0.16385238218090886,0.034559614250041004,0.05319285362741749,0.1017420467367078,0.025985034622593266,0.03812936325372768,0.09501781093913736,0.07243886892466145,0.09126831295035279,0.10093780944631155,0.04068321231704935,0.07089719439653813,0.10108048870610142,0.198974201185818,0.05836009570789819,0.0356073433392889,0.029504082256530097,0.1959294577156517,0.0426880445922627,0.018756466434658923,0.22549242418737575,0.0807757474667496,0.05956773105990928,0.09836243127968272,0.12108723768123805,0.21499900569548958,0.05377737651835553,0.04599815673505318,0.004756891560442068,0.12719925251326772,0.030086064810515192,0.15922943778937498,0.136159988521288,0.08226643396603629,0.10516197159185875,0.14225423588573324,0.21913478011770982,0.23805797527264766,0.044612408862155485,0.022705546443488298,0.023290261610621123,0.04135072078202554,0.059686901660630357,0.0811249824632884,0.016808005253900145,0.04939131044117373,0.10053453922460986,0.03876965596761294,0.04548743067495011,0.0641331364932472,0.07157222247204616,0.07207028923564995,0.05368829223530913,0.0734169148892046,0.03844020163444057,0.08777265768381823,0.060660168052874365,0.020725799288381856,0.018876320681963082,0.018211547156231703,0.06705183497857023,0.031104577403323206,0.049443844763322246,0.024100160604729328,0.0,0.05945804685761012,0.03339975999627465,0.005329337543151665,0.059601510551626345,0.025683391890202155,0.05736531087091858,0.1029457503674507,0.03755235847638917,0.03207608122008035,0.03874890737908886,0.031159459427908695,0.2319743793794176,0.19586365975250325,0.007193618006509858,0.0736746981393588,0.10951979668225639,0.008210761405241504,0.06827902637944702,0.06669614945888108,0.049972579183221004,0.024008916386459127,0.06154252924452652,0.1260758485288766,0.047139663700784276,0.05366711433364476,0.03544246459536891,0.014530543242928178,0.019974153800786022,0.046899387777945445,0.05977239810292484,0.01985693613562302,0.10181125004918613,0.0663189734138333,0.1961718930130778,0.1150249734385508,0.20749730672184336,0.12685474362352153,0.09414354791809477,0.12178593841537448,0.05875674504795615,0.25761145321040757,0.10675269747678666,0.06760193781488126,0.012840331118807398,0.06066732845274708,0.011836260204770056,0.04745152884062926,0.11549098699173509,0.13734988095925338,0.09712505231804702,0.12391875798395947,0.06694871882499126,0.020448828246761825,0.0913002346753363,0.026028611734180303,0.02990065906692295,0.06440954360124547,0.08582602077891101,0.11014879904568112,0.0075196799062076875,0.006118139730860376,0.022773775855007044,0.027468962751865274,0.07796217640895091,0.014928867873171166,0.0,0.01434999713490033,0.03114123566522694,0.05370471390646419,0.01667967351006464,0.07464863136674538,0.05426516201766311,0.0825740379128345,0.0719418801172366,0.18197480525280482,0.13405971158258836,0.043545562273728744,0.04420761683638816,0.11597450480729009,0.062408829976493246,0.04161676915657147,0.09076329464669348,0.08493994182333289,0.055100754321194975,0.10882672177419843,0.11645215006558951,0.12026267534546037,0.08756671667832681,0.09973291330563916,0.08076451302908091,0.08170336002640628,0.059049378538570646,0.006141521121703124,0.05068540866396293,0.07562925877578788,0.07116211892177016,0.026758928934433945,0.104195462492592,0.06462817835222229,0.10877656463378975,0.07064253581620183,0.0668607694181382,0.07443082034368174,0.10248822463594291,0.015110161173000921,0.01718897397888252,0.024351669962563067,0.017125794282466186,0.23548100191353896,0.059231980201643886,0.07737498326076017,0.08620146381235978,0.15017327229516986,0.29890727813784157,0.05348694811018716,0.12572637888835314,0.10776318209350853,0.04355767764074344,0.016665002346297097,0.0697028835175186,0.0782129446194228,0.11538064444246117,0.0819887104683372,0.0810436630541981,0.0927372427064063,0.03832943971718407,0.04377636948608924,0.024404338434968365,0.016420175121409048,0.055542462823897305,0.12256013397892924,0.10945546043516571,0.008261854576433122,0.01207562881665267,0.05339285072027507,0.044476654736632294,0.1115630672921264,0.02767607010394532,0.0633925909180019,0.057256084612705524,0.07689774690114032,0.04327871044449857,0.03666857739333153,0.052796284279325284
51,0.05125868459045185,1.0,0.09376515272999368,0.04429811159476752,0.04644533677071462,0.10574398800689756,0.2999597270171565,0.0426704244839308,0.07700181017121556,0.1466496168638922,0.09446141686190491,0.3146183333236168,0.03900133987012252,0.048046522142995436,0.04171723408573889,0.01628927576044442,0.031963559687917954,0.03927963850000767,0.12069744070686968,0.13616712466086472,0.26120693087141944,0.013478898972545006,0.04446431050946345,0.15224055808035095,0.0640914040599574,0.02168685255682911,0.10035080655350714,0.31159924630988506,0.08554944685898978,0.016017063851667724,0.015671715264850596,0.005411363511305093,0.03601456758374551,0.10319940601919397,0.04027288180147003,0.02421430374299024,0.0018552709492583375,0.012312358127176579,0.029843424341996362,0.018035878247522535,0.03647696032409799,0.07903920828900979,0.045083246017157234,0.11690973048915095,0.04100229687718695,0.08088950286868,0.02629452687730695,0.07500661522626201,0.04920316004504952,0.0247680045049266,0.010833731351544093,0.002312116741048048,0.016156136092284203,0.022800735800894697,0.017615801653665084,0.0,0.015850982256696036,0.01093676489052298,0.0,0.012001172166782408,0.013963059311406003,0.01797640795936742,0.0186928180657841,0.008853365951856963,0.006495944150754685,0.017756307877708183,0.009156473065309112,0.013494722231756781,0.0327696781239426,0.0,0.0,0.030985396085096366,0.0,0.0,0.0,0.0,0.0,0.0,0.007137166244104794,0.014491689750269444,0.009729381404138647,0.0057000425567815234,0.0011717595577445629,0.0,0.017737828784043782,0.00722574641460175,0.014748778702637182,0.02444911370721395,0.009428107273945894,0.007325731045472021,0.0028958621191296965,0.0,0.021119083281433835,0.030256901032809293,0.026100323267487572,0.1468713833087831,0.0,0.01802213603458891,0.05045052320862166,0.001837614521904432,0.11648212008135676,0.0257424161449146,0.0,0.0,0.0,0.002952501394652255,0.01566279978294043,0.014415560969714695,0.0,0.027927762942181678,0.016073204430350256,0.011465580616765676,0.0037585566432502757,0.0,0.02345462708457067,0.18604293079839357,0.014184996232953086,0.012182714723802699,0.0,0.006035547303701406,0.010086224373229136,0.0,0.07670931900133574,0.0,0.0,0.05349102694416479,0.016216471622497043,0.0,0.0,0.0,0.026691317709261447,0.011179810690278222,0.016744235267871128,0.23432937421760194,0.02996320622423234,0.01784580532504602,0.008028241372311359,0.0,0.017365711897051658,0.0,0.0,0.02117138783366672,0.0,0.0,0.03262278901843515,0.0,0.005664025316663606,0.011746186451698708,0.006007035670858258,0.02592068695741867,0.03155979757130761,0.024399816133502075,0.1019088016974358,0.07114740878570462,0.031776668940570324,0.0831506477569453,0.034443767625732695,0.0,0.0,0.0,0.006733935618203309,0.0025342208618103538,0.04131171952802642,0.09116374893632818,0.03303554075471388,0.04650267271291561,0.01931229661182665,0.003170053319710969,0.0,0.014856119927791863,0.03039479263434439,0.025338836589016325,0.00826138130516131,0.006729324945510419,0.043630347201833314,0.11413626777914095,0.043748507271426984,0.07785172566056629,0.03865389247482605,0.0548120558316258,0.34461729975317346,0.0,0.0,0.0,0.009811149515189278,0.022983628545371386,0.10124506379598765,0.02630718540376491,0.06728996414884993,0.034367728655714136,0.012597044147389635,0.015212966751903761,0.00470199135512895,0.02086599221792955,0.009016152193218017,0.013134539986460678,0.01622199564576677,0.043962455397378856,0.03987746327608557,0.014666013025693267,0.0324078523578397,0.021305528692301626,0.030608753063426284,0.0032849244011077996,0.0544834855026144,0.012348335120400167,0.02100340341774656,0.05120820372313005,0.0,0.1019859824215586,0.016502820065436574,0.0,0.006399247896725051,0.0,0.0,0.0703908044890555,0.02119358251133677,0.004172583607423914,0.003144756619624257,0.008188955521852259
53,0.0164870712513006,0.09376515272999368,0.9999999999999999,0.07388777842469865,0.163396181142335,0.21144713832047812,0.21898500319121833,0.33507796251438565,0.13301412485582456,0.04672149544190946,0.2370132138237906,0.1558744645812873,0.2713746375593166,0.20681031103236547,0.042631586633821904,0.043619350762652685,0.04369123089296481,0.25548772970898204,0.045829781395329866,0.02697056523654012,0.07848906938910505,0.008974076803078688,0.06297544414813037,0.07810639460604696,0.1331131835589757,0.016305652026048285,0.08247944208705488,0.0224938373025112,0.10288724800228284,0.008271960406334376,0.105610342820544,0.04514531666027106,0.1506361182183862,0.16272925904963703,0.10442537869984467,0.11672958825399647,0.025134467613168884,0.11531163530651742,0.0507681849796066,0.06821117549061663,0.033722565690366677,0.09173570646196401,0.07808708730679088,0.06619682549077475,0.07508055747280044,0.08079604371886251,0.023439787082770922,0.12012845885976428,0.052270322023490946,0.3048262149786103,0.0,0.0,0.0,0.011744903290463949,0.012112038034320417,0.0,0.0,0.006056207205122479,0.0,0.0,0.00923623778061088,0.02088476573901178,0.040435062934189865,0.0,0.004598684955226811,0.017165417363247438,0.01403839608192296,0.010459499617075796,0.005544195539840814,0.0,0.0,0.023783080194167097,0.0,0.008388186441406452,0.0,0.0,0.028781920654987487,0.0,0.0,0.024068554783818478,0.013398420875578326,0.05179163221795359,0.008029052175751755,0.0,0.0,0.0,0.004940387758310281,0.022264448606817012,0.021352052339111593,0.0,0.0,0.0,0.24450301137997354,0.09281765163159943,0.07254463458007004,0.09625742639956704,0.02958103352056405,0.19062031021165268,0.10258935516315022,0.040128135004168286,0.1592324527324863,0.0,0.0,0.0049473615632289235,0.006704671733784358,0.003418765773962575,0.0,0.018991953236985333,0.0,0.019001539657383167,0.0044041745759743805,0.023633718964077274,0.01090816491570526,0.006295204510564482,0.0,0.0406095539849376,0.0,0.04369713155251541,0.0,0.02332500218102717,0.03644860246646951,0.0,0.0779374756845268,0.0,0.0,0.026417941258129966,0.028341654882470212,0.0,0.0,0.017948110687606517,0.03806555070826642,0.010180439369932662,0.0117359244863859,0.09538687877972797,0.0339780917128184,0.06587772307714768,0.14271280561573596,0.0,0.013662774461444396,0.01184371565590583,0.0,0.02494863117232632,0.0,0.004301076824552817,0.07312014294004321,0.0,0.01997792883414501,0.07437181654943831,0.0,0.003996318983547613,0.006894903749663205,0.058316655735429386,0.05207388812667834,0.021028660801000347,0.04182008596227023,0.020523220748718304,0.17386439245735866,0.0,0.0,0.025629681203096985,0.0,0.005851873308540814,0.010968527490603175,0.008523354352609331,0.040598359376049324,0.03308409897715874,0.06816180529248982,0.012316097439393138,0.0,0.0,0.0,0.0,0.008220886400065451,0.023610531105937457,0.004645170928217817,0.019745988379932303,0.00538228948507722,0.04795336022218834,0.005630322858148905,0.036128735698910557,0.10340129467331141,0.0,0.0,0.0,0.00911470302422043,0.03407821648968977,0.045573557592205244,0.1817569035193579,0.06145135981865105,0.029460692072866154,0.016798694321736966,0.03131266526948558,0.0,0.13411363041750646,0.01794025480410381,0.03573096037916509,0.012155858538449157,0.0041897326523389,0.0,0.0,0.0,0.007782365906348046,0.009987054349726247,0.0,0.06280865660843689,0.10185215465304762,0.011976856123008764,0.011740472619769411,0.0,0.0,0.009753191849351028,0.017548273560967553,0.004101325195763749,0.01118517263262474,0.12989037173054743,0.005326395840923938,0.01218390878822982,0.04614072331575229,0.06103452872510631,0.0777150298079227
55,0.057670333741158215,0.04429811159476752,0.07388777842469865,1.0,0.07251846412638221,0.23811237622079875,0.05624580272181212,0.1253160748372116,0.1185350957925485,0.6240346076300514,0.056467608619060236,0.06389158732191412,0.038855566287950685,0.04939869766129612,0.479579390278935,0.2811887058576068,0.006456193388150123,0.043330687943584294,0.14473267509810903,0.25320740686986726,0.02759649205012643,0.20101988191867637,0.006179555655410356,0.12196960027902362,0.043067109305040305,0.013610566121351687,0.06431794597828756,0.06027608244930499,0.05107203316191164,0.05843249073640674,0.009624010487388559,0.00997742951112156,0.04247580255491129,0.01683753213323723,0.00994248742704859,0.059953453609817714,0.05390236116152221,0.021038382654681817,0.0,0.018597525112186708,0.02919269730234944,0.003298001761766817,0.014158297189168029,0.04608761441556734,0.06915522118645873,0.13406755512174962,0.045573397298672706,0.00929021385860235,0.025814396573045476,0.016437272511136088,0.38507196531206783,0.26837221066902095,0.38018908649411426,0.46825292413483666,0.537702862789417,0.15836780885539906,0.293751258158663,0.5065893141988614,0.2627730026178523,0.27604828684972926,0.440949655203881,0.29967040199491957,0.3556409292602104,0.4668074387661676,0.4013494325878752,0.2784321223795851,0.3717156924491983,0.3550576209090024,0.42059491872105564,0.2391918978236226,0.2716259563066423,0.21107058974827506,0.17728083961980912,0.3043088562898537,0.2673357538000531,0.06765363634696053,0.10816592356237674,0.24493379661888726,0.08912612984802752,0.30068035175318236,0.20563249519468565,0.1366393059425477,0.28848551870827954,0.14406064116172765,0.3707190118852168,0.3959087548167424,0.012045953274623749,0.06579449606935174,0.12144494139997646,0.18433085249960532,0.03037770219308504,0.015745032567012058,0.02301267131197941,0.03396623756575668,0.08782111227820776,0.012147660345656607,0.10071456906328033,0.04406408233276885,0.016585287993389153,0.01981966354446844,0.020943061332961387,0.12749115967468416,0.09917023345273754,0.24763815255603516,0.14169316324577758,0.4015610175167468,0.13299679350973587,0.10315075102833464,0.038220557670881346,0.07038169618462525,0.011765818209614956,0.002641527332414276,0.11539333863340763,0.0037912091544456236,0.0056657009235142036,0.03857999093830628,0.00972037350229072,0.07755476094218516,0.3252321816491478,0.3360802090244498,0.2458689532996059,0.20613247474040652,0.014535746983471666,0.05292819256413039,0.016671402260506712,0.1700117520204429,0.04649796398671978,0.11673755393586065,0.2853981010131302,0.204299231302391,0.15963130506862794,0.2659239030558325,0.0020277084751637807,0.023634308645697856,0.013597903987485699,0.0035546208162562662,0.01660338355118638,0.14797889780504142,0.22726540937859532,0.14613834963483419,0.09262613290680115,0.016042960228161245,0.2022147668694392,0.03150879366968024,0.2116687738210403,0.07407416390747085,0.44850122524049474,0.07639019472571157,0.1181261154834746,0.018523245417532412,0.012204408991000646,0.017574511311368723,0.03715469818460748,0.029236865179916464,0.01406249575643758,0.01435477247989798,0.04027816532981219,0.008103673235351067,0.0,0.003785588848269294,0.0022547403773886285,0.005858373675410167,0.00864332840316854,0.009099520801126509,0.006532346892507793,0.008312383102764855,0.22383538202750478,0.14102485692805258,0.13451429628562084,0.20651832868750516,0.009520389168787127,0.005718158338172907,0.0024920613232085934,0.03915483934901162,0.022916618850460705,0.050486041654169894,0.04727930613165908,0.011847758142298086,0.18155335951861762,0.014090242613013516,0.10290964222715641,0.18106235864259493,0.07878494596778675,0.031057062819697334,0.026876622153600004,0.03316836918953092,0.04755791262172447,0.18743320275647488,0.02180714307995659,0.0480014548646789,0.00813696938042838,0.0,0.004714288824657583,0.0027620672396645135,0.21976620315155598,0.04075791570324397,0.07262927093245712,0.02047087542415399,0.002071573199254177,0.015512162228797376,0.007236188335131231,0.002314334531253479,0.03137147526381899,0.03473294469538726,0.04720502499715711,0.09408038228242051,0.02712633517661344,0.014354605865914244,0.1175194790731596,0.1493129206518042,0.00893160469448637,0.037882074280258936,0.007454381631903395,0.2713462375623582,0.2691314293452845,0.009441023692628918,0.016946082185983764,0.36019109011402645,0.09608444915245848,0.10833096975167548
56,0.04348018719039257,0.04644533677071462,0.163396181142335,0.07251846412638221,0.9999999999999997,0.134384397164582,0.06478617863533324,0.2612464284331383,0.1718394783190435,0.08392337478667808,0.13795191617548555,0.1214131551791848,0.11217613700787324,0.27642887815358697,0.10290916838289048,0.023858003775810856,0.019505344709175497,0.16372765501596087,0.02710661513164917,0.062126930024244964,0.07617387342936881,0.025502009982315183,0.10863388713804988,0.05714146753918523,0.10671051193110653,0.05255616227858449,0.06875310124010676,0.056481468726154074,0.12840840685970306,0.05433394206334454,0.05712884928149026,0.07189378994853833,0.12578705679674498,0.0989012556714063,0.08624942284931837,0.1488689000767004,0.04707667792768199,0.06009638127016842,0.03801878364334187,0.04644029219471283,0.13014969850228192,0.08037560564235692,0.09567923739183302,0.15198158808722914,0.15000735410286586,0.13296318637021984,0.09035069232792975,0.1331150785603702,0.1180816939621998,0.13506222287295744,0.009114906752986016,0.0037878421412488234,0.005818144837953397,0.05079527800769969,0.04394556170070863,0.013461216657459658,0.02453771568569669,0.03423561269407067,0.021333455281644886,0.005929754935995334,0.031380854289781664,0.007348373656061684,0.09267466752064675,0.023933734225032692,0.08680275351680102,0.00677323343686718,0.04386720089825638,0.08356591961203004,0.034848807695309125,0.009292872445770543,0.0038766055743561885,0.028375871273141333,0.027460109794061775,0.024440471150406665,0.012352376348882524,0.0031893446759118957,0.08183777234623334,0.01366075076481826,0.008355689772184136,0.10018636081383239,0.039827546085366095,0.1373316534252382,0.05959038339386423,0.023218774140142243,0.013229134329749398,0.033921778041553656,0.0396586514710899,0.09156125974411444,0.02283448142722761,0.06100948908851071,0.03464340925950004,0.08353742796636493,0.1285742571691745,0.13063099992819074,0.10211976771372931,0.04520073532404505,0.053432149273411,0.15576496419513547,0.04341217651595777,0.06412266729694661,0.07765132898234832,0.01271881385346061,0.0155098112230415,0.030396235030043395,0.03646528869409952,0.045334385466948054,0.015028682655881916,0.05659710858996635,0.044701445154775823,0.04264607764214379,0.02829839970025988,0.026021727311661188,0.061390014308034334,0.023160151809814383,0.0327314216049003,0.07661672029964114,0.028617880355601467,0.02408925608049299,0.007781072778589923,0.03202829745507661,0.10585700144177987,0.024210247932400293,0.09682310191550277,0.04881419329035995,0.07378238381162436,0.056676574051956516,0.04472858181165763,0.0,0.018378680428413622,0.028757871638764487,0.09595411442281139,0.0383486546130388,0.0376560671239669,0.07911765256664223,0.0779701969946307,0.03818570763191581,0.042851712697601296,0.0064202642076930175,0.07415448891685536,0.026455140618038137,0.016788411805408028,0.03927696114028195,0.020897232490760902,0.008622441319030172,0.09648173226679688,0.07003809182585778,0.044352555771480284,0.12962409757793358,0.03419336295892705,0.0762251941384376,0.07935929432993964,0.14652721260598162,0.04774722981676155,0.05932419028911476,0.10848743543829706,0.05674436995611691,0.18797400476837187,0.049612690043018576,0.045277680706631615,0.01945696306599653,0.007854748514532677,0.021073243304850258,0.020616070265356428,0.04918509548327487,0.11013212548312312,0.03142960299499986,0.06797587979524145,0.05107379307639576,0.013866675826697789,0.013054423832976895,0.0370143109693278,0.009459669681001384,0.019634912762521044,0.021602016830624203,0.02381487755303298,0.08839250234880291,0.006570786805582773,0.1265077235032713,0.03772895233575667,0.10852819496136196,0.059916139093273965,0.04138104180866166,0.021751888675352632,0.035875852419324804,0.07124049902841705,0.0956902206833268,0.13038705997189176,0.11991357674298189,0.17742442362852878,0.06390575176193286,0.0953465036518998,0.0312704858508204,0.04172402641566059,0.06158733119475306,0.08807542190773217,0.020425451321838883,0.09266339117550147,0.04254451179335371,0.0335705623655223,0.0049217218686235095,0.029257843575227004,0.011645575218472754,0.05075662310190351,0.0285431883637919,0.12254193592540387,0.18056096717250333,0.0953850033578224,0.06353034542096861,0.007052327861099298,0.04565907163525856,0.05572188763740825,0.07976312495332107,0.042085295580764605,0.057643517079310175,0.1132823297920535,0.022191351097158498,0.06570992135324276,0.07404648779194072,0.0766426857906455,0.14468801365092518
58,0.025107452787142687,0.10574398800689756,0.21144713832047812,0.23811237622079875,0.134384397164582,1.0,0.17511684833742922,0.27314613041350505,0.15235972312578966,0.21005080257094022,0.23417804227342454,0.14806840039742655,0.16385073295117958,0.07621280231324018,0.1423694038207774,0.1593281942608271,0.01507643646101958,0.16611265437510062,0.08130820613318157,0.04633519401039881,0.08517352870860326,0.006194885183838739,0.04240567890500285,0.22032973375909054,0.09323589563303489,0.0,0.1042147823483781,0.08172034192612149,0.09431347598816986,0.037939127860473015,0.013708434629838395,0.0,0.12916064433659202,0.03766029541623251,0.11175369567791653,0.046016483985499554,0.004211689876586903,0.037255254166596,0.005222304303923574,0.07011078643211388,0.037200770534292854,0.06211233681387616,0.014227703847906562,0.05979865274027276,0.07209414507024775,0.15109197627270657,0.0314556818391977,0.0881459679954944,0.0,0.17389274227250684,0.04437969396698889,0.04752236169044611,0.10738716461375263,0.07890580991903612,0.07576165798726295,0.028449906064422333,0.04372768479780579,0.12365111246826,0.011605551536525071,0.0583823825252196,0.08559097160943831,0.0823195148142072,0.1687814772160397,0.043919748509893455,0.09383517696195932,0.08516021854984607,0.10661780601643825,0.08022061022595801,0.0763586062919573,0.01636238249885764,0.04384808395474965,0.16473955105864263,0.007274697293027329,0.03301400561254682,0.044832901774393544,0.010730761647203397,0.016569654158730518,0.00530348921975744,0.008255475222488417,0.0623667184716325,0.05635738318584242,0.03616405380701923,0.0335215662645836,0.026627911773439174,0.034748344256307365,0.09254890157518243,0.013549137140530501,0.020868044356290995,0.01420574340232295,0.027315392620507174,0.005474562771555617,0.0,0.11338734691215722,0.018567152828956046,0.1358453396864216,0.07002065771785261,0.07435175367996173,0.028204291247231388,0.04551971409835217,0.0,0.05745437130701016,0.0037045232066524143,0.008952300196046922,0.019451011979214165,0.010795654742240897,0.05236759600425148,0.0,0.01760665173527716,0.0,0.01670421503068968,0.0,0.0,0.019687124150007007,0.0,0.006261324064714371,0.11117228290662963,0.0,0.016996682342980494,0.010625898240607784,0.10418710743542893,0.12433213033007501,0.018067686713966552,0.08189539039657112,0.006083777286505291,0.011253325174566623,0.05254003220483805,0.0,0.014009768463366592,0.022145428414303524,0.02967772041228909,0.11813742591512519,0.12101959220124411,0.028840687173099015,0.06369978114665624,0.0314489843139872,0.03303436570670981,0.024056397436162537,0.0,0.042262573939431364,0.015091559179637368,0.007639689881656145,0.018825150326304222,0.03279992830450625,0.0,0.17103097976483925,0.02930842569254881,0.06974339415055687,0.12264888710111907,0.04037202956632517,0.004881076163599738,0.011517583338330811,0.04505911017099547,0.05071091436476047,0.033835909160075645,0.0,0.010311190233178644,0.0712463719504888,0.006145856587794812,0.0,0.004419118272720761,0.0,0.0,0.018124731264610915,0.007239867711007025,0.0,0.011611749649701356,0.0947728172218101,0.013007817195609783,0.0,0.0281919014999473,0.003251453753661725,0.0,0.008682858790018821,0.013103654804421728,0.0,0.034460122403092354,0.005895270324374346,0.025774420424713777,0.04437433103123826,0.03641962830419411,0.1859861867978157,0.026647594132573116,0.013943380099678788,0.0,0.006223292345172961,0.0,0.06318824034060436,0.25951054317869826,0.061708480503446565,0.035400630973756404,0.018774367528381013,0.012525398485986656,0.0061270730796981875,0.028631651567717065,0.11456349287423484,0.08177936552361247,0.020372439350647274,0.0,0.0,0.005716529121067318,0.0,0.0,0.06551645265750379,0.06492458190993945,0.055678731024901965,0.07560799882069985,0.005222004645270628,0.0,0.01934944095072489,0.06014774038082229,0.014700143131173097,0.0,0.0,0.17348340236013363,0.16547328261792854,0.0,0.010000496255734624,0.21865009474300118,0.12837052792095865,0.05924479779730795
59,0.028747391443862742,0.2999597270171565,0.21898500319121833,0.05624580272181212,0.06478617863533324,0.17511684833742922,0.9999999999999999,0.1383004590635739,0.09168700717424606,0.08525701430860906,0.10441978592445116,0.4483002986143115,0.13118099308255646,0.05405040616552977,0.03522859228832976,0.04433137771263125,0.0,0.14352970181796562,0.04516285790392736,0.05659364201170549,0.3267288216616783,0.0,0.07083992527729734,0.17096273441769602,0.10341085411158193,0.007946159693727256,0.07288260320164411,0.2468657550729444,0.08529053391016449,0.0068019629254102805,0.03467932498483427,0.0,0.13768364252850518,0.15769059080506104,0.0826894139321044,0.09983109670451874,0.0037161280595872357,0.11160758168117077,0.04184085570471783,0.01804055629407527,0.043761495439932324,0.1316540570058372,0.0455778537246527,0.09911709306750167,0.12085272259959716,0.12683327715336298,0.03090893085809633,0.10106508759197753,0.06252657247005877,0.13396049659651982,0.008282208914065546,0.0,0.0,0.015478403731707753,0.012219099711970613,0.0,0.006495601198462247,0.004571922734754965,0.0,0.005665463709718722,0.016521175573311734,0.018925867937630007,0.0363066542581677,0.004867172799886528,0.005559698750996538,0.020624139817272076,0.009068872449903615,0.004037777240854683,0.02527468715185187,0.0,0.0,0.017287295119831073,0.0,0.0053825587430547306,0.0,0.0,0.0,0.0,0.0,0.005148865180744151,0.0041125785241877336,0.01303023146793144,0.0020251933969395973,0.0,0.0,0.0,0.03109898772349638,0.020881734651001974,0.008962602149073809,0.0,0.006719503641012233,0.008267409729214612,0.059004127359729666,0.06253838426460766,0.0820676404052444,0.2457655292777281,0.08828526097103709,0.13505605373142512,0.11221150721849459,0.019137952168489465,0.34941988879619484,0.003139210499482109,0.0,0.0,0.0,0.010418535984156003,0.0,0.010942439117730724,0.0,0.012716344931717999,0.009890343265574841,0.005538665362632335,0.012074900401702358,0.0,0.038691962212725015,0.2417442163356407,0.03416265019462417,0.006453358004963077,0.0,0.007369615690649658,0.02432736613608892,0.0,0.12597527486311985,0.006263756142719705,0.0,0.0144482133930283,0.006451896031615458,0.016174916236302402,0.0,0.0,0.008501623899300223,0.013793202155851359,0.037788450860757966,0.28852550969721424,0.04339110635869754,0.038229798546220536,0.052868610752751406,0.008215672370337658,0.012191054226882495,0.004924999600311291,0.0,0.00977469745431676,0.0,0.0,0.027320170350865317,0.0,0.006405992164414741,0.09814132822383104,0.004417000115184442,0.04483671597321209,0.023228984307719712,0.07090589518598622,0.21555202266468182,0.0732540125095365,0.05171908738631362,0.06425623933286352,0.08494165308144604,0.006047581263830304,0.0,0.0,0.0,0.009317855063139063,0.03344729775883467,0.09772642286260826,0.06557952819396257,0.05418119990822607,0.03372418357451165,0.0,0.0,0.0,0.006893518519106067,0.0,0.009488849212103419,0.011584496663242688,0.015221978157217177,0.0561955174657963,0.005411025793602112,0.0969657381724793,0.038751587567327495,0.038687953491223434,0.37643676011673854,0.0,0.0,0.0,0.0,0.030143306411203368,0.08227888221402622,0.05220755259058878,0.05439766425081242,0.029829318618273686,0.009625373009365445,0.032054258358625534,0.0,0.06564265237219964,0.026844457389185224,0.05493595620386543,0.0,0.021554729155498307,0.006670446998658374,0.0,0.010004669423166144,0.004777533954119572,0.013571882737339452,0.0,0.06004678679126317,0.052628019341839985,0.022932663810117833,0.04384958444755532,0.0,0.03974494923592185,0.039332301500469846,0.0,0.0028303309166537627,0.004455517889127924,0.06455126543712844,0.025459499687542367,0.0063008315188351535,0.017140801044024975,0.013222604352116188,0.06107139485546858
64,0.0,0.0426704244839308,0.33507796251438565,0.1253160748372116,0.2612464284331383,0.27314613041350505,0.1383004590635739,1.0000000000000002,0.15847140920362165,0.10734500785876816,0.2655118632568889,0.14796408634877148,0.16020177931468568,0.13016655150805162,0.06487864513773066,0.06717431718156155,0.035714862790670564,0.13559738615668535,0.08078918939286941,0.03065428792733615,0.0599739160718631,0.020526390737407557,0.02879550280062199,0.07408021597268748,0.13113659662490113,0.014369966602096157,0.10605995058316242,0.10034213277037315,0.09283829259610452,0.03231925544687312,0.02443764210043008,0.03546320612368779,0.07039411722550848,0.049359393616244376,0.027363733502716772,0.07555458063924231,0.0,0.0709419858812178,0.00859329596085433,0.0,0.024995621955719076,0.0850002743951419,0.07160632798526073,0.020996857969726286,0.09385651158397026,0.09987264922662721,0.02036322673246619,0.06241062854791517,0.02940641224083222,0.23424933939303688,0.021079118891784078,0.012383322200634863,0.016163687644291987,0.03411979754383553,0.028900131891717504,0.0,0.0045583399887181575,0.04960734211031531,0.0,0.010036352654668417,0.03355140914515195,0.06438100714953199,0.06156489822458393,0.02717905310210185,0.022819493652735445,0.048408358713149316,0.028698088420905692,0.039549187587781885,0.05309378404682034,0.009282048383798442,0.0,0.06145185007428451,0.017463294799934147,0.004753905612725502,0.0,0.0,0.0058487537367834675,0.0,0.0,0.06722009128556895,0.03689743397805113,0.053864024804793284,0.005138737450413466,0.002913101923608797,0.008274067408397855,0.01853793771451059,0.006022191039584312,0.04972410435570949,0.03386362344895709,0.0244266463309556,0.0,0.0,0.08905410314808564,0.04139101749831407,0.1063671908356301,0.0172801572982669,0.02044038137191012,0.1666694604847865,0.012412664049412298,0.0,0.037554086225110236,0.0,0.0,0.0026245428292078956,0.0,0.005825681526923405,0.0,0.026105118644766043,0.0,0.03725768894692422,0.027917571048564217,0.027945591110273928,0.007178899966453028,0.0,0.034607085627969617,0.035197739603590066,0.025974440785337775,0.01836733843677655,0.011318381834258522,0.04121104765592599,0.12476820480456066,0.0,0.0792387065113469,0.0,0.007205067838497235,0.010985702472173928,0.0,0.0,0.0,0.0,0.06292695603043286,0.07460949406129344,0.0,0.027532623335412558,0.016188994343430636,0.0,0.08748720454067069,0.0,0.008542172497482034,0.004903396086019737,0.0,0.02685590068417896,0.0,0.0,0.06130051257128225,0.005253107188147379,0.04446548226150976,0.10973078875245994,0.004843745187403857,0.011134050899385097,0.025071292059226265,0.016488148528659693,0.0739211642097385,0.01205284953826792,0.01305637231803112,0.012405187877399835,0.11930552372594747,0.004988193653948974,0.009913792247819325,0.004035621584300656,0.0,0.0,0.012803130578182045,0.00789850396974748,0.015579237197682049,0.0037790998990597366,0.037400525813592274,0.03145075201008964,0.0,0.007346121140343029,0.003606101410873538,0.0,0.005559297864738623,0.026335143708791312,0.0,0.03018978257051943,0.006322279972725519,0.062029878488855106,0.010777821481465196,0.06922333270527452,0.08296759728403602,0.006439766559664854,0.0,0.0,0.00941889110923555,0.011000942040129053,0.06143704210493994,0.1578075266146579,0.14822447693993185,0.08262956546281044,0.03177908436156387,0.019591962292818385,0.0,0.07461936133962128,0.03701461165457347,0.005230340516281842,0.006695663119680758,0.003599419246357188,0.0,0.0,0.0,0.0,0.016604520970374754,0.02027431526425786,0.04644545442553734,0.1352033600625484,0.03603153085201128,0.0,0.0,0.03816375035658835,0.0053004738065629475,0.0,0.0,0.04170190071271075,0.07588380280737658,0.009125236532391851,0.0,0.14702251905222288,0.047713377207847206,0.07780486860884255
65,0.05793480880119645,0.07700181017121556,0.13301412485582456,0.1185350957925485,0.1718394783190435,0.15235972312578966,0.09168700717424606,0.15847140920362165,0.9999999999999999,0.15905421733424271,0.19400410252135894,0.16872557210349676,0.1210468486451686,0.20147570388209624,0.16196938844513456,0.08306835952240708,0.0758914709599339,0.37984075417024693,0.12376859445995866,0.10940840770860961,0.1707354159765895,0.06108932423392854,0.1246007054533254,0.12224355028150964,0.21259155526352475,0.07169728870013278,0.4412445592680541,0.11390977135606709,0.4025184717551438,0.18311583208209764,0.08130183136559131,0.1260585491578181,0.19157522634063243,0.20750563726398588,0.09825458806091839,0.26353016871350865,0.11370528997706836,0.1326564497862621,0.07566844940662193,0.20978142610261566,0.20012566916479624,0.2140646809024523,0.11238799872301268,0.270800587062308,0.3108719517788557,0.4591797833845121,0.2205035178548355,0.09222903540508849,0.1468546905442825,0.11658404704506413,0.06668912121435701,0.05294426448679053,0.05197556608824798,0.13411169500536474,0.12491883291869206,0.024515723215669482,0.09032845200805792,0.11467211163547476,0.050918544990139175,0.06611968363810498,0.13186806385677574,0.04803150255915256,0.21051549111966866,0.046262081249651144,0.15844568875904919,0.11110191161422164,0.1538323195317716,0.17303105956859757,0.10001146006418515,0.05284232400049257,0.02583830873129492,0.20119479273902466,0.01935069530762121,0.05247096962156258,0.05703627360125017,0.07507396733115217,0.0739053067832462,0.03671042854007419,0.06344231265137645,0.16255103803880874,0.11294864714308496,0.12730405738055237,0.16484688588169666,0.0813833190418848,0.08524757311494192,0.059533370894195,0.20417923306736718,0.23074236992507474,0.13337985664729224,0.01910239820838114,0.08209945944297772,0.11421773672570695,0.19220488956337253,0.26200981291620457,0.15462388756071774,0.1564141747574478,0.10941703170463456,0.12865230333720482,0.12909832804323731,0.20334792139477556,0.10472494277925362,0.05043833797157704,0.02887940095732012,0.10940050586471214,0.10797646767632885,0.10383658722791217,0.055225073381250704,0.11023648239083206,0.09965686848543337,0.1549208819827638,0.06557268065538306,0.06548015132367116,0.22284629558319308,0.04277909370373304,0.03609884941413057,0.3152962306244099,0.08876008465524356,0.07058805835419266,0.04047044816044683,0.0644307718429479,0.1032687555787786,0.035708763673640724,0.3270521504282348,0.05469163205479273,0.06957270851647185,0.21911630549023403,0.15273674023814937,0.10890975943558791,0.03195775817118766,0.0665744815434419,0.18488254752399125,0.06483194001947211,0.05887739046311649,0.09884257331581264,0.12569803638922822,0.07928845613925702,0.08097621123852194,0.04799152503184606,0.1405116846904117,0.06449113110577356,0.052616170127977605,0.15235354740942578,0.043953045629435625,0.0489010903495074,0.2130913177487502,0.1268596686255067,0.1126276999627289,0.1351941742935536,0.08535111559234959,0.10012772400839157,0.10458135777588247,0.16922893319403054,0.13277550984174755,0.2107896967551502,0.055662976820072665,0.07105126729224721,0.16900541691419524,0.03188163343399287,0.06294578802804884,0.04246648672336234,0.006635603480083303,0.015288313705488683,0.031342881590306265,0.08203542797989882,0.06865453809161375,0.06965407647928883,0.1588378247584469,0.07426485715982403,0.034485911028963756,0.053288404512321495,0.044719581416204864,0.018409873012885193,0.05075483740371842,0.04366356229349838,0.061667815298774395,0.13196116422160745,0.12524893588742517,0.18933977981964306,0.0660507689619231,0.22696405685831653,0.06783343760864012,0.05068460683528292,0.08304201528833458,0.0636996581194132,0.05611575179007935,0.22607578635152623,0.2954726055226633,0.16885924285799914,0.06653012049446481,0.08817197393697591,0.14122653853883038,0.04941930779966206,0.09672160967463773,0.1811232610248427,0.1272011797950713,0.05624698093980647,0.14251013954652927,0.07448997255835492,0.026293919740160578,0.012713710700393153,0.01258040514281972,0.023639638211285223,0.35603344885612587,0.29147567376292666,0.147576851203815,0.17481342638204486,0.09574397535774713,0.07228675674712208,0.03212871562662999,0.09623400297129064,0.07202449265181891,0.08292771245328363,0.04932904315649867,0.1392657340706161,0.07595474901891418,0.03571850441062376,0.08547917026053181,0.09783996515959517,0.14174793326341964,0.10666375403668804
67,0.09662906889517306,0.1466496168638922,0.04672149544190946,0.6240346076300514,0.08392337478667808,0.21005080257094022,0.08525701430860906,0.10734500785876816,0.15905421733424271,1.0000000000000004,0.13011252790794733,0.1454074669613667,0.04457941739925808,0.05485406196164956,0.4489854276837839,0.2711361371507166,0.015941731411345084,0.07213887641181752,0.2565760896162174,0.38986558996152587,0.07328673348998957,0.1968443455033836,0.03704208985048252,0.16289161108687936,0.10213812794577927,0.03842049728594376,0.09247704537618005,0.1314390049138125,0.08709864342486748,0.0775796397732572,0.023089558572037403,0.02836817228895472,0.06660379416993885,0.04503554833807473,0.0291945944810466,0.0645668792113208,0.05924418504842584,0.02114722636735724,0.01333459366742622,0.03462273081893612,0.07145512014419227,0.028485776984619435,0.020809798812738253,0.10204247063766445,0.0734960030811455,0.13430012585337006,0.07737322514933888,0.036134921337865514,0.047681176551737196,0.04943553589354503,0.3828985805094416,0.3249085426847211,0.36668278806025034,0.4425821519889903,0.5267621084892951,0.19037861045136809,0.29587648420137885,0.5055663495954216,0.2497276353158288,0.2861141023431443,0.4957111603579966,0.2959947159223232,0.3286957134997535,0.4281729105541308,0.39623709315646966,0.34427359968120114,0.42071766068019933,0.41137840948667187,0.4500682421258551,0.20597099524879028,0.1921317584478731,0.3024704088779921,0.14632315776559862,0.24670505821824026,0.2868933211011618,0.07443474300218778,0.08926473186526088,0.2178283344752244,0.12715678335858885,0.2748556339743608,0.3520896503088055,0.1702421506169647,0.280880149452341,0.14663300822405073,0.4165757214446803,0.3116999769553815,0.030263067664798478,0.10178397993169115,0.16508305140376126,0.16368092100608933,0.03943509275716549,0.028057143899458736,0.034814538664122305,0.04485440241872551,0.11985895785038232,0.04721537981192337,0.07451760757555258,0.024644613682618534,0.03737486494591295,0.049242345884711665,0.032033575778848015,0.19010336462495195,0.09992254954927847,0.2387812148163981,0.13523163331410035,0.36794113344262236,0.13745069565456547,0.14020966932474138,0.05160200648594289,0.08000662461217173,0.01760273121092023,0.00660009774486766,0.12466315481308858,0.0036769478615471035,0.015947311338009973,0.13474776641695535,0.02387477787867249,0.08694908585679624,0.2916905837752459,0.39044524284425164,0.16711223395046887,0.1601687206043785,0.052010889276223056,0.06457302585636479,0.017406361244424896,0.1752943200539279,0.047077782716206294,0.1565256982484085,0.20951256310604618,0.19114182736087337,0.16200388192674148,0.14767267519411326,0.01806765480473382,0.08801175758633334,0.030176128908624596,0.021956222614945453,0.018725600574128917,0.16461570149344254,0.24176655461712482,0.1133679110863064,0.07501896555555865,0.03666283301551021,0.175177873201429,0.012089881146642549,0.20397798119237287,0.047323347482122385,0.41885918406672673,0.0714920172698352,0.10489769106114347,0.049062483162552045,0.02618117659021824,0.03024249438237455,0.06953183196461052,0.03783620115812781,0.04039448522467424,0.06445140088809795,0.03194742619395877,0.004348060927210408,0.0,0.007334494742982962,0.011967653550589406,0.0224917584780552,0.018403666868734986,0.028572027489899093,0.014941487660323936,0.040943432873682,0.26671422986156473,0.20046644285374762,0.13436043808526163,0.29700204399530195,0.02810732600316715,0.005870565581203562,0.008073228840517038,0.07264651192884582,0.0668986592555636,0.11475864706835869,0.08384947364656675,0.04174865932568154,0.22179544873925325,0.037395271868237843,0.16903327838834226,0.1360290318489904,0.10979224388009869,0.04370438163482592,0.02988050232999771,0.04041936069075837,0.07645904006005283,0.2052689556837678,0.07149297592059922,0.07178940891378348,0.023537000332619074,0.030236004579542036,0.01890742628969593,0.011152913523861774,0.22141797111721043,0.06450149857991118,0.08950988277204593,0.04267464906537412,0.007943198629030831,0.011070980219392998,0.011568013718621593,0.007753794137781791,0.034214804544672156,0.055916073168163695,0.047227740328604696,0.0818963609479051,0.038797689111792835,0.036795026519522246,0.11975533327661647,0.28818403682350946,0.01173362851628856,0.08840194816016116,0.010131040913803157,0.2536553008999004,0.227016375730961,0.019899888866492257,0.04189186418468986,0.2881872740257342,0.09932960613182774,0.12509837832255202
70,0.07416611898031902,0.09446141686190491,0.2370132138237906,0.056467608619060236,0.13795191617548555,0.23417804227342454,0.10441978592445116,0.2655118632568889,0.19400410252135894,0.13011252790794733,0.9999999999999999,0.21865663337496197,0.16918833187413027,0.1901774376244528,0.057089419057824636,0.0435846170242655,0.055809753216564055,0.17012193954103885,0.12236251832423303,0.06134326104486462,0.11595718922561948,0.0357912850399853,0.09273981682678765,0.19221892192214723,0.20028688569720576,0.031058012123811672,0.17716545561811772,0.07962568012656007,0.11216843447914232,0.10197563848211076,0.07103964905983663,0.04737613894748809,0.07358899057368434,0.09219074670310826,0.08809773787360267,0.0763376648440088,0.06306231546189607,0.06265099405770054,0.011711209129409442,0.06285301047184776,0.09317319036863286,0.10830066444813957,0.06158023928804774,0.0666033988137103,0.1143242124061642,0.15129242786328115,0.06424549793999951,0.0762229006038479,0.0751482251157242,0.16320150375419515,0.021435921771959354,0.0330862951077978,0.004933928936324494,0.0358242662825395,0.02141978168782743,0.0,0.014107958802753251,0.044456070539103415,0.008275672730476021,0.03226663117878088,0.034923365038458595,0.04258292616013167,0.0724613937782903,0.022975021515746596,0.03206574186467028,0.038701351136155665,0.05743904919315966,0.052674547802484546,0.01941034079315151,0.0,0.0,0.13049694996291603,0.0,0.023219991614216423,0.008565636068466664,0.0,0.0,0.0,0.006516956541594562,0.04083666727074741,0.029444204313915923,0.028956571312619705,0.027219653847668814,0.007189821458184064,0.020623619764017432,0.0137310176797228,0.012015306775384482,0.06683432794518508,0.04778410944947567,0.0,0.01541412284837259,0.021065754527932204,0.12628155261711846,0.07093840132121158,0.07988647264079221,0.05798149344435567,0.030713389368566837,0.0777396539054238,0.04125963653154093,0.018919418700571636,0.05281919851259838,0.011488015802472148,0.0,0.0,0.004779500717577878,0.014680608513459476,0.01257128700944706,0.06013176706503978,0.04922188948199408,0.06530119887051672,0.04672702702792518,0.0,0.01884169140669736,0.009180115773290032,0.03757547542473294,0.17319097847841167,0.05026664934195306,0.03847905947185343,0.0,0.011743528708280448,0.05890218929995991,0.006875782149888804,0.07891738804125287,0.036545285854482856,0.008884876666798228,0.07465973929154936,0.014698976344888861,0.0,0.007617631703750814,0.007158662038431393,0.02387474561929348,0.03743292672447647,0.007193272393977365,0.12570500320555966,0.06367052786484016,0.021602510067287965,0.06121257442421563,0.0,0.02518495270151167,0.0,0.01349486582051417,0.024687259367253408,0.0,0.0,0.05224686153710661,0.02795683693016403,0.03723624643292619,0.14784983102730226,0.008147141712379156,0.03469581494670807,0.031486859465363726,0.06699890739643136,0.11419597143642199,0.028882244330653197,0.060917264258935906,0.035872461123172,0.13688092009685332,0.0,0.012211344189746714,0.0,0.0,0.0,0.0,0.013710153808124641,0.04374471439040167,0.03722190258062052,0.053427999194564965,0.027588326131125985,0.0,0.013966591416906291,0.0,0.0,0.018293264855539337,0.02398498584419789,0.03977631008539732,0.06846123700417855,0.0,0.08591368921607107,0.022553744718900363,0.04696235523520369,0.13077642441435913,0.005700067344954103,0.014872945894463894,0.011360648147090337,0.026746772946238347,0.06248070514073169,0.08881777980109667,0.19687362772726757,0.1681686751312675,0.13438867755542924,0.02004800406644849,0.00721674320082253,0.046056291387963105,0.04237392307106682,0.06654246167393546,0.061628643337066545,0.008256707966430596,0.011053024351505455,0.01814300404732965,0.0,0.0033969286904332405,0.010988731902956947,0.05139850149100955,0.10761589655573713,0.027564234859372178,0.11105210821049642,0.010073797627049083,0.018611089335672626,0.0,0.026996885422450878,0.006397325651428616,0.007549001957282767,0.0,0.04837375376169496,0.02964402816914305,0.004790874997410644,0.006813772679727232,0.10563247301155237,0.07872284050073977,0.06296566506353532
72,0.16385238218090886,0.3146183333236168,0.1558744645812873,0.06389158732191412,0.1214131551791848,0.14806840039742655,0.4483002986143115,0.14796408634877148,0.16872557210349676,0.1454074669613667,0.21865663337496197,1.0,0.1954934383019461,0.09262667999944399,0.07568669469473524,0.01740035205625397,0.05091254510602518,0.16657571368016302,0.13532400958444132,0.13449220254151834,0.38548084501191465,0.033457140797894906,0.1215838738250383,0.22362887308309998,0.2483526939671805,0.08156248661397718,0.14878978814788307,0.34051473068167354,0.2282057789362091,0.07320008668954404,0.04351583553976017,0.07325858269086803,0.090820130432058,0.11210704764359025,0.07288039061562501,0.08088657050280526,0.03422228716969012,0.07866826401094064,0.05267529245527295,0.02742131774408463,0.10221551138159879,0.11782284135645268,0.07323075565597487,0.12468072271405438,0.11284152308697491,0.14203681128484544,0.05272284804224612,0.1802384864565975,0.10569475243840111,0.26164518250913604,0.010757714072324426,0.017452197929448618,0.013496649647053497,0.04007479272952569,0.037510795468887866,0.0,0.021514981315840814,0.0318170399421211,0.009962804562308851,0.023388828222946672,0.04275527403129437,0.03895510297733778,0.06940339804527328,0.022746802832152073,0.01877940503276546,0.03661789673919507,0.023230593974049703,0.045560565330651774,0.03286664018129359,0.0018128534410192302,0.008842991098533308,0.0471813286578833,0.024273884542018086,0.009239719850538012,0.01061346733289548,0.0,0.0041963243922422755,0.0,0.003128939866748383,0.058958902334818666,0.03082667731713225,0.03796010243818553,0.01930670562993419,0.0036492061068341105,0.027461996751563515,0.013271288110795016,0.03774061374162109,0.09509606816365004,0.06536879255174549,0.0016314685938893774,0.011786255589792165,0.009977614962472424,0.06262167595310231,0.0710659953073168,0.08641366443692097,0.18782778491200988,0.02355417841443791,0.10049562501935028,0.12079549452654587,0.027586130831720027,0.2418764365948441,0.01083124372895504,0.0,0.004029469489572581,0.0024931143655158926,0.018535059450205532,0.014945102340129572,0.025221340122126283,0.006131589653508035,0.09146794902988506,0.027659118017592167,0.015357601341087377,0.027670922634909285,0.014748677302122738,0.0681384075898448,0.24327459629259762,0.03946544855425291,0.07826417099497247,0.005695741147256051,0.017805066747629147,0.06873013067307367,0.0,0.15035665961204583,0.0178156669013523,0.022817661043635487,0.06437727739620111,0.02414182888650782,0.010452922161204949,0.009813447398172455,0.020759925725708006,0.026495333188714266,0.011313182125901017,0.062352574126377194,0.24666601145400438,0.04882113869046105,0.013699120792512542,0.013409661971449018,0.001711607101394162,0.02711272320875963,0.01880511675668433,0.0,0.04212973256427082,0.0010697798165767896,0.0,0.0738322370566313,0.0020337242334793498,0.03595474030296892,0.07723342127143637,0.003920070928640706,0.0619438115824914,0.07262846249784673,0.08624348769554743,0.14634442687622626,0.09099003365319208,0.06449182615698965,0.07940556493470667,0.061559009017204416,0.0014589119277572463,0.003729741992740338,0.0015720062272837072,0.007983053580629087,0.02926813307322744,0.0603610702431015,0.08003698955343673,0.061408220772452664,0.16265084147085596,0.04290966745464499,0.034134052955742705,0.0,0.01696514061198295,0.03716781422367859,0.022122525135471006,0.031281583992553465,0.06761476908516088,0.045752353553409966,0.13606384492661494,0.014808775889623477,0.1522537139148456,0.07033191186640102,0.06485867381304049,0.3791740454298789,0.0,0.008441910450154234,0.0,0.044266210354388366,0.03956489919796566,0.1450030951197701,0.1351711607730063,0.1942574660834224,0.19086983291547688,0.07346884678092602,0.06870002549742431,0.0031599143017353912,0.03899678494689989,0.07374130005278945,0.07296855415791483,0.031222477641916407,0.0680228481369351,0.04783782078439312,0.027418560786766348,0.04003119529239316,0.0405503831227984,0.0656023186939138,0.007027337383738794,0.041219394233370885,0.05695360210529978,0.030616430131382634,0.09364829301551907,0.0,0.09457347428670725,0.06097540521565264,0.004701305223204527,0.00616294279858637,0.009783576834476124,0.050979773804239945,0.05550987619001139,0.021646438544307527,0.035403107812709,0.05309804348170708,0.05774993720615811
81,0.034559614250041004,0.03900133987012252,0.2713746375593166,0.038855566287950685,0.11217613700787324,0.16385073295117958,0.13118099308255646,0.16020177931468568,0.1210468486451686,0.04457941739925808,0.16918833187413027,0.1954934383019461,1.0,0.08125908116110127,0.028257829311259634,0.0273801828731143,0.06374503645552695,0.2951729713573343,0.03611764227769093,0.01785948322531633,0.07079049655755909,0.005611362334128626,0.07954250491039151,0.08176260983454024,0.17620676601823657,0.007096265390362227,0.08953132065922624,0.06204645166647397,0.12722265961998522,0.035283834317927115,0.11216450149125201,0.04392551924872844,0.09705456897883555,0.08231334653632504,0.08902372679403056,0.09499607871681752,0.014103758902189473,0.0739644502678543,0.05475798716873677,0.07569346016567262,0.04566721944002485,0.12957223354367856,0.09892878137890933,0.11003122780515236,0.13237991880337263,0.08109701061192785,0.03636524601153901,0.1229449671395243,0.050070029939468685,0.3927950538135027,0.007429681692353402,0.007504584277128965,0.021527587988710566,0.015239613810983973,0.012491625181625315,0.0,0.011826159727587868,0.011017861664518836,0.0,0.004369564282612075,0.02076680811895964,0.019395402014301424,0.06049763666286584,0.0,0.016692292003278257,0.020842112127667924,0.018616890113977227,0.016219457420980462,0.0202167139557445,0.0,0.0,0.048431953183480855,0.0,0.0,0.0,0.010316835782324375,0.018300070816753014,0.0,0.0,0.023262597046885845,0.012479349474614588,0.016123107633873417,0.015238766753329858,0.0020031509319855005,0.0,0.0,0.010365043492465722,0.019195361052906833,0.07229385292500325,0.0,0.006905106995873589,0.0032929919215748463,0.22802252332414036,0.08663774346764631,0.16343794909337736,0.06823116981582751,0.04357084142162077,0.10847589586860702,0.0739139093454572,0.07852448501113911,0.1424673366377675,0.005476917511495362,0.0,0.005993447134839236,0.00367874734586465,0.0022226411381384083,0.018649240158249085,0.013007996784945214,0.004643116431214976,0.022122676469398708,0.0,0.005824633858753624,0.03245596156049031,0.010890793388441783,0.010222121674208093,0.041972769856868604,0.04022964891651589,0.027965348723686112,0.0,0.004111601631893549,0.05983648129999311,0.0046384810788001616,0.0714509494795871,0.0,0.011831539258315137,0.026401717985113454,0.03884355745323291,0.033433567867217975,0.004395648191479741,0.00443664365805291,0.041687421557414985,0.06370867712351212,0.018139497659221737,0.08928719337258051,0.05267417908157161,0.10847741437847506,0.062059176580423335,0.008442602280021689,0.0063368752284323655,0.01391917163992467,0.0035808242377724196,0.006311696850782913,0.003926227916922422,0.0,0.11218785543715254,0.00652293814519227,0.025679473180443863,0.2019592463727893,0.015146903027740704,0.033288827604158466,0.008072923374388695,0.03843608537723059,0.059415006907123126,0.07767438760889006,0.03585132923732991,0.040687011471608726,0.10682724459866393,0.017449270659344245,0.005094141960105703,0.005430982995630373,0.00630811148263438,0.0235214795762029,0.04496671733384946,0.012827774317690263,0.05437248867360729,0.07901322104991748,0.08046568359832648,0.010701582251077046,0.0,0.0,0.0026540025247876273,0.0,0.014806862286955824,0.0314024095928159,0.0,0.020093640065326174,0.005261418263673824,0.028729000890529724,0.05821182968347505,0.03733676933614887,0.04246189708167775,0.0,0.0,0.0,0.009640039693991874,0.04765345782530886,0.10650469449311029,0.28986636509941593,0.0843096647709226,0.06024691378889127,0.05623587084101968,0.03857224490998725,0.018996568310302064,0.030723333566730994,0.019012932654694135,0.06748773140493919,0.009091593215299806,0.01041421546798648,0.015321978847874035,0.0,0.005320870705844885,0.020066542309319563,0.057278919044458504,0.0,0.08640323826322041,0.0888215519293175,0.004418771125355647,0.03728082971396373,0.004059030230593114,0.03264732854603954,0.02471056119883578,0.013395827433978415,0.006184193562535636,0.03368170226201593,0.05441994842327641,0.013219947598002896,0.013490542038725035,0.060934535870935225,0.09333981290018752,0.025122551580559118
88,0.05319285362741749,0.048046522142995436,0.20681031103236547,0.04939869766129612,0.27642887815358697,0.07621280231324018,0.05405040616552977,0.13016655150805162,0.20147570388209624,0.05485406196164956,0.1901774376244528,0.09262667999944399,0.08125908116110127,0.9999999999999999,0.06275919617117424,0.010086439875457407,0.013807447824155595,0.20503403353045035,0.06128029538898419,0.042444381339670566,0.10238898425172983,0.019260936181317863,0.11072224330949876,0.06377366059157062,0.09939689947417206,0.03725585376172752,0.09685036201456636,0.012542379435412497,0.14356980873622815,0.05518072952490003,0.08656780071289989,0.07836496902692383,0.14045575784991887,0.3229272678906559,0.11674915494006965,0.20229609039139307,0.04082020338501718,0.09540279181722429,0.07274648479994393,0.0798008725942675,0.1442409614038565,0.11873537797593833,0.09612662193105095,0.15375619121541462,0.09723622751398807,0.13849532579701013,0.09496140036572491,0.10895964532880734,0.1191959075151953,0.17065910718578775,0.013443817026952553,0.005993001089629418,0.022200549558511883,0.035069432585610835,0.03552481218293277,0.004612097008814045,0.02342713172592465,0.03770835978156227,0.043029380901022894,0.00669538049679704,0.029075254998942427,0.017538122104764128,0.11196560908082713,0.018852867557576754,0.04387146675512787,0.018989935232253972,0.03369829553991838,0.04628991222030808,0.035876903121679876,0.026718797201529563,0.004172602493754331,0.034121123753872905,0.0,0.025961708028202555,0.033481180031710134,0.0,0.020812173605359693,0.01265440426253069,0.005475889800319438,0.028406453408724493,0.020252906737113437,0.07170718424639412,0.03295395342203665,0.01733673405295049,0.021605529375267076,0.007938924429706156,0.04943332068222421,0.08583189839192472,0.0212448331011993,0.0,0.008856093737204973,0.06055597937925091,0.13221267899793712,0.1606752425428881,0.10228108362774728,0.10976315207519229,0.029145864591425034,0.12440795538567094,0.08672765126656767,0.059426089704028386,0.1033360119348486,0.015179291670503695,0.012556393810440316,0.023624164246713854,0.012971176471241293,0.030063900569852905,0.009325670173369641,0.061938732305119246,0.0,0.025305647512160273,0.04151071237244103,0.027543673292326296,0.0495036994619958,0.017147303760306896,0.029179075273690472,0.08361970504660338,0.07919915464629823,0.011689256223481933,0.013810441766605255,0.031721776052232226,0.05854563814213304,0.0,0.18510447980892802,0.02111677240496867,0.044026233446388084,0.07298125258971995,0.038801360463888684,0.0055274477731477,0.0,0.02169852909154405,0.08020846215756244,0.03855693911692462,0.02616190128653218,0.10511074487652138,0.05146930958440549,0.019325694901040878,0.0622248805781117,0.005721546256884613,0.03121548023948246,0.046102995819295,0.008688125472349095,0.008090020042447348,0.0,0.013384308721286518,0.07939599356029654,0.06902781392813302,0.059764406340342864,0.13725521925128856,0.022848631203422065,0.04485232966285112,0.060557948399069875,0.15581694241221067,0.03443461947184372,0.08926810736331103,0.062002046479932585,0.0562196290781043,0.1240140386616934,0.030129589023130163,0.0485756592347617,0.017940115722418656,0.004199263672032676,0.004803769135115117,0.041863379449484595,0.09225161251508406,0.09090822208380647,0.06563571220805212,0.06979103422528897,0.010827597788016926,0.005775465112668249,0.025825642671460695,0.01747972915686752,0.0,0.0203372963641633,0.0037114710025876315,0.031428242127905834,0.06147353886081114,0.02280500885559865,0.19386984912823657,0.016534108803726286,0.13903029428029687,0.0,0.03798729286101861,0.01009070125925686,0.0214103003193282,0.06743392941867027,0.08317924611624934,0.1666926393507203,0.1350075160381783,0.15121098754613493,0.07668392131770366,0.0285185601698316,0.025166752810875253,0.025691056996598637,0.14889174799715313,0.03246989600922409,0.026278732411050186,0.02929843930860354,0.05313110312418237,0.014309234862211192,0.012495492605981252,0.025573078293520627,0.0173651423225908,0.045627666946667214,0.034240394152524695,0.1555928872602575,0.17867198697838638,0.05389434484134957,0.05065655901942674,0.0061632557655144134,0.00959036593322404,0.07460690493825385,0.032332971352744745,0.041830305065806504,0.05342482505067663,0.05539688797488199,0.026717537279472625,0.05248873713434186,0.054918662051997226,0.09794517946195354,0.056848971390211986
89,0.1017420467367078,0.04171723408573889,0.042631586633821904,0.479579390278935,0.10290916838289048,0.1423694038207774,0.03522859228832976,0.06487864513773066,0.16196938844513456,0.4489854276837839,0.057089419057824636,0.07568669469473524,0.028257829311259634,0.06275919617117424,1.0000000000000007,0.2070917461122028,0.0026372201138612464,0.07024218290127655,0.1384852638035907,0.26240981712102707,0.059898062064898214,0.292921456227448,0.031379189967054806,0.08325932786493602,0.13195250719184717,0.03735492800726413,0.06808993432756079,0.044844997933551255,0.1619872694076713,0.17320297669030668,0.051602467814080025,0.0561846010889146,0.07424394965678048,0.0436228992934847,0.017279964853215743,0.13206877234493145,0.14019270878474355,0.031181032189064085,0.012071413595452015,0.05618245469622677,0.06593166726830425,0.03742533039797153,0.030137940797390423,0.11477754759018075,0.1753911260574783,0.18543358208705263,0.1518916231340855,0.04364391444765119,0.0800713970415381,0.02904578476488025,0.3340784626717855,0.17366360263296804,0.18832675616777944,0.6597811658834614,0.6134578369497671,0.25695066261702404,0.37372739671617894,0.5337255290210502,0.2869879235770848,0.324089722118626,0.5675283928069916,0.2314198430698886,0.40485700908838346,0.39947396291527654,0.6504976072223851,0.2610171697763024,0.4836541887631458,0.5484147140280928,0.29909269872468586,0.2285039905678684,0.26646570637438016,0.14407953590097816,0.2644277558521505,0.31118334351150523,0.29481491151529254,0.2040799759678243,0.2525148229037732,0.3697708983535298,0.261239340001448,0.4016015815947765,0.28156422866148656,0.2289981545290407,0.4633307757024863,0.32951251092809836,0.43997018737108023,0.3925639088766201,0.049048117403772566,0.19520493971293967,0.23973925509514699,0.29275793520125776,0.10252375575540998,0.0555492815528629,0.03528736424932402,0.07766653505522575,0.14379267768560094,0.04416872604983642,0.17023455439027477,0.07072617472861338,0.02982168380674094,0.04737938496098063,0.026508092203308267,0.18488131195026386,0.2751167855653488,0.47216159181803447,0.3980021002423662,0.6343239753658156,0.23933133695288847,0.2304185678779429,0.14998516117085467,0.17881926565694975,0.03759535474124715,0.040136294183074836,0.3367793392729774,0.042768460344111324,0.05853099364823739,0.07094581219898131,0.0376589588060952,0.15282825466868166,0.29424725276282,0.3407264869526131,0.31231962535110286,0.3393707283744916,0.07561954559705894,0.10363342761388615,0.06651064910334846,0.2244193530591636,0.11019999756897539,0.2551460108270223,0.3343454772055015,0.363184544987919,0.2537775548415449,0.26312741136842954,0.009179368260693816,0.07905003543479384,0.010732807394827432,0.03177395291619839,0.02763848358758924,0.24816529312333865,0.4138397685637461,0.2741001239670568,0.22515036183323978,0.055653541675862755,0.3530758314351699,0.07966577696689504,0.3076214808666121,0.1361501097248388,0.4548825561528122,0.11224932756426664,0.2924042391443165,0.047528582558566485,0.033745393350955936,0.038453827481274745,0.028147919599879945,0.037889307812034416,0.03535407732054156,0.03572540111603933,0.1137581954221726,0.05146669777839879,0.008121901475569425,0.02034968295560676,0.014808516139265225,0.0414949098110302,0.019607329471999457,0.045404065497350946,0.019021065972078848,0.02650762983397851,0.2691199438113499,0.27040153836038,0.19539651123560844,0.20681018789256211,0.025645949934683953,0.013656202967158285,0.006290820780497554,0.10100186360739802,0.0642003764640432,0.10037883697915667,0.1114717306053162,0.04256179553859792,0.2502075327245227,0.059371960954781644,0.0822239309956428,0.34445801092784745,0.24152155092251656,0.15215816569830493,0.06526321562161347,0.09431795188632537,0.09649419403705113,0.1528709935137533,0.03802581438620928,0.07337332493986556,0.0384657221986962,0.0011590098207062815,0.052152298401879606,0.04863766363001853,0.2740889538824383,0.062175009304824246,0.19532369165448424,0.07086497612101647,0.009803427113435417,0.03345531341251585,0.01245497755232578,0.003822462203626044,0.06804231217498945,0.07771904086595083,0.11409996756900838,0.18132624312863024,0.03601867793875608,0.03343467189834612,0.16712557245525855,0.10306941536562657,0.045482290126610495,0.14439696716790057,0.05779340201579358,0.30550281957524783,0.2190901560601298,0.03434651667898927,0.03818503407728791,0.2795137199118721,0.11553131617356713,0.23334014969426656
97,0.025985034622593266,0.01628927576044442,0.043619350762652685,0.2811887058576068,0.023858003775810856,0.1593281942608271,0.04433137771263125,0.06717431718156155,0.08306835952240708,0.2711361371507166,0.0435846170242655,0.01740035205625397,0.0273801828731143,0.010086439875457407,0.2070917461122028,1.0,0.0,0.035620291442249596,0.07968754082878746,0.14004952609730742,0.017489591129142976,0.06916054655106242,0.013840255058065147,0.0653232530621432,0.07285674325997078,0.0,0.025564032228379097,0.015280435450771908,0.05366775625773695,0.040876768687002296,0.041516935804903454,0.006141700322286168,0.031702326055223835,0.021279004701695914,0.0,0.05366752231441081,0.05185983419331658,0.02343785736624207,0.04287534573285729,0.004174322557077722,0.040455553014602894,0.0,0.006104390139754101,0.07377303865457353,0.10809712092761635,0.06600394523636409,0.03014577513043131,0.01688778262939705,0.031511455217865955,0.015643340993238053,0.17808953330622435,0.09481337580774729,0.09109070953714353,0.23983272392893798,0.21861330968721204,0.09699980582994325,0.1966798801802173,0.2670439793011497,0.07421312187759456,0.197744753775559,0.23287444528092066,0.16291352666076644,0.24265275580914056,0.11275114504591541,0.26394745259043084,0.21115983687531398,0.23466196905497627,0.16326900951108106,0.1443187801706698,0.13242035261461976,0.10748558961278543,0.10193054069022357,0.08578293541164378,0.0631408508060032,0.07458381962077064,0.027317130560527442,0.06018895121808924,0.09995151335693171,0.04088293707393065,0.05317411562481786,0.0925870771659368,0.1322508912870586,0.13600931243654335,0.08917155737619133,0.11458994755096796,0.1985245778415476,0.020374930267884207,0.023909212335831657,0.07769267405323872,0.05177411008958513,0.006117542484653054,0.027138209690733578,0.010587182903869346,0.039655755558253264,0.09528717279244225,0.040466115164181395,0.10254089873394835,0.02191798414015427,0.01194424683471584,0.09178221227695456,0.0,0.06433354531181022,0.045408048612410934,0.10306638382031501,0.0792751002184582,0.18392228434479618,0.04384720733030666,0.071658062455716,0.012250391427225964,0.05615820560470018,0.0,0.008234970322861156,0.07949150830576576,0.010966938163280203,0.055862609314567636,0.008901184119632555,0.02516372489802461,0.061391992006191394,0.12194562110004248,0.14129366118713463,0.07859595817097385,0.13899132000830844,0.0755674008955452,0.006967289036230571,0.0,0.09756035431976776,0.02417975751106694,0.10391563495773225,0.06312897059670501,0.06870441566633845,0.12546492814928276,0.19790509667298883,0.021338909420945008,0.032450181927674966,0.004331969106203058,0.014276243916226849,0.0254546560029267,0.07483658003898619,0.16552189712979803,0.06854322475533209,0.04544381399796399,0.042607195237405665,0.06531191879436946,0.0,0.18116613231969508,0.0485953503607043,0.22021292417127578,0.028009963417999002,0.10761049121624001,0.03023858086098464,0.009611722259175476,0.03491108364462063,0.042621334833668686,0.007669617673577235,0.03575701454872496,0.0430033206046127,0.02011627380942775,0.0,0.0,0.004396873719346857,0.0,0.0,0.0,0.01724040507138932,0.017900669620526985,0.0,0.26069455256746515,0.05420982360200399,0.023998603815464738,0.04732053859248925,0.00274758511608224,0.008483649270368472,0.007104811188759469,0.051962213545759355,0.014166159258616595,0.033888272600005626,0.012213113154484565,0.0,0.058159722285155604,0.014899852872297711,0.03441350943824405,0.09426108294229002,0.06449655134402972,0.0071393089545533596,0.013237326330493626,0.040609073600382975,0.03570347765894197,0.1400391201128756,0.0,0.01983832069979785,0.02737656244851802,0.0,0.005872119810870272,0.0,0.10549830000204558,0.08481116796763744,0.06775381856940019,0.02969661868227686,0.0,0.010682337707723004,0.0,0.0,0.03607797860615917,0.04095080875244073,0.024805497112356946,0.08968515773219506,0.008651126330901131,0.008569066106497486,0.061941211946401335,0.0857399107174362,0.00962644192617515,0.07592165911303835,0.0066323325425104145,0.4356598895126442,0.19225254395775956,0.022116157788352298,0.025860180731557058,0.16662797189758943,0.10119832221923158,0.12741242776783496
152,0.03812936325372768,0.031963559687917954,0.04369123089296481,0.006456193388150123,0.019505344709175497,0.01507643646101958,0.0,0.035714862790670564,0.0758914709599339,0.015941731411345084,0.055809753216564055,0.05091254510602518,0.06374503645552695,0.013807447824155595,0.0026372201138612464,0.0,0.9999999999999998,0.14627760345647922,0.010829735689737914,0.011946763640010788,0.07779877946213068,0.008357460239308608,0.3085948973231285,0.05988733733310689,0.056960814965497625,0.04319541162826486,0.05166400807263891,0.04120293758312948,0.08482629893530783,0.007703586866267701,0.02293223751998928,0.04783230536418938,0.013823604049462564,0.06094873291544329,0.04697331099719568,0.0062922669835785115,0.005504246591428695,0.021787428612698466,0.06560118075577105,0.05473844773809764,0.04227809083994923,0.03498659692615624,0.135774272666662,0.12363517685363398,0.013585264532100006,0.014842681510296486,0.03649041072271159,0.12620648708250157,0.06739822399316925,0.08683758445870862,0.0,0.0,0.0,0.0,0.0,0.0,0.0,0.0,0.0,0.0036135508012648428,0.0,0.0,0.014771272847663445,0.0,0.0,0.004187109516240845,0.0,0.0030031846439850327,0.0,0.0,0.0,0.024902347241668295,0.0,0.0,0.0,0.01276865784683429,0.0,0.0,0.0,0.010793253173093967,0.008702621187927171,0.0,0.0020447130394197137,0.0034220648407114335,0.0,0.0,0.009213401819368345,0.04878463311396641,0.013142568636467362,0.005374839310415352,0.010452143481144833,0.008457787183991764,0.09689927124623363,0.012307572115485403,0.0031973866415671375,0.04221422193835493,0.004441242953698052,0.02119637634056298,0.11660107223518781,0.059098487712565026,0.04242748989848993,0.0,0.0,0.004474656208208701,0.0,0.0,0.0,0.012190786518105986,0.0,0.012205103418334301,0.019378463275291694,0.007821617890624346,0.008174701703229877,0.01821745023087226,0.04745838180321969,0.023760803991895743,0.039668249160003534,0.031953638907416676,0.0,0.0,0.01039801013374965,0.0,0.03131704256033816,0.0,0.01816988107067763,0.037688841398912945,0.004691350873044714,0.0,0.0,0.0,0.0,0.019070838185769757,0.1005666742994604,0.05444520891401087,0.1061365419789383,0.06361082052168271,0.0031814858184878573,0.0,0.004258858724806392,0.0,0.00939789015884861,0.02501960375930145,0.0,0.013273525284513804,0.04252120940823263,0.018753788774602074,0.012666843814406616,0.0416404653559847,0.0,0.0567398168814377,0.1116909278575821,0.023638655690429673,0.014392700659182509,0.018482215804549517,0.013671269762767045,0.02008831170653047,0.02143037394720009,0.0,0.03522893136371592,0.012444283936029919,0.052492245197872364,0.05363636539152332,0.14492911085438073,0.014120780223081077,0.05564051689233272,0.07721810227926869,0.0,0.0,0.0,0.0,0.10952982978756488,0.09587886006323211,0.32722769871013024,0.05141546723573501,0.0,0.07042622922988945,0.01668203448865426,0.03892535396726679,0.012969792061384154,0.07356022365949834,0.011627448999998976,0.0,0.0,0.0,0.01163175670674345,0.02849553700808838,0.0218964732728743,0.0378033559575545,0.04627267814005672,0.05772439434215797,0.10015095673729066,0.2438813258989172,0.005221164508959078,0.03928617468841718,0.012473743068831568,0.016096128814728383,0.0,0.027162105420439772,0.09065154691002816,0.041356059831788874,0.09459407633438847,0.13464444460223624,0.034700993274393785,0.004531410794896789,0.0,0.0163100220471531,0.0,0.13904826312572366,0.0,0.04234391382011267,0.005573957977259071,0.0,0.01206288923112695,0.008531915797465052,0.0,0.027979668987337603,0.017033858500205012,0.0,0.04778737638464534,0.0
154,0.09501781093913736,0.03927963850000767,0.25548772970898204,0.043330687943584294,0.16372765501596087,0.16611265437510062,0.14352970181796562,0.13559738615668535,0.37984075417024693,0.07213887641181752,0.17012193954103885,0.16657571368016302,0.2951729713573343,0.20503403353045035,0.07024218290127655,0.035620291442249596,0.14627760345647922,1.0000000000000004,0.07622219476696454,0.056920270661893486,0.22315880504422145,0.009944081371080266,0.21840841215556894,0.12241083828931655,0.29729722443596807,0.00925544821004666,0.19341983187852724,0.060111536906939315,0.3948501010650746,0.07317344714263156,0.22684370079380892,0.12799640771600002,0.3813427092045243,0.31988514072337626,0.2775459274554969,0.3023057259446764,0.06751934529575769,0.2531328480740452,0.19098618312225418,0.2721650144450124,0.19199435096497786,0.32313301594733573,0.29569653075669655,0.3675622776834539,0.2618393195546237,0.3057297723936822,0.11743380428158978,0.17917884348916888,0.2363923107025141,0.25546442239700956,0.007812421571882014,0.01678038560786191,0.03577266688189376,0.0389700365591142,0.027775202072974136,0.0,0.015865668084453433,0.026081718226233147,0.01119578668350596,0.005647074794945285,0.02909166362481177,0.019784894817795697,0.1168787471433935,0.010867779852225215,0.034143153407654094,0.029590233871467714,0.03695044491375582,0.03312812471355545,0.029054838279923653,0.006815868761471136,0.01126174770484117,0.0891508253967066,0.0024004709556794844,0.007069986631628899,0.011776516006678369,0.009382261644916562,0.025215460445884096,0.0011216899634274348,0.006135595695143315,0.02491543804230524,0.03207164409025061,0.11048580082314433,0.03553894754112089,0.010947810910583633,0.01314438421348203,0.018967742610495088,0.05653228253901534,0.08188243369114993,0.04184579959500862,0.0,0.02651716629493341,0.07612633539840771,0.44000569529080114,0.32547170533539027,0.2610424437668021,0.2610738649952099,0.1130970848125319,0.15148170789978743,0.281958459397557,0.23467794088119856,0.24905174628225768,0.004883048139237858,0.008383569083269402,0.01181352204898278,0.011329951619309643,0.01843665403302854,0.01431502542933943,0.05509014425166816,0.016754966906217653,0.0715512194971546,0.022510864950518888,0.018097020024487216,0.07119743913841706,0.015788201404627056,0.04657149762672022,0.19371671736279852,0.08866304263036935,0.02995508480918109,0.007602000400849964,0.014389665471063469,0.06597380973162399,0.0016623588346149107,0.28519406668280933,0.02433213638028778,0.04784582713938739,0.08938331218310522,0.04329758650890836,0.010586582686057985,0.006517250292905869,0.02359379621278807,0.09978064352040528,0.042451197254318465,0.1283010063858758,0.18835758799400956,0.19548367919543638,0.27153986802685376,0.22128331212150817,0.008376805829963984,0.03300041570748799,0.01922517061614667,0.0030417989515981246,0.07173646434885278,0.008920084801057548,0.011630281190183393,0.14526608176283862,0.02742309932354876,0.02630026017991274,0.22945997989782266,0.01824463842319858,0.06415918015442547,0.07486914640100623,0.23183904745107775,0.2175832309079621,0.16671101397487065,0.10401896597912794,0.11635117273731557,0.24353223941485633,0.0377834757635837,0.02821997197690921,0.028008723206807577,0.018310841936929778,0.05856344412052984,0.13610636487593059,0.12239168413031433,0.26205235438046875,0.14018650167371102,0.13155823424600369,0.02290800907458311,0.001741937353739574,0.009650035243693473,0.03873630949882775,0.03080926558249633,0.05501146230598925,0.02473188286650027,0.02738687051019458,0.10896991430804415,0.03991146569064841,0.2234620776963766,0.02721098642500424,0.15502890346486403,0.04983755611184841,0.007784150986914221,0.0041289993821717625,0.009673843632946506,0.06303782136167545,0.17248291616036027,0.30823248663791913,0.3211261162588493,0.08472113588965229,0.047182162484377836,0.14524603698523614,0.1605763957018787,0.04200994145682536,0.25306263273804513,0.07550039439733741,0.05861282907313014,0.044603260473671594,0.04036482439585728,0.01788952842797375,0.006468730384142933,0.02320079316126027,0.05611711893178385,0.18800366134966867,0.06420115824045819,0.1763236615325134,0.24197078031375563,0.06962245984386,0.11761710767367758,0.004993797932470748,0.03851252294537353,0.07622868422101596,0.05920654635625357,0.02554107734614652,0.05869487231269263,0.11539830248007395,0.021743513382139822,0.03771307158357958,0.06418827272058877,0.2001729791129448,0.1155135049193293
155,0.07243886892466145,0.12069744070686968,0.045829781395329866,0.14473267509810903,0.02710661513164917,0.08130820613318157,0.04516285790392736,0.08078918939286941,0.12376859445995866,0.2565760896162174,0.12236251832423303,0.13532400958444132,0.03611764227769093,0.06128029538898419,0.1384852638035907,0.07968754082878746,0.010829735689737914,0.07622219476696454,0.9999999999999999,0.20075963147835502,0.08267337306162667,0.1139622464638923,0.03523340742778408,0.056188930685465696,0.05929877865635685,0.05646708700790444,0.04993594950903547,0.08209658972616718,0.0888384583977401,0.06121736789638351,0.011181495661487567,0.018395794730584187,0.050722976308231096,0.10248333170729129,0.022923688506016,0.06184707156648353,0.06454239255727444,0.011134881374990316,0.0048688682754368905,0.01052288477825597,0.051180284141325354,0.0,0.009069372048287163,0.0731985284382719,0.044066797208115266,0.1137259822043194,0.06051710221567785,0.04143123683514491,0.047475988878175404,0.033750719048813,0.10425712774640035,0.10619058510360002,0.09021800014231518,0.13850199017918488,0.15063313445679907,0.04695464614674208,0.09889280635002473,0.12810213695206268,0.03815767023573732,0.106937625457584,0.1423498339970788,0.14205394706326124,0.11616347871946678,0.14945277735944543,0.10821127715827988,0.1239832301975894,0.16536164839933218,0.16606334459983055,0.16021521572098754,0.06074907934860029,0.020102142925933746,0.11707477982131294,0.008545772404413227,0.07021930745582605,0.07971698217267276,0.05919306806981236,0.03228826048891427,0.05056673851552978,0.04297450181362195,0.10199886984774745,0.12778278493843717,0.06872384205320889,0.0785185601214006,0.021036337593029586,0.14293222246874462,0.06895943281672473,0.015826940589351343,0.0489735256199854,0.07964997755955237,0.013828789343685331,0.0479187739396849,0.03131798940001552,0.02369585903019534,0.03092708389090376,0.03406770487567057,0.0878080521801739,0.01935281160098683,0.013072754359394704,0.021389931154868425,0.0,0.028801398577998204,0.0889235117034136,0.02009589658890737,0.036970294013960237,0.027788306301032625,0.09062990416396997,0.06264752742874005,0.05303447328667805,0.021179931184478272,0.06756696729488523,0.005346442543507875,0.01748068101401396,0.026483103883468914,0.01464644390813405,0.022146195900702766,0.1351435796256822,0.01523965641654033,0.052744553836207596,0.033837236859062134,0.12920324638554345,0.025530944773983513,0.025725966760698146,0.09009757002205426,0.030559710629764463,0.03606245289203251,0.1378301699993213,0.05363153732665661,0.03570916710139645,0.03242644729770602,0.09612266693600985,0.040958923494881894,0.042205446339489555,0.011508158233263933,0.09606025940107299,0.00966157212456804,0.007843388020900703,0.030322083269629225,0.009600239025127683,0.08130517078916043,0.04551525094119626,0.010402557161328957,0.01858859613009687,0.024317303677284255,0.023093710410466727,0.04781604517573373,0.019920595545047777,0.1316326153143801,0.03601807007247176,0.0,0.029373200447972567,0.015313981725796285,0.02401364824281082,0.08974693360811689,0.052643351914741204,0.00949786548399885,0.017766997443177106,0.02604252011952101,0.005709976624617132,0.005170487065163288,0.007751510470002069,0.005655420933788853,0.005896542951481977,0.00950595729174962,0.043022692389244305,0.01587351463352946,0.02048114079296737,0.07365727455203158,0.08750395006777403,0.027485437675313966,0.06662962552088879,0.01207822718583009,0.0038570856095381306,0.0,0.016925882561835047,0.11078899876885275,0.1270960526268029,0.06786998643831363,0.06402591689951002,0.12146286755517424,0.019843908552869875,0.21359694822804495,0.027956895653600468,0.04326421701886003,0.02593563811907127,0.021463578830315487,0.01564059462194227,0.05624171464361094,0.06955319594270656,0.046716883859358335,0.026559814254821727,0.005222864576320903,0.005184353052282111,0.012433748619568502,0.03084641959391374,0.13582628556641954,0.08438691059672887,0.03477910246404209,0.047664680184118444,0.014520691635984264,0.005448971242307428,0.0,0.01415542147323964,0.09099830928885053,0.03398845996584821,0.05768853117870554,0.035115545947958196,0.006822040364599648,0.03488678888583233,0.01612211690615307,0.07485582467252942,0.012779345298840988,0.03592976711994162,0.0033575098976824907,0.05527992525180571,0.0740083080328793,0.030819879927286666,0.06942079560781554,0.10905650371360451,0.02495539122888583,0.013417162137987564
157,0.09126831295035279,0.13616712466086472,0.02697056523654012,0.25320740686986726,0.062126930024244964,0.04633519401039881,0.05659364201170549,0.03065428792733615,0.10940840770860961,0.38986558996152587,0.06134326104486462,0.13449220254151834,0.01785948322531633,0.042444381339670566,0.26240981712102707,0.14004952609730742,0.011946763640010788,0.056920270661893486,0.20075963147835502,0.9999999999999996,0.08687108035424039,0.18276799708692731,0.06418060696034782,0.06266959223030444,0.05292130231185277,0.09069492868907594,0.043767584373250706,0.1334879920268061,0.09712481695554843,0.04886079939265982,0.01446983059074414,0.03739841940212815,0.05138231096321767,0.019476512988119962,0.011022171191457156,0.06933317321151677,0.037820782063680954,0.020142282571654672,0.02509412971207977,0.016613454278136503,0.07578701496925871,0.011970720997388024,0.010894741352271536,0.12839382156277362,0.096124799723041,0.0775716937216963,0.0764519607708929,0.033344022302328274,0.10270885784980313,0.023117080755421557,0.280186694960216,0.24025513611316987,0.3612666422093295,0.28324995452079665,0.3012233675739376,0.11502476546530808,0.19292375667743797,0.30958143422678713,0.10242996676606213,0.2304878275924075,0.325923325870024,0.16057686719406633,0.1621176438290241,0.24720643608554976,0.23089132643777696,0.22662495235731597,0.22600424496064478,0.2741107022720413,0.15868632144301364,0.14310628593446617,0.22069862308241756,0.09529152512145318,0.12486147906645555,0.1251565339840461,0.1464299562521342,0.07529846012447766,0.06486581315013004,0.13563698794777207,0.15657179103887697,0.15329575637500367,0.21597745533243115,0.1693428812381763,0.1527231088629643,0.08695095664732115,0.2602457861075895,0.16143804336741496,0.017195736126621286,0.12577098237323903,0.12009351323335654,0.046911765101291025,0.029386234344782523,0.02481923693918657,0.024543391343625945,0.03775500940161466,0.054584163793357586,0.04992933362134111,0.03362054507912866,0.03488752061822041,0.03774134947559399,0.03425258561499166,0.040154134248298876,0.17667070048732714,0.0936073208942016,0.1494994895147333,0.09594591374581257,0.19004603551448004,0.21878389256193412,0.15067164864477,0.06646608176895002,0.08545414067096797,0.026577042408735582,0.006517966864068196,0.09371284657517548,0.01221899870160302,0.03429068654280924,0.10636939882656285,0.03793299664485163,0.08410577851196904,0.12478221981289167,0.14551121557235874,0.09217089627534185,0.10283648388539439,0.07556982184864107,0.039673449998347494,0.011974560474812854,0.11467966773392996,0.04224155406056955,0.057716710521125605,0.0830617282081427,0.18953640661514579,0.07403518277803965,0.06788028132394812,0.03488861509590043,0.11229623693454746,0.037306027403951156,0.019401220775167757,0.009243185674480658,0.08974650365477825,0.12326270719049753,0.06231359243067144,0.05732938655449926,0.0492460442267681,0.07838346973407212,0.023340320505992482,0.12250222198194471,0.038549422673757675,0.2528152604942502,0.03499918288983128,0.06528241349068596,0.097151038379253,0.05961277614509559,0.024195123019070675,0.06072385045576464,0.037214702868120196,0.03678806617326387,0.06339066592427352,0.037179702546051185,0.023865782366226364,0.0020673507572529287,0.006809044437601898,0.00295878755079629,0.04720564647807737,0.017163087919895032,0.03503866083004244,0.010930612146592382,0.054226945436252304,0.16312861368507306,0.16170361765608465,0.08999589439132843,0.25027750792520537,0.06621938604136071,0.02228052559396783,0.018750351984461643,0.08477220779040975,0.15017103832203832,0.1726392122484004,0.1137150824466311,0.02673454826735136,0.08917499774072142,0.04266441443238925,0.14502239681006654,0.10508415945670092,0.16599255141241145,0.03145353025458507,0.05371242938632769,0.036264225686422735,0.06575008644199293,0.14128299756650892,0.03649609088772027,0.06129938247673756,0.04236340861537972,0.05588141002797372,0.022637362567710973,0.010802496138719284,0.0797137034116983,0.15382499768879093,0.03697465921518124,0.10286811932828568,0.021793952931679947,0.05160264000390428,0.050579433482526054,0.038808976684383774,0.038044148218734766,0.03472596365936178,0.049248900253370746,0.06780318569540023,0.039651696918508186,0.08617006913015895,0.07188901704692695,0.139724874334359,0.025432060255971715,0.1263340122893105,0.03488611583509586,0.11746714120991053,0.14509462064994227,0.07833426789426316,0.10456077238157134,0.07181674498532242,0.017252420139486677,0.029279588375036456
159,0.10093780944631155,0.26120693087141944,0.07848906938910505,0.02759649205012643,0.07617387342936881,0.08517352870860326,0.3267288216616783,0.0599739160718631,0.1707354159765895,0.07328673348998957,0.11595718922561948,0.38548084501191465,0.07079049655755909,0.10238898425172983,0.059898062064898214,0.017489591129142976,0.07779877946213068,0.22315880504422145,0.08267337306162667,0.08687108035424039,1.0,0.004686335481081758,0.16442905636707467,0.15733920353991424,0.25043872372989984,0.04536725215332614,0.12378371637363493,0.16698307509417368,0.14084357191368826,0.01080158761563828,0.0900506217325615,0.06876553575492136,0.10836432725929658,0.1751270541413703,0.08469316040712829,0.11477751284067214,0.06702241621751572,0.1314462915868533,0.08642014086200836,0.09476698123265057,0.12115376733311667,0.1483715074414739,0.09089204609224727,0.21466608115156705,0.1149606616766329,0.1927102684058522,0.08382794536979268,0.13835815848971322,0.1857179676147207,0.0753029811272765,0.00121089156653292,0.005124190591264361,0.007663666417923979,0.015337400066514947,0.019789415506881368,0.0,0.009803744071499264,0.01948009848248632,0.007226208602224963,0.00717578415559845,0.01962785367379811,0.0,0.0605962656477954,0.0,0.01823348049040775,0.01585350038480241,0.016278924055574035,0.023061650043152193,0.0072248038519021505,0.0,0.0,0.05108270252368147,0.0037468615136584155,0.006589081458647203,0.0,0.0038982836291206312,0.0196553439248534,0.014277619461250066,0.0,0.0027702989577738945,0.031764160028081245,0.025229111910286133,0.044913484218696016,0.00912439650141753,0.004270123384719678,0.006337341444935744,0.05978859409879731,0.06206430309998338,0.037473143472781814,0.0,0.03209543347732825,0.09866301744444037,0.08786131019137833,0.163923649219491,0.10338732330663705,0.3836801402056009,0.021639437487405114,0.08643940092749168,0.2207396397098054,0.0785445705606082,0.36945871737359953,0.009170294228951138,0.003557883606776323,0.0068462208847279524,0.010257039993316598,0.018374147038521707,0.0026650974781503092,0.021684340609769835,0.03443567063032387,0.08974746945216558,0.03270640606873327,0.016287355363728506,0.07669273884937342,0.01868950783888478,0.0697629299972537,0.20606023170984028,0.03354576385208411,0.056693368636285574,0.018118487377703444,0.008407522305667213,0.021140005327054297,0.0,0.13905211232905326,0.04011826198051744,0.03801895305433743,0.0429166665980397,0.06339985812303484,0.021365126180725648,0.0,0.012239869705473331,0.038804152903890846,0.0194591115743355,0.07993902723974203,0.3404625546789438,0.1266922669722933,0.11645997169627115,0.14582156089379344,0.006466247137231104,0.018361238031399343,0.03488610969518315,0.011359087631723322,0.050411717742840145,0.0019768710217871496,0.02182740569259806,0.07126706432174251,0.00748703305680328,0.00934232053636,0.08140744505165962,0.01869899417555307,0.07231921305775985,0.06617412708475266,0.08669583686800507,0.2146181090614028,0.1327045278321125,0.06570373082197005,0.09677362956289688,0.08818880625420722,0.02185144343524183,0.014586683955751646,0.011322130843774144,0.022895657077542646,0.04728169036331145,0.1305113164826458,0.17050467599999175,0.19207296726777792,0.13810903376846756,0.059379143987574476,0.03168278135826168,0.0036760731278476177,0.003289591201749408,0.043644722953808245,0.044735826413563363,0.02215602587813672,0.035170872175364305,0.034113977790939,0.15444841697101716,0.04542735133232708,0.10821691161150296,0.036424401157945374,0.16181122905633064,0.18981849952830449,0.0165985228186069,0.0032435649392845178,0.014535899974190799,0.037141226082759986,0.08641519736849157,0.15130680295051946,0.08181392838014058,0.09129857649322558,0.08426093407483534,0.13393573302096962,0.045634515525197254,0.014119283251147157,0.10681984894223395,0.025651338889551765,0.06399379268009808,0.06190259480230954,0.11302211687953181,0.03970028251431044,0.041847540794109656,0.05766512760541863,0.04005849926841233,0.10117820453592881,0.0579688414597371,0.044660277407088396,0.0695893648386557,0.08069307282104611,0.0996161168409915,0.0,0.04458515485878165,0.1967653161861778,0.00796673556090027,0.023623211534301844,0.02421590040304569,0.021504390380134093,0.06148485062477587,0.04261477684405805,0.02225722352894982,0.06530862926649994,0.012657176319898863
161,0.04068321231704935,0.013478898972545006,0.008974076803078688,0.20101988191867637,0.025502009982315183,0.006194885183838739,0.0,0.020526390737407557,0.06108932423392854,0.1968443455033836,0.0357912850399853,0.033457140797894906,0.005611362334128626,0.019260936181317863,0.292921456227448,0.06916054655106242,0.008357460239308608,0.009944081371080266,0.1139622464638923,0.18276799708692731,0.004686335481081758,1.0,0.012493817763825207,0.0077949830273198,0.02012457496789933,0.0354175956581137,0.029756711319123406,0.04735184768955733,0.05770016961698,0.12916781736196392,0.0,0.027915671091913313,0.020354822079472003,0.010145739204728351,0.003948185220886966,0.0062578606023624885,0.053605415813742376,0.0,0.0,0.0,0.006799111573620712,0.0,0.005559955422389418,0.01763427560437056,0.029986635501824545,0.0484239887663236,0.025266779785561896,0.006199319273791231,0.01631641078352266,0.012371106566302652,0.19818761692411074,0.2009022986087509,0.11175841491571681,0.37436406723981636,0.34920591154932956,0.1686585910709723,0.1771317254264537,0.30083268366981736,0.1262927671785801,0.23200529824407243,0.32093429537130364,0.12131240488834552,0.12318453886669214,0.2791966128593538,0.30456155479129204,0.14938754872740143,0.2455182326602932,0.31659976638648696,0.16540250720352492,0.13300593592178864,0.16906066694150348,0.1132251633023454,0.1488800735862206,0.16778965856728736,0.18958303321502348,0.1521614318709236,0.11140474280763916,0.2076795630332757,0.2563391652673118,0.26029434760313364,0.21817161080532896,0.1126207336626325,0.2569248458050775,0.12195353825954446,0.2665300059591942,0.22387368995897233,0.011986209709866186,0.10002244250548942,0.1448298396111866,0.25888935256839596,0.052478802908035395,0.021160533496227422,0.002422234885504148,0.002498162916547066,0.0,0.0,0.021600918804853885,0.004879994879608542,0.0,0.003234018757008227,0.0031856345391651545,0.14683104030098387,0.2762170797013844,0.25180281822227313,0.1826281849434918,0.309405834497186,0.22654804374431312,0.15388734061417528,0.07456561374054989,0.06967058545942281,0.031364627367343995,0.00753399912779802,0.12312785061324538,0.004706964725995418,0.018110836426984314,0.026514873243364902,0.0051923308809870995,0.07337292466189475,0.14629938244624927,0.14680435552301715,0.04403717350659336,0.20242372899921943,0.009698370278278383,0.04437539752125374,0.03977385880143779,0.12012245685367666,0.03370468025750485,0.08175135233757613,0.2684410313355904,0.19514683091770602,0.031234001267451326,0.06605030412581009,0.0,0.010143799060978537,0.009148123626629168,0.0,0.0,0.1883389444502194,0.22237422944222854,0.09372081270748309,0.09612202471151896,0.015846406181462633,0.17559703555453351,0.05169609188572193,0.04498881545349032,0.06255935785260684,0.3596620542362111,0.0049644056326489635,0.07741197926847303,0.01895295774296419,0.0,0.0,0.0046890444493008785,0.0,0.006734199187949898,0.0031826035729359725,0.0,0.0,0.004896364033636616,0.0,0.0,0.0,0.0,0.0,0.0,0.006221862933140795,0.08514617538993045,0.20167957539572148,0.10856817265469287,0.12223750326959719,0.010292061055262362,0.0,0.0,0.036615637064327015,0.024833067402503874,0.0281788647631456,0.07122734273585536,0.0,0.15823764803931065,0.007085316890271024,0.019593045234786464,0.16390988457763422,0.27709911831991885,0.03323177221790312,0.009466916146757001,0.0,0.011528614117280147,0.01669487308072211,0.0065378026561772416,0.0228352169099642,0.006784552311382288,0.0,0.07314767664705299,0.0,0.09820024582059915,0.045412072748182264,0.05228749021888478,0.010620238118107497,0.0,0.005641248768011879,0.0,0.0,0.02041247615371164,0.07111739099207388,0.0,0.018165564898403604,0.012462934178865247,0.0075603802509737125,0.03769123596307129,0.059166185058656146,0.004378006868647327,0.07625111882134916,0.024534533758944113,0.07404530103303127,0.04323067630753152,0.004126036849109124,0.004373593882040231,0.0747349468712569,0.008864209798660067,0.00759600468231544
163,0.07089719439653813,0.04446431050946345,0.06297544414813037,0.006179555655410356,0.10863388713804988,0.04240567890500285,0.07083992527729734,0.02879550280062199,0.1246007054533254,0.03704208985048252,0.09273981682678765,0.1215838738250383,0.07954250491039151,0.11072224330949876,0.031379189967054806,0.013840255058065147,0.3085948973231285,0.21840841215556894,0.03523340742778408,0.06418060696034782,0.16442905636707467,0.012493817763825207,1.0,0.08175726264771908,0.12855375545059924,0.20575785623294107,0.0931613293014326,0.07069018336513878,0.13902281414880868,0.010209453521446702,0.1286502750926451,0.12977432677762285,0.08830341964386167,0.10498525981330754,0.13245588570918174,0.1046666743999979,0.03437112987037459,0.016693486658272673,0.2606436972357189,0.05534952098571914,0.1878017178627023,0.09983220797433665,0.20221267237442334,0.3652745053068132,0.11762244128950101,0.0864155677126241,0.11717437515144798,0.1017688855444032,0.1855462611679371,0.08829061446510543,0.0,0.00812991146860137,0.006477326600520064,0.007183090714663413,0.012012259474561252,0.0,0.004253097367816833,0.010105435072637867,0.0,0.0,0.008985249227283745,0.016513308309692765,0.05358107351092413,0.0016944585507637799,0.020429118244274857,0.0021974931490163245,0.010491190196637013,0.013542712572070605,0.004060570607830785,0.0035519614492820544,0.002159287876224959,0.03446996945695728,0.0,0.002077323224560719,0.0,0.0,0.010871514129053223,0.0,0.0,0.004677486318946369,0.007443076824696319,0.02077181128593339,0.023943589010399127,0.010914336741712024,0.003062918242449809,0.005109498273509439,0.06419962737124386,0.05318677172386571,0.04065411626171672,0.0,0.006298309902318869,0.058434496225231114,0.12466169393662835,0.12822856107268496,0.0586839081830821,0.13297221138384888,0.02483672893837542,0.05371967048777549,0.2010970715909818,0.09284777170356613,0.10797907116588959,0.0061738540297704625,0.0,0.005362820655655403,0.006024626932024468,0.006041188141523834,0.002438947782818317,0.02795336599715281,0.013672573208357372,0.04341403995999432,0.014450757158506706,0.018005091818073898,0.0328636206434294,0.02828015799758248,0.030487919868471037,0.15191202717105556,0.05328683019313303,0.03512956403647876,0.00725630173679895,0.006442621611191135,0.020685230792682363,0.0,0.13828084982265182,0.03650646445217297,0.0193629304362709,0.026486196947537188,0.020424182158246172,0.00999218078390749,0.0,0.018302168519684157,0.003169057354583016,0.005591716986139356,0.32402769499666073,0.22491259989984225,0.1893817312771374,0.08626867358460531,0.037244257829521926,0.005804988713541546,0.01397209724525135,0.006928687984556883,0.00525185806770233,0.03850801592920533,0.002349578812896259,0.013196103891671132,0.0341115621380557,0.017783770006087805,0.008108451245728012,0.04205562052440706,0.009204936023299061,0.3039577184986617,0.2917957719538706,0.17612080691159893,0.11738263684100998,0.03193566087722373,0.12520286731988406,0.2669811931007555,0.05666237031971883,0.02286643630862221,0.029261410241789916,0.012845331760732936,0.12163963117253947,0.07481217684363616,0.21153407027367094,0.18231088575513651,0.11076130330535792,0.37440576354427885,0.07017650221089679,0.0023257545784646965,0.0,0.0,0.2597198339530988,0.17029047127156383,0.16589702073813004,0.09604649143097842,0.12218133855083779,0.33648577238333116,0.036171830513054816,0.056233292962403106,0.016322966729605523,0.13747108901604416,0.048127560676349074,0.0030171224140557455,0.009052758421371593,0.009076884419719163,0.04840466109549938,0.06470278381269619,0.09362585729758421,0.08460651267066537,0.09297541208930105,0.10572339218866365,0.04053183925465434,0.1703920714789645,0.02552240925092345,0.0593717643877025,0.04528515633690637,0.13990084289047272,0.04924504021284454,0.2173155390870763,0.22167079363878484,0.13757935644843064,0.3035233881547524,0.3096415168476689,0.029741947615080547,0.0290673597561786,0.02705661492191812,0.07962037208731317,0.06454547232906395,0.5262804073872591,0.0,0.06186900625073102,0.15627787077821959,0.003299965165404583,0.024298541919667568,0.012911410004377767,0.01860364614413267,0.18278394640545462,0.169278205821943,0.012377574113009115,0.04215415517143864,0.020422418719237577
172,0.10108048870610142,0.15224055808035095,0.07810639460604696,0.12196960027902362,0.05714146753918523,0.22032973375909054,0.17096273441769602,0.07408021597268748,0.12224355028150964,0.16289161108687936,0.19221892192214723,0.22362887308309998,0.08176260983454024,0.06377366059157062,0.08325932786493602,0.0653232530621432,0.05988733733310689,0.12241083828931655,0.056188930685465696,0.06266959223030444,0.15733920353991424,0.0077949830273198,0.08175726264771908,0.9999999999999999,0.22367535365740776,0.007455950813616333,0.13222281123694893,0.12199340477885051,0.1610862210534786,0.044833577364443246,0.037651470677308896,0.030794793504366022,0.055247541003257836,0.07692948346786985,0.0791509937340584,0.06387311872573684,0.048136219818867,0.024559875710099852,0.020332329912211955,0.07591662842759829,0.08245049178642082,0.08676750535751139,0.055361868975433055,0.09684848871391075,0.05585432656794941,0.14018300246613905,0.05897291278912899,0.103628828805263,0.10517566236128403,0.07563889498141771,0.020523839227337866,0.005154888668417863,0.0968241085623666,0.031736402324335625,0.05991728217760935,0.0,0.03286735255962975,0.06284225085985104,0.08106798129372356,0.0,0.04489695489159279,0.044771761613824505,0.08523849580964438,0.013500817878763925,0.04827565105494135,0.03184701567166943,0.06874747529086783,0.028214692946850688,0.026891125352618808,0.007805163662169342,0.011486317834959885,0.15462617803005074,0.01604394097919511,0.02736913340850773,0.0064907269036167566,0.0,0.03688346264682621,0.03969582287696288,0.0,0.027321784547563,0.02514603740173763,0.008974744321833244,0.03975818804420711,0.03852589110633077,0.014301703321766144,0.0,0.0,0.059427759153258666,0.09916488589282386,0.008147217657802061,0.006580515823640804,0.04304591247431519,0.016693447666229183,0.06781246326372256,0.139240718351202,0.12402040703696882,0.02549104758343081,0.05257052632023541,0.18009350973964705,0.046323562007259296,0.16645027433351153,0.030223977519716047,0.0,0.035643556434493844,0.037253733539949194,0.02596585387484502,0.020507194877355597,0.018180601191662763,0.009570121873622594,0.0581458509189573,0.02086488086481303,0.05488888502266941,0.047081260407958764,0.008315869994415737,0.046713953175483484,0.11580407634104199,0.025284302253582747,0.07578891105979216,0.01322655011935204,0.05373687247232789,0.06014959670115047,0.0,0.11335961655648644,0.033559305162752906,0.019049535706972258,0.11007077099731509,0.018015063841704135,0.055184898431735685,0.006281114441203346,0.04533228808166323,0.0992239262197172,0.08411574027863414,0.02683595561183069,0.13555448649235843,0.08513327445428075,0.041449955981187885,0.013599070029379254,0.008045737441807733,0.04220269199908758,0.06818687953257009,0.01863733084019604,0.04584647588600502,0.019953799672581457,0.004322656717048136,0.09879157962993484,0.0,0.05508732380887325,0.05326672456138883,0.024902919144498985,0.02197821393879535,0.010350676885236268,0.0528517148310667,0.08643379854043844,0.05693558124163575,0.039241733839754184,0.04951841033041258,0.03176929674618857,0.0,0.010117105715742281,0.06453026163114718,0.005547155597058202,0.005358647374991615,0.05015150865501197,0.08266700074763514,0.08308340040824606,0.05377622833045508,0.06516884833932306,0.014089240127426194,0.006937899977543487,0.017081322480199043,0.016948593571083005,0.003505233803388944,0.006225754779799898,0.078551539043037,0.017666022376521876,0.030984585728826123,0.04186233592823316,0.08597806149939555,0.0843624026175702,0.04693015144096404,0.07249293471942803,0.005674790023186625,0.00672643428846508,0.017588856259746974,0.017663795674568824,0.04392499323139832,0.08148615744161404,0.09272179878415074,0.045394790624679576,0.052431228806267396,0.030834647680307196,0.005379005181675587,0.0,0.06817810628248767,0.04601243236545409,0.06208266638505419,0.013583366365619234,0.016966769315869254,0.013432210416474927,0.004860202209960805,0.0050472720257671985,0.01665172414899524,0.1340769500552157,0.038176764450619946,0.01866237968892681,0.02840572450417936,0.02444480707537055,0.04700288803128709,0.005028693469937706,0.02055382067843891,0.03239371388901764,0.015228114672687648,0.032958991796035925,0.023002029004133045,0.07235452223959249,0.009846331698298627,0.03164060397993097,0.06994840439706518,0.06680561491942923,0.05383129485305917
173,0.198974201185818,0.0640914040599574,0.1331131835589757,0.043067109305040305,0.10671051193110653,0.09323589563303489,0.10341085411158193,0.13113659662490113,0.21259155526352475,0.10213812794577927,0.20028688569720576,0.2483526939671805,0.17620676601823657,0.09939689947417206,0.13195250719184717,0.07285674325997078,0.056960814965497625,0.29729722443596807,0.05929877865635685,0.05292130231185277,0.25043872372989984,0.02012457496789933,0.12855375545059924,0.22367535365740776,1.0,0.0206942991686785,0.14733577130698122,0.07680051227706897,0.37839347469029805,0.0654421581008611,0.13337989704094602,0.18275653321703195,0.14344799736584088,0.15442587528654575,0.0985000476662828,0.23802797328214398,0.16120885541010369,0.20707938985244448,0.03802239706703731,0.17854126599411238,0.15378151767203235,0.23913429662543068,0.16384062218433226,0.1935346793034567,0.20813920704840116,0.27843983568619934,0.11737971116279894,0.15409108027315194,0.20514109599944463,0.15239462741566748,0.014875910208995164,0.0086156817000942,0.022030744012702944,0.04771107267322128,0.060360034300134924,0.0,0.029766806516169978,0.05231782497311052,0.0291008318838441,0.011761836008099845,0.05377314405549681,0.04443018930772006,0.1562365504009256,0.016530110034417362,0.05699418818994296,0.05948925322951064,0.07750188016189832,0.03830380198531496,0.040060374770899174,0.0,0.004721916273123053,0.15725815726487677,0.006385471205737636,0.018485706190893167,0.0033582929992964795,0.007054391823051473,0.050117879638675235,0.012412252048718868,0.0,0.025891419236939106,0.03083827992532586,0.021985498513498666,0.08012393858728933,0.01542600503143356,0.009416372772711035,0.010823799230874032,0.03260638986964055,0.16847809263591823,0.13778683196998515,0.005029608762864169,0.07038088522777225,0.07915448929060409,0.12110701799748627,0.19344010670685435,0.22679976006878694,0.21772655903571272,0.10470875513361219,0.16628938223951467,0.20371055139222402,0.12058914507047118,0.20838372427690027,0.03067014049636961,0.006619007989950493,0.03779997104935827,0.02561622988451551,0.032150698363325216,0.01282026361642722,0.035609754609414554,0.04641001438442651,0.22246666047344962,0.09552975529900098,0.07397445635030914,0.14195658547300444,0.055341218473039695,0.12400032729634188,0.10536723873142516,0.12375510096094554,0.10505557036728093,0.046961246973983226,0.037821805914068696,0.1151295830449259,0.009510796484867065,0.20414484063497218,0.10250655800269044,0.12671557413729523,0.07604347909393451,0.1396290145607645,0.05605104596637889,0.009412730461257696,0.033926235196693515,0.0933221138049474,0.06651500607264606,0.054511801137369344,0.15984791158692432,0.11447141504803067,0.14759741726724152,0.12288117261080878,0.03103327662749355,0.04227412885639021,0.06784744225480602,0.015648196093327394,0.04936010186574995,0.007751128152564757,0.013912457040321635,0.17267788278767054,0.013139493339392494,0.05667370088488297,0.13989203387420207,0.062675459813783,0.05724566488632498,0.06140450281136908,0.13701663920365192,0.11068987124652854,0.12878732009336397,0.0433221895029968,0.08424588533801869,0.18120401340064266,0.066099092668866,0.053496734611655855,0.030671405064214674,0.020599315423077684,0.03192175086920483,0.0825414066489793,0.112260207970346,0.1337718660384291,0.0990204116314777,0.13911518586949223,0.03865559603276137,0.003241232828616146,0.018240243891522987,0.04558147182587892,0.02659259239786726,0.02622074629554271,0.08160716439759175,0.035182906351842236,0.0884469985091283,0.07580918561343913,0.1652914657231154,0.06823004665454298,0.14038041232167783,0.06113139707686068,0.0038169669218009535,0.01061160584728062,0.034004592605930306,0.1141177186277134,0.16543222591955567,0.25358440472884397,0.17458704166200276,0.14271511113559435,0.1968805286121179,0.18261971732891927,0.04217375132064563,0.07496925158667735,0.08640077560084093,0.08778955932910074,0.08566820614834807,0.13776104654666504,0.08001645351175538,0.020709423254705327,0.010886418899513178,0.020560215707591332,0.02350243572408723,0.19459627318713207,0.08749344922832111,0.0810574124879978,0.16347316530392514,0.12066244602881133,0.0566051121028546,0.0,0.06575828621467669,0.09603217916569941,0.0077465026580219535,0.052405516827670265,0.05464402683648126,0.05397698732493087,0.046862120187310397,0.07211531459931855,0.07958559832876741,0.1355366003088784,0.21203898673762914
176,0.05836009570789819,0.02168685255682911,0.016305652026048285,0.013610566121351687,0.05255616227858449,0.0,0.007946159693727256,0.014369966602096157,0.07169728870013278,0.03842049728594376,0.031058012123811672,0.08156248661397718,0.007096265390362227,0.03725585376172752,0.03735492800726413,0.0,0.04319541162826486,0.00925544821004666,0.05646708700790444,0.09069492868907594,0.04536725215332614,0.0354175956581137,0.20575785623294107,0.007455950813616333,0.0206942991686785,1.0000000000000004,0.03378671615126693,0.094802964373194,0.0406947177123217,0.03898643065548306,0.008880277280115098,0.15041120613532688,0.017449627213256255,0.014364690595332186,0.0,0.0184817022945735,0.01133851856868641,0.0,0.07197700402199034,0.0,0.12249781932776416,0.0,0.02740538356398864,0.1239748275467638,0.06853051375346753,0.029692529609809677,0.10387999414315778,0.028503067071565587,0.09593101976478186,0.005646074470969757,0.017717849682738387,0.005558565387693464,0.02180191576924257,0.030718105437716213,0.024397384411021517,0.0,0.004299476768176093,0.014605601865237962,0.006032262682549159,0.006407071657235305,0.01569530384354614,0.0,0.009564874856986871,0.022175899393431227,0.0512075935031628,0.006334218254660205,0.021164629978087827,0.029013277416248734,0.004574157359856655,0.00850037571670255,0.01575875141118119,0.05390755972599386,0.009601481744589696,0.009305276958663592,0.015591859391866351,0.0,0.0,0.007105294299024602,0.0,0.03398543057820288,0.0,0.006606874559300675,0.025974056230310755,0.03665478046636737,0.03732937903383055,0.00579302846962358,0.03452670312832851,0.06684132523688316,0.054784571327451445,0.007770299072041462,0.014810868754966906,0.04171751307039527,0.0,0.019616552139545336,0.0,0.020964775957084708,0.006698706068102547,0.0,0.011889787819506115,0.024151149051208343,0.004178326176568261,0.0,0.01890609774334031,0.04927330353823989,0.015424448151437762,0.027439942824816,0.005957354162490692,0.02969219269104916,0.0134772129911654,0.06541189967292042,0.05871626507310176,0.036199445469720745,0.06473981806155112,0.038834100737484153,0.06112573624438988,0.0711193184055636,0.052805591943760194,0.03368965336391978,0.005350106743328894,0.0,0.010890769158188016,0.0,0.06538834137007998,0.033456392524296656,0.005066461029084607,0.020921047176059658,0.0,0.014654192071206992,0.022298321834814103,0.01130193569391927,0.010781788380454316,0.0,0.1019547478651806,0.02134467555527416,0.10748014790126446,0.0,0.0,0.01708464258664193,0.024015537377294432,0.0,0.02613929433903881,0.0443572775226653,0.015232053541788129,0.0,0.004968557459781659,0.005963373366195011,0.023307483801759007,0.0,0.0,0.29169490078585014,0.21665734925520655,0.0341079153699446,0.018787357988612714,0.02282337910005295,0.03205419067239181,0.17178901953651426,0.008415136886707615,0.04197342921643614,0.027824524775462354,0.03502810103911175,0.07950390948601845,0.05068699433338507,0.06902970439953449,0.059074755232438735,0.011606445076099882,0.11015803225566098,0.007238538155091409,0.014547288451810638,0.006620533990140047,0.007496746824000464,0.2485911202659309,0.20622955962616962,0.10286255406775666,0.08192356889229788,0.23507349006343894,0.2442951844293197,0.08796397257751516,0.0,0.02478483171769366,0.14498313201924154,0.019780578937881738,0.0,0.017630967507108315,0.0,0.12270307259481249,0.0,0.016627120531377007,0.0,0.014091632823007499,0.09923228306770576,0.023230496646961696,0.038117409835896024,0.04333950403669512,0.023592035661726418,0.06274434534822829,0.06734781004004352,0.014837634680797993,0.2959132409475119,0.2494651111236753,0.18961814441071956,0.31232009627158247,0.3209439043900062,0.0,0.006418114735431695,0.0,0.023672467758518535,0.09495943353681592,0.23095818337952184,0.010773033895576364,0.046432624214613985,0.07671587463708388,0.008236452090491278,0.0622148110858661,0.0050081644311532735,0.0,0.2019663416822704,0.30832933757701714,0.0,0.018267147096138928,0.0
182,0.0356073433392889,0.10035080655350714,0.08247944208705488,0.06431794597828756,0.06875310124010676,0.1042147823483781,0.07288260320164411,0.10605995058316242,0.4412445592680541,0.09247704537618005,0.17716545561811772,0.14878978814788307,0.08953132065922624,0.09685036201456636,0.06808993432756079,0.025564032228379097,0.05166400807263891,0.19341983187852724,0.04993594950903547,0.043767584373250706,0.12378371637363493,0.029756711319123406,0.0931613293014326,0.13222281123694893,0.14733577130698122,0.03378671615126693,0.9999999999999997,0.15555912900869112,0.24450252086976934,0.09247278446992771,0.04961128917795805,0.059303721964909954,0.09798645523810229,0.15988995146473112,0.06026672189646702,0.16214886300908576,0.0895947197028425,0.10207090956875588,0.03606842284006392,0.17630172446284934,0.1271454494526981,0.13285823969037114,0.04427905718125637,0.144577657892571,0.12805927111392346,0.3889298744636327,0.09285777954019579,0.04682581572502253,0.08056291466370603,0.08371879161154629,0.030432315466829576,0.01040191500001781,0.008436078702262935,0.06076741601427784,0.04837316446317369,0.0552366443603164,0.06586252095363494,0.03440944201357507,0.042299174249478926,0.040038214915847505,0.036365788945375316,0.017310372880045444,0.13114256545946332,0.03286186806214899,0.06406675379041277,0.05821132189813052,0.10211458736354696,0.03422278670763584,0.07754556143325811,0.035685800968879175,0.014983206320959768,0.12155240044857607,0.004919134975832663,0.05703759876807227,0.031076607755802853,0.06668341720848248,0.0402642051421254,0.04768846742142679,0.015625551891310603,0.031066507150262105,0.04346006701318717,0.04451122865958368,0.08985201251981476,0.06506643328223581,0.03781953070154158,0.02546147064342243,0.08077105614545034,0.13121214461582334,0.06937580201099006,0.009813559165213126,0.07250370482384637,0.05517781353114018,0.11113206575113725,0.15380729939523674,0.15538692264725126,0.0826760725336979,0.036822839965453456,0.08556007316587257,0.036497257951252145,0.09098063289100887,0.05362181504207983,0.0336449929151372,0.01895313462883443,0.03812755252485598,0.031445736131544715,0.03417116106988104,0.015075924779213188,0.04454947027307239,0.05185536770373918,0.09056205644773721,0.03664887437151777,0.07992499064539524,0.1334918354632552,0.021568979495922964,0.025135318159537845,0.20972516461167653,0.06877388476296716,0.03062146141597652,0.03072669445921196,0.055930426553093854,0.07623639499612751,0.03716419851731304,0.19814039005152118,0.061735920358766495,0.04266542707632162,0.16761915585215514,0.0995806323771124,0.02108446838692863,0.01394564545862147,0.011511926600069538,0.10715799132473303,0.04949591673386134,0.03201670668556818,0.05986814215212,0.06188147803141623,0.033059210458209635,0.07163963852743319,0.02327298574289431,0.051349348260679696,0.04241841579867998,0.08174776478478742,0.09525159136354003,0.02446368960403372,0.030231639512432427,0.1233551314410546,0.12697727197212938,0.03773903515125666,0.07993816509384971,0.027295620949429653,0.055031489331101954,0.04425459113060228,0.046080097095170455,0.07555744715947446,0.19630320135249288,0.008239758150930069,0.026352291470754245,0.0857410568301746,0.008028407006796143,0.05097713786600292,0.01755694838913912,0.0034451253078478516,0.008650698484348183,0.01952975951030614,0.04960823679735144,0.008292209331497092,0.03619172536599884,0.10066873813779284,0.01721817917335982,0.038453045405099646,0.007981098274436165,0.012848809960791156,0.02105198143910343,0.026030051032902887,0.009891252858627946,0.02044695800917303,0.05253733972152728,0.07087776578356722,0.1318723782921388,0.037961508265140526,0.08594783284724453,0.07019557635661798,0.003918421414004021,0.01102859568623021,0.05349702322316012,0.024921077941215147,0.18008544905508408,0.24663388287769455,0.10136229136312314,0.02624159981485462,0.033578110444967064,0.045640512031684496,0.024864952379953405,0.06751231728624478,0.1000180045703335,0.10260161950961011,0.04062034442087048,0.08647751072630477,0.035591746175665566,0.004621632274602411,0.00434009306074895,0.008372227270076228,0.004113653174954204,0.25732801781255105,0.24786018811180457,0.059193964028626644,0.09554840421646428,0.029101653948795547,0.04020539342006657,0.04278683398210649,0.041182060275703716,0.033539513754163884,0.02701945110770041,0.05182068894390945,0.06254455014545854,0.02148274985575587,0.020882654975893655,0.04204848356417796,0.05638377755865777,0.05457287081946656,0.06362699862138724
187,0.029504082256530097,0.31159924630988506,0.0224938373025112,0.06027608244930499,0.056481468726154074,0.08172034192612149,0.2468657550729444,0.10034213277037315,0.11390977135606709,0.1314390049138125,0.07962568012656007,0.34051473068167354,0.06204645166647397,0.012542379435412497,0.044844997933551255,0.015280435450771908,0.04120293758312948,0.060111536906939315,0.08209658972616718,0.1334879920268061,0.16698307509417368,0.04735184768955733,0.07069018336513878,0.12199340477885051,0.07680051227706897,0.094802964373194,0.15555912900869112,0.9999999999999999,0.1053859236280653,0.041964146179321184,0.01435408708997903,0.019113629435003363,0.02935117884024542,0.03576261412192399,0.02671216363714113,0.030969385896950058,0.018704793674755613,0.012619801004459646,0.016490034437994967,0.00519277134469588,0.03304795220070271,0.025217092111177924,0.005157422860810536,0.0790994668416263,0.021853456165097686,0.09034124636412887,0.03152659673447555,0.02410007479304509,0.03930241572659095,0.06723173140365321,0.01129687093345047,0.0,0.01710253551606493,0.02141748715889468,0.03699572548946809,0.0,0.00862998726729064,0.024401985900327418,0.010509442625051577,0.008056039813621784,0.03059874156316634,0.03447229278910885,0.014509690617922845,0.005844480084232044,0.022343130952888656,0.02076724905834874,0.025376753033475138,0.025831817770471846,0.039769606261714725,0.006140005266644568,0.0,0.04771596717120507,0.0,0.010914906210568665,0.0,0.0,0.004187815017203911,0.002960990557161145,0.0,0.011634478931894158,0.015849358702879856,0.00951516876864684,0.023419800358185187,0.014903484399705222,0.01619147705838009,0.008873804615057901,0.021331680398409696,0.03474478117549714,0.021383912838682174,0.008849468556362736,0.00796806459047858,0.002717810805024747,0.019625483914448405,0.011789127011266238,0.017168765585346978,0.07446536847559276,0.004943375053455061,0.02942649119461286,0.02723761509679587,0.026949704374673013,0.07467860149249346,0.031940809459853864,0.0035624904452158847,0.0065194547513434935,0.0032230872677800047,0.015330157594363538,0.010347883189067143,0.0241540144079228,0.0,0.057831038965313476,0.012759071883643494,0.005130569975135458,0.02550833312416474,0.008292338229340798,0.04506492405656948,0.1525440215384912,0.02884074902657545,0.042306903734390056,0.0044219426874598546,0.018364940773006492,0.03193393679768851,0.0,0.06515513950154501,0.010290253210956203,0.0,0.0685802246573948,0.00922974307692676,0.010769744647881337,0.0,0.04752778860156165,0.016656502866197253,0.005293641343155937,0.012339464406643307,0.1495894774748842,0.01083062948920179,0.003173274778639906,0.0034049728295248334,0.0,0.03459510671874371,0.0,0.0029460200113406473,0.03405653385952432,0.0,0.0,0.006085657787376807,0.03831214842638838,0.020968311025430744,0.0069485824096776165,0.003107527436241533,0.03146703658821991,0.037846513695407404,0.028643094547223337,0.07340055516812424,0.05734710587267916,0.02723474232952313,0.029213438729528744,0.003174767319660983,0.0,0.0,0.0,0.0,0.0,0.01764162239470786,0.05249198782058378,0.019933685078832034,0.03699665982058776,0.023488403743740956,0.026763340525032996,0.0,0.015993009938450785,0.01640172856437485,0.002992739889510067,0.015476650445189668,0.030221647251974987,0.05449264389172834,0.10997688305026534,0.013051026843497177,0.028818096964679837,0.060376644200695294,0.029082591309200368,0.3300591409609881,0.0,0.010427724712884952,0.0,0.00793273049011617,0.023943649796292564,0.06926323837794568,0.03164156771470311,0.040486110616267106,0.03483633195641119,0.016062953258323565,0.007689015244130525,0.0,0.008074658294363723,0.03281872113047557,0.023858159330871605,0.019883858014788855,0.0451152471840518,0.046507855994859806,0.007323816241928949,0.020534531546552843,0.032307507161003605,0.06043780351900317,0.028057481106141913,0.006368236727782872,0.005461862926108249,0.03513632345420038,0.021041754511104103,0.013062216031128306,0.20219376896378577,0.021749146699489543,0.004745083151890796,0.00771763394650323,0.008327759589073124,0.0,0.0503126020038781,0.023626484627326173,0.06141670171395136,0.006082450608283948,0.004082547507523997
190,0.1959294577156517,0.08554944685898978,0.10288724800228284,0.05107203316191164,0.12840840685970306,0.09431347598816986,0.08529053391016449,0.09283829259610452,0.4025184717551438,0.08709864342486748,0.11216843447914232,0.2282057789362091,0.12722265961998522,0.14356980873622815,0.1619872694076713,0.05366775625773695,0.08482629893530783,0.3948501010650746,0.0888384583977401,0.09712481695554843,0.14084357191368826,0.05770016961698,0.13902281414880868,0.1610862210534786,0.37839347469029805,0.0406947177123217,0.24450252086976934,0.1053859236280653,1.0000000000000004,0.13249824833477783,0.12468135548794275,0.2084275559477367,0.19169926010650265,0.19378245290231083,0.1623436860345094,0.37728352702018386,0.19579855352522413,0.18513669312147904,0.10686239752689267,0.21041694714701425,0.209204532179181,0.24037857612096702,0.2297545797962586,0.3027017489403861,0.2980520217351887,0.43550379915925014,0.25597079413578183,0.20555669432402643,0.22049375209435826,0.14010123245368472,0.03055624130568492,0.024692967992536136,0.013311326712794669,0.09242656850217401,0.08876869544960268,0.017011071041322115,0.06540140473447285,0.08116700304313242,0.039440659231950295,0.04446750466611727,0.10379275232553879,0.026991217962889558,0.17841153570592047,0.030652350281977873,0.12772800018538571,0.05926681652267094,0.08279493250617084,0.08538458087275373,0.03044599211177708,0.01695849029442148,0.025069791905897722,0.100982882356583,0.013376996110063698,0.0363182724647104,0.0246644803774829,0.0627410020528758,0.10550745339432384,0.04126664981103288,0.028302037606948174,0.06869551185348097,0.0614862397225528,0.07829240331856882,0.1375952553738489,0.08543576370787692,0.06982118862951071,0.023882588651498626,0.09174654267529014,0.2797719000961104,0.17987179840312675,0.024150394171563824,0.08832856335725592,0.10971050007480289,0.17793325686729483,0.28134745836623454,0.2578432547573207,0.13631600040659356,0.11539607729199772,0.2196557592607886,0.17221824107816958,0.1454504916817377,0.1596023332356246,0.04827308105108764,0.029211631443789236,0.06681411332272687,0.07420868480321512,0.06998188512380121,0.03671537504377308,0.08363014992190003,0.10303065819408014,0.26158141127034906,0.1121216616056377,0.11466992286963296,0.23226592877068236,0.09448823937306569,0.08772237552480024,0.22003982908553427,0.14296916633337015,0.11522804621001732,0.014992222869736043,0.04618519711166466,0.09722673612679683,0.03790418906613818,0.2897325123361017,0.10245146980578185,0.11622941125625189,0.15111926869282874,0.1911329881840722,0.05601611921246327,0.011737928148818327,0.08100913121805425,0.12264620611699714,0.04497559970115398,0.10924774541334081,0.1318129388151566,0.15664056044811564,0.08184416082344319,0.07227355090394509,0.02429665696260622,0.09553906160015317,0.08297704027680734,0.071212741310589,0.11510472514272209,0.03267318280806907,0.060021820124468134,0.19165650134211654,0.06386296936070768,0.09489463433936171,0.11770024222825796,0.10140511616407392,0.08516611987399457,0.16619827906334436,0.1642435250005663,0.0931421736965124,0.2252590049935829,0.07674955863657226,0.08334083731507051,0.12316076215839791,0.09424696814138785,0.08667090515602294,0.05945345163941951,0.023181991277939535,0.033448130620377506,0.1036319069446811,0.08478753996581988,0.08498814213922502,0.13160157884516244,0.12678259760648772,0.046530722764667916,0.008699987880167827,0.025089682752647453,0.06146678973599793,0.041672065823595325,0.09457183310770886,0.09528927741779604,0.07479778533335857,0.15224030789734488,0.12460976713795677,0.24632923136501145,0.08775562955897007,0.17975770208809244,0.05140017895345003,0.014411710588546053,0.02423421171239074,0.07933965786472304,0.1120661616774533,0.21524107922153066,0.3538008141684054,0.14992793508874677,0.11899585355545184,0.1960821292412203,0.21345244526050283,0.15740845193070024,0.13226052781088268,0.15032912219650868,0.09659708575756978,0.09132026364922011,0.17497187124644006,0.07525839519658792,0.027278192594439483,0.013684393000018802,0.030685860916560517,0.040783983611759805,0.2578239166093843,0.1417074434595199,0.1693028736244375,0.22879080393717852,0.13413304233031473,0.10096093662614422,0.028803653743945203,0.07305309013524587,0.06679757646042071,0.06059253858111283,0.10974011473630552,0.07234575374911108,0.07600059361651992,0.06363678001075455,0.06459455678931213,0.03639431510867697,0.12977942186310454,0.12344091707931408
191,0.0426880445922627,0.016017063851667724,0.008271960406334376,0.05843249073640674,0.05433394206334454,0.037939127860473015,0.0068019629254102805,0.03231925544687312,0.18311583208209764,0.0775796397732572,0.10197563848211076,0.07320008668954404,0.035283834317927115,0.05518072952490003,0.17320297669030668,0.040876768687002296,0.007703586866267701,0.07317344714263156,0.06121736789638351,0.04886079939265982,0.01080158761563828,0.12916781736196392,0.010209453521446702,0.044833577364443246,0.0654421581008611,0.03898643065548306,0.09247278446992771,0.041964146179321184,0.13249824833477783,0.9999999999999999,0.0,0.024436874594894135,0.04804282470852619,0.019299191841038593,0.023291615533085386,0.04276973160333931,0.060375006271455624,0.026152063112402132,0.007672264088466614,0.06741451526069599,0.05105500203047398,0.02023081418240852,0.029199906048612008,0.027448177334244858,0.1197301939300975,0.12825966423174678,0.09733481470253547,0.004323821944205533,0.039507088670592924,0.03439008171418878,0.08613319983543438,0.044182573881178425,0.005061064673281496,0.23720964951133558,0.1746123501313479,0.1303446316696866,0.24117473849190002,0.13413709739496088,0.10864049902181885,0.19287768086074472,0.15329943665546325,0.045879668274341964,0.06656291236075741,0.07498953566718741,0.2540793145871895,0.0890938189400253,0.1531370112913615,0.1842394520247001,0.10626254722215836,0.12761269176820123,0.07549052683580378,0.07331777473658013,0.05276345892032598,0.09999193366269023,0.07119191378522584,0.1153971645097562,0.15978423284409818,0.13635267564057182,0.17780804072191098,0.16675700731366208,0.1282233058261908,0.08401332461814039,0.2423575447136925,0.22110353612016603,0.13547052448994226,0.14438831678022754,0.0,0.19201261851605098,0.09996649269724019,0.11155102531282941,0.14295407780390496,0.03518769910583173,0.050418559266426126,0.01573336666788245,0.052059242875046756,0.02386108966436544,0.04392439983661532,0.0,0.005181220736871723,0.018840435693959486,0.017432666861241633,0.019548072792831897,0.10454731078999792,0.23006393550776819,0.16542838624578488,0.2134127933821964,0.0898593061754083,0.1303341183505968,0.05844328147694661,0.14881962446572236,0.06009225287820301,0.08304431532672571,0.13229386231803608,0.027807918504628357,0.011970160037560667,0.05801445498501814,0.02185310066406281,0.07909959868866705,0.08376850663364174,0.012601956642739998,0.03894059468635795,0.12695718998329428,0.045498300812678694,0.03371401061608602,0.05487520984967121,0.1122144129996816,0.05211319209028674,0.013817325610926048,0.12238577534363136,0.18351691809490803,0.0285174688538736,0.11807994697077134,0.0,0.016798046333065784,0.007491288836713217,0.0,0.0,0.05135009352468999,0.11723913498724423,0.16904802623770632,0.14038226469515577,0.08111107287025324,0.1562492096334989,0.07373289437508215,0.11076338173696873,0.1428667790944815,0.1475905719844018,0.02682661891773462,0.20199889640551022,0.021587066919565086,0.015262329063650697,0.006137691292913593,0.014748562787961056,0.018306823049244515,0.008949203466981014,0.0,0.05894690470020417,0.011695363134291066,0.011892977779899894,0.0442474894862498,0.0,0.0,0.0,0.0,0.025510211952736797,0.008988971015396518,0.022124441869225308,0.22445812068214643,0.06266754463916414,0.015682794863288652,0.0,0.004168220245984807,0.0,0.01820291137304155,0.03463503649323101,0.01852878087014391,0.17780896207244398,0.029489151784577526,0.05492815545906128,0.03453179215781532,0.011134679588813513,0.040280297097865056,0.14084471233774853,0.17887262042607496,0.04370836305762733,0.013549543781833304,0.04463917989182042,0.006968208810297319,0.018368294936238035,0.025166930059533146,0.03398338508225715,0.0,0.0913511473137047,0.030104395493081616,0.09277860220148422,0.0,0.06649117730204147,0.008154018199946706,0.0,0.0,0.0038716217203329955,0.0,0.20866931994023358,0.32115502435052673,0.03716259284579759,0.04354258475416821,0.021481552408553498,0.0030074184463108845,0.1430806512627024,0.016033010838562654,0.0,0.06294605905422483,0.03700313553631933,0.0832269463533069,0.04230985681101925,0.0,0.011363529029108298,0.05987816864127318,0.009086979618448243,0.0
196,0.018756466434658923,0.015671715264850596,0.105610342820544,0.009624010487388559,0.05712884928149026,0.013708434629838395,0.03467932498483427,0.02443764210043008,0.08130183136559131,0.023089558572037403,0.07103964905983663,0.04351583553976017,0.11216450149125201,0.08656780071289989,0.051602467814080025,0.041516935804903454,0.02293223751998928,0.22684370079380892,0.011181495661487567,0.01446983059074414,0.0900506217325615,0.0,0.1286502750926451,0.037651470677308896,0.13337989704094602,0.008880277280115098,0.04961128917795805,0.01435408708997903,0.12468135548794275,0.0,1.0,0.046364032146266686,0.21016888004581105,0.11186487300324352,0.1018781669641172,0.1594120132717785,0.02620590645144958,0.08328010105384656,0.09480935199424556,0.14176255023199383,0.06394697796051312,0.14077961332663005,0.09045635413119105,0.16208716262934364,0.10795067545974474,0.12630886345990025,0.032843665047925664,0.035480427251505756,0.06309656615724538,0.06792196913426393,0.0,0.013936585739991542,0.0,0.011077667492914674,0.00853201687817017,0.0,0.0,0.005263031473709458,0.0,0.0,0.02035322958958091,0.009195123653127052,0.0707627956462668,0.0,0.016230747058473088,0.00427942252992779,0.0,0.01202705611555602,0.012661058407853823,0.0,0.0,0.027644289907484125,0.0,0.006064978960725404,0.012882870370397122,0.0,0.021688004088903524,0.0,0.012130231116396127,0.0,0.01450647554139924,0.03945274198668426,0.01008796186618644,0.006014256545883596,0.0,0.0,0.044124301686945526,0.002514545343275596,0.0,0.0,0.0163982503381055,0.022252905281780904,0.17121719016797154,0.1415879287448769,0.12865727797079915,0.15406353248552457,0.05873629144163827,0.114961594649312,0.05627205600053038,0.16182730373394916,0.10583549289016297,0.030902230238967505,0.0,0.009896261142947607,0.027004513607094792,0.009940706789016573,0.0,0.005492577711823918,0.0,0.009586092884754201,0.0,0.007286709916139501,0.013083449155163851,0.004487583053395479,0.007605762685935632,0.033479870704847925,0.0043775621739907,0.0,0.004719187367880171,0.009396327468958753,0.03239437788533204,0.0,0.07832716882387611,0.0,0.004750839766727085,0.021947359667662727,0.02867229945185299,0.015501030557302058,0.0,0.0,0.061492747551816114,0.03747563294833601,0.02706363074395891,0.05170131373925242,0.05122874590898455,0.12134097378566275,0.14821639619596633,0.0,0.02330911540994758,0.008381419568459857,0.0,0.023145630297495424,0.0,0.004129285915250791,0.0917756686571771,0.008227573521986995,0.016508931397265295,0.14834389462130396,0.004263591725738915,0.062883733041362,0.015267292182473222,0.08079390508688908,0.018755949422451724,0.03744869435087026,0.023000996515754494,0.014283395614486183,0.11409688096745135,0.004653636539298319,0.0037321547868423067,0.005914910927717273,0.008805518053211277,0.007316715957799472,0.011015284835064301,0.08555877866254522,0.08229859378866489,0.06922283166968134,0.06948608882750809,0.01222833493158421,0.0,0.0,0.015212152204046973,0.009309212164281256,0.02514251340254431,0.005054403511742062,0.005870744737602093,0.054169647806310915,0.0,0.040537249918610296,0.0,0.01805596169531059,0.005777088888199474,0.005642910395057797,0.0,0.02223188655522481,0.02153804840924544,0.11271103419291315,0.08855645725511746,0.10168056022478479,0.02928215857935893,0.014298306619887648,0.057951314513626465,0.009301678608878318,0.0,0.03347728787590951,0.046720317394856145,0.11210182623446276,0.020483355495034196,0.040881656977872945,0.0,0.00931853037474756,0.0,0.04128644569705611,0.05413923566100596,0.020493735481244543,0.15043130063591723,0.14303961342810398,0.010715876247203606,0.08347851432134609,0.0,0.0,0.016350085623503048,0.012745936265023688,0.006328212452857264,0.04726691029051162,0.047778729813561974,0.0,0.004546121656000825,0.04697400768716729,0.0957362747648384,0.07394214954918774
198,0.22549242418737575,0.005411363511305093,0.04514531666027106,0.00997742951112156,0.07189378994853833,0.0,0.0,0.03546320612368779,0.1260585491578181,0.02836817228895472,0.04737613894748809,0.07325858269086803,0.04392551924872844,0.07836496902692383,0.0561846010889146,0.006141700322286168,0.04783230536418938,0.12799640771600002,0.018395794730584187,0.03739841940212815,0.06876553575492136,0.027915671091913313,0.12977432677762285,0.030794793504366022,0.18275653321703195,0.15041120613532688,0.059303721964909954,0.019113629435003363,0.2084275559477367,0.024436874594894135,0.046364032146266686,0.9999999999999997,0.05316759057385552,0.07723015389904422,0.05042314268646583,0.09256657636270886,0.13525191017543534,0.07049301868172844,0.06254375322530711,0.05946311707472755,0.26218674478707776,0.04998070789978869,0.1519875384503868,0.14785675430307588,0.10394555338056373,0.10057403610213965,0.18825018938062524,0.13036633190857352,0.2896655267104792,0.08455470860476684,0.0033450089708843105,0.0033777095214607834,0.0028415554992633203,0.019868814661516285,0.03265181874763639,0.0,0.020580873914871074,0.009303165806497302,0.039993927061825585,0.0033725972367851507,0.029789794517677153,0.003551625318896576,0.03761228960801895,0.0077604152764144466,0.03808970708084648,0.007091081301508767,0.02961561436075151,0.038321647355166834,0.017913876042985437,0.004598685672915082,0.0032914983230020673,0.025547846281080477,0.014073779227174912,0.011217260927363535,0.005174438994667686,0.00964425646552655,0.055421152159773356,0.011244653740026742,0.01186063175069567,0.038228382038273494,0.015138049376515948,0.05852260194039004,0.06983751897005265,0.036578451619646374,0.015076298200162992,0.005483024489205009,0.0399257312779118,0.23761799533305253,0.11982646767707668,0.02008024668015937,0.02877195631736834,0.16721098332010975,0.029634310915306578,0.12527983215352975,0.04425446333630341,0.07168754723456737,0.02958805698717796,0.020706990642717058,0.14502465280311203,0.08619300499438391,0.05462237376182402,0.016056239146386403,0.0051454648706851435,0.03084959806184704,0.05165917339720137,0.03425503216325988,0.007315748520574428,0.10655554949894941,0.05097458914186415,0.10583023686920015,0.15400673289709826,0.1731149571404641,0.13854886579877035,0.17383133986535154,0.09166393218087404,0.0402822706025912,0.3205070850719383,0.05245080578820256,0.012981402964931416,0.015817795121134817,0.013511352752411731,0.006651483530559268,0.07451671054850573,0.1231118894374085,0.10808121285705008,0.0693031877508124,0.1317451468954225,0.027076534500729138,0.02189314102279322,0.008093593154275887,0.018610029596575255,0.013480925462718858,0.08713656768172048,0.036371687346032286,0.16166725664301124,0.016512585611615987,0.015077238064106005,0.012505421826120468,0.031016800044555586,0.027613429846665663,0.01368667306968261,0.012117789448977512,0.005968254513536545,0.06068743840963145,0.02045293517394442,0.03532349748887977,0.019069288708598787,0.028241757452872794,0.018390470994488303,0.1514937980951895,0.3312765515590215,0.14211213627361732,0.027612670244472358,0.052170659456561644,0.13603762673241732,0.08301906218026558,0.03388248816675388,0.10220892571955098,0.15859196462374697,0.13140370879638355,0.17996145555347243,0.21508979426527383,0.15494075114074182,0.12905335151370895,0.1151295375610736,0.07773157343809924,0.04110125786053899,0.02938246244305001,0.008707606210566111,0.011979625756995224,0.2143742032003213,0.1811380082827986,0.12563757755416818,0.09482191751565144,0.05975116634084359,0.14238438634121006,0.10095187841015121,0.03437975512064466,0.03452511403983642,0.2263517708612408,0.018824311695107437,0.011908676572124532,0.0,0.04285984153751255,0.416348441888842,0.06136273950364163,0.07079564224951168,0.03875561115514761,0.10850563089479245,0.301430188352417,0.15102641943678569,0.1710228096267009,0.08714015157780047,0.04820445398736634,0.019579708936347456,0.026832957150665353,0.13342820147786555,0.21907177618341991,0.15672636367296128,0.13148606642684485,0.1574969545768039,0.09460912093462237,0.04756258765273849,0.04261784042124633,0.009316654786229612,0.05290016560718445,0.15738074534271376,0.16154653192974164,0.013246370142721727,0.014495070470928743,0.14487671033467872,0.03636976119151734,0.2388182140420816,0.016680622832252835,0.01932622180320113,0.09252745140608803,0.08625921096858527,0.00356532077629046,0.05922473653648676,0.036985933654066744
199,0.0807757474667496,0.03601456758374551,0.1506361182183862,0.04247580255491129,0.12578705679674498,0.12916064433659202,0.13768364252850518,0.07039411722550848,0.19157522634063243,0.06660379416993885,0.07358899057368434,0.090820130432058,0.09705456897883555,0.14045575784991887,0.07424394965678048,0.031702326055223835,0.013823604049462564,0.3813427092045243,0.050722976308231096,0.05138231096321767,0.10836432725929658,0.020354822079472003,0.08830341964386167,0.055247541003257836,0.14344799736584088,0.017449627213256255,0.09798645523810229,0.02935117884024542,0.19169926010650265,0.04804282470852619,0.21016888004581105,0.05316759057385552,1.0,0.20768036216945854,0.175980155795481,0.23174925427767767,0.03797127908033943,0.2907888447004346,0.14099734461254734,0.2908324487850746,0.09326727266067752,0.39250682622783295,0.14648724237569774,0.19852456939449498,0.25309448142624336,0.26916505313948963,0.06129462320334197,0.1459642601001968,0.06475163283262052,0.08654697962586017,0.01101184524825552,0.023475819752465498,0.01797615559112496,0.04668786395029432,0.033363572152230125,0.0,0.006055041512657367,0.01692254269921854,0.009380712382582276,0.0,0.021752000302491997,0.024556463723189835,0.0925130004613241,0.02384022093663424,0.04879671179194188,0.02382731384772719,0.03316520116583445,0.047950757926086454,0.028519351311637332,0.0,0.005473283264726128,0.041268172220457026,0.005567810831671271,0.003793631187829264,0.01018285963072578,0.005422664302181949,0.025442511772158796,0.0027293950201976998,0.012804289793480278,0.0303194821939056,0.006410666870698805,0.06888501809195513,0.04575556630334333,0.02418837550948322,0.0033673739320637065,0.03871267909713299,0.040785017578104106,0.0669216441742815,0.02770057565479034,0.01595701614337404,0.04835505492895442,0.017673228392630597,0.22876220940484376,0.30815681287905233,0.25366321573473627,0.24530525648495818,0.09381802971540691,0.1941636232978952,0.14514025397384453,0.17246021897090286,0.197059304908745,0.0035922877361603644,0.022197410672014507,0.015707416564898033,0.028457331035204335,0.03380365702365021,0.020990459601935248,0.040057453266555895,0.0169134517136687,0.03703463252127504,0.004036606943419308,0.005295591579733878,0.048148838841081655,0.0,0.01234830364252275,0.13777359337891806,0.02989863651655828,0.03533234052302129,0.0,0.01463520306058327,0.019684624105832813,0.004854922103829073,0.18546389895632376,0.01625324263347954,0.007565402701520626,0.029529265409809474,0.024332449784522165,0.02238322132303583,0.024952522237984685,0.015725753560280217,0.0884831552041965,0.058110086859237395,0.09627853343286033,0.13019968153099015,0.07332353685986777,0.21270708533859575,0.22876856302925286,0.011657323576333612,0.05624845100092489,0.00793590110032265,0.018235638341142228,0.0377986587577694,0.025892716223786826,0.01364545484691363,0.15245587618968792,0.028544953114325332,0.013387016902084426,0.10215788239334567,0.013525206156328217,0.03465689822942171,0.021493992283274366,0.22985467417192262,0.10839741716089234,0.14323178248262905,0.08824098893351587,0.06766691631949,0.13076213329540506,0.04160489708145623,0.023571518267014396,0.010443608290601727,0.037389839233395276,0.016576989629083758,0.021577019618206135,0.09548327173267764,0.17307265300123648,0.027976194431973803,0.05851018488772006,0.010968735373993415,0.0,0.0,0.004539486345938958,0.006918215922186317,0.016482512099463522,0.018725847376345677,0.02279952430664895,0.0583250881568698,0.004679421807024247,0.18474541403329414,0.01989044386444523,0.12624369475560984,0.05008167562724716,0.05099145020431213,0.018679335131203356,0.011250240651974951,0.012437350483690124,0.11289407471404961,0.2339113176732367,0.12327268440986497,0.02305939836773166,0.028107127846672842,0.06498509332258003,0.016577477690146662,0.008614352414513669,0.13513626838144674,0.041059794918444595,0.02949929969604547,0.04093221630240659,0.014551895823799283,0.0,0.0,0.011648176697802336,0.006645989564734017,0.16200944586438515,0.04001455938890251,0.24722692678564712,0.19162702275190532,0.020422882534286833,0.0680613604671933,0.0,0.005661560315972428,0.047880535315114985,0.04774979893642731,0.01248303753459589,0.06600436987374357,0.10943864056052197,0.0034003631205819043,0.019656278974273304,0.061365172678107746,0.16388654002907352,0.07545883212853302
203,0.05956773105990928,0.10319940601919397,0.16272925904963703,0.01683753213323723,0.0989012556714063,0.03766029541623251,0.15769059080506104,0.049359393616244376,0.20750563726398588,0.04503554833807473,0.09219074670310826,0.11210704764359025,0.08231334653632504,0.3229272678906559,0.0436228992934847,0.021279004701695914,0.06094873291544329,0.31988514072337626,0.10248333170729129,0.019476512988119962,0.1751270541413703,0.010145739204728351,0.10498525981330754,0.07692948346786985,0.15442587528654575,0.014364690595332186,0.15988995146473112,0.03576261412192399,0.19378245290231083,0.019299191841038593,0.11186487300324352,0.07723015389904422,0.20768036216945854,0.9999999999999999,0.11981163033969103,0.18660307693009517,0.046213349104014076,0.13525156141093753,0.09612649595373038,0.11558380773859832,0.1246948932724115,0.16016990771175707,0.13451881802353297,0.2153495516820657,0.12651472161806054,0.18279485501626588,0.12353468790598902,0.06825297897892683,0.18352125370287914,0.12103975971355001,0.0018096747614450561,0.0,0.0032901340432794773,0.012096759570817146,0.008632373656874604,0.0,0.0023410376805944374,0.003505602775733395,0.029918919687359415,0.0,0.011949010364748954,0.0,0.09616645711481484,0.007193583054697644,0.01066761054147605,0.011525266229716231,0.01535117695914975,0.012061084643783146,0.006599008174039937,0.012535780256610103,0.0,0.021141128270984928,0.0,0.008246872696095055,0.0,0.0,0.008527044297524716,0.0028184158435454374,0.0,0.012928524148977171,0.0244071327183338,0.06884659633900246,0.018561797214078454,0.0057598393131255855,0.002991099933797271,0.0,0.024481998283288203,0.07353210651430434,0.010099757403743019,0.004252175723987072,0.01787142155766995,0.02632618011852648,0.11523678407943262,0.17788513021971786,0.10673498797314751,0.3282115748823053,0.050572229268177504,0.1263387024811595,0.15100837642887174,0.07071481242583293,0.21776909655844265,0.0063042721182536956,0.0,0.007769097718468974,0.006562708188934745,0.009190251578991279,0.0,0.036313426578929615,0.004706471382218632,0.02403742338725703,0.005249793548152455,0.029496220721978474,0.026591600658679472,0.0,0.00741455611369235,0.1515296796919965,0.049604755816941654,0.0,0.00420902163954739,0.02823731471482434,0.04633462288704815,0.0,0.32704813597325116,0.015115207791269578,0.01113119977136351,0.0488437048327768,0.011772313998183764,0.0,0.0,0.020770754905026098,0.06500845257937077,0.025864303935472455,0.09413139841657907,0.2321719688042854,0.07336514403310106,0.07859009353263857,0.13282297386148775,0.0,0.011369769307818276,0.015769829635209027,0.0,0.0165600124592613,0.0,0.0,0.0774548152846653,0.04028453976611529,0.02336433628434206,0.0730749938470068,0.012229780350123237,0.04418241601160419,0.044655445678114636,0.2230449619518935,0.15893281835149087,0.1912741832999592,0.07514561954484458,0.11899067174494168,0.10565440261450497,0.005203645171486508,0.015202372663230945,0.004888788874165376,0.006900817025893844,0.007469668814855849,0.0613898298936708,0.164165292245693,0.19631896553670244,0.08722669463326677,0.08005805093403878,0.0,0.0,0.004776245005630498,0.021373803080312944,0.020416373463766332,0.01598878722159297,0.004731107751346106,0.032948588942376636,0.10010640996211545,0.01197531860514634,0.18181573129770093,0.035605862863271984,0.14449431097098783,0.02264089997215153,0.0,0.0,0.00472904710180229,0.051635068104518005,0.10294650692123208,0.2595139954100287,0.13224073004215525,0.07454738762829298,0.027231951686368206,0.040699536085048824,0.042875374393713764,0.031407436581394846,0.16742069332845627,0.013751261854162321,0.05466727198478625,0.007292936950559627,0.06544059309010959,0.0032220198717604785,0.010565901783173282,0.012561679007895144,0.033029143183534476,0.1081818490075027,0.022193448674105,0.08560672087939554,0.13873296179698896,0.021067926939415362,0.07347431025316171,0.0,0.03239917002096861,0.08144255417405541,0.02688798027589461,0.019125449002285855,0.010920735147509126,0.0669112608619952,0.022341367417960063,0.019084335513424377,0.005854480275861053,0.058286501565021215,0.033433064414343544
206,0.09836243127968272,0.04027288180147003,0.10442537869984467,0.00994248742704859,0.08624942284931837,0.11175369567791653,0.0826894139321044,0.027363733502716772,0.09825458806091839,0.0291945944810466,0.08809773787360267,0.07288039061562501,0.08902372679403056,0.11674915494006965,0.017279964853215743,0.0,0.04697331099719568,0.2775459274554969,0.022923688506016,0.011022171191457156,0.08469316040712829,0.003948185220886966,0.13245588570918174,0.0791509937340584,0.0985000476662828,0.0,0.06026672189646702,0.02671216363714113,0.1623436860345094,0.023291615533085386,0.1018781669641172,0.05042314268646583,0.175980155795481,0.11981163033969103,0.9999999999999998,0.15417015676770565,0.0957847374949809,0.09391810829666931,0.127354707930942,0.08674530316720996,0.10015663461647345,0.1445027519826426,0.17983500343766365,0.20545125122853083,0.14109526481264728,0.1432038776200874,0.06680812947198375,0.21090387153536827,0.07276038404631963,0.12824896326894134,0.0,0.0,0.0,0.00162856598164249,0.0033925259115001327,0.0,0.004356980304859043,0.004742098731155194,0.0,0.0,0.004272743331038521,0.0,0.030302688139252645,0.0,0.005779821742220242,0.007785687302010333,0.00548510738106462,0.020532623308425126,0.005661697310886306,0.0,0.0,0.019437068569615093,0.0,0.0,0.0,0.0,0.0,0.0,0.0,0.0,0.007284107053064761,0.031108810378535266,0.013335765064197393,0.00783177657415323,0.0,0.0,0.00955565279950343,0.00906660522059195,0.0299974091873583,0.0,0.025507391024014458,0.02877039151556423,0.1276106886961042,0.14903906510776924,0.15972115999812259,0.09042036870215915,0.011956974545388192,0.04618908279175521,0.1429217949270681,0.06269658977491432,0.05744491958302856,0.0,0.0,0.0,0.0,0.0024007208950735503,0.0,0.01728402761991649,0.0,0.03888369522485213,0.020673015715846517,0.0,0.014719633019582564,0.0,0.023760029841014017,0.18950293955019715,0.02044338566176235,0.007250233471274239,0.0,0.0,0.023961119375122013,0.0,0.10300903564363921,0.007469916264016036,0.07535525072928699,0.021018487609095797,0.065724294477343,0.004977092682002244,0.0,0.022916603799934973,0.030063907071370632,0.004799092449758935,0.11158747178327183,0.12234897280487102,0.111766284871658,0.10807575479234138,0.06000650363408047,0.0,0.013264637435193108,0.0,0.0,0.03528093018354652,0.0,0.0,0.02281570334466633,0.011681289529912039,0.0138280824761783,0.07706039483713456,0.0,0.021603589786775644,0.05153340251700099,0.17152948726035078,0.11766568254143374,0.1140361792534871,0.11132240406805902,0.045041237134470315,0.0504306709226113,0.0,0.02417799981793282,0.0,0.030279222050083633,0.018118967611964642,0.03317148134411826,0.09095871530513905,0.10092065615124594,0.08451060628155,0.05419239429098433,0.03111401590912625,0.0,0.024348682482773654,0.034339673416301265,0.005508479165118193,0.007993553477227442,0.012333548448687004,0.0,0.039481832176306735,0.005642650903671331,0.17375542884395945,0.0,0.06773108049856906,0.010316969891120005,0.0,0.005797348288319993,0.005573725376295676,0.00357689904715636,0.08251802531174028,0.1423370739447326,0.17758858434723643,0.037893031534637266,0.013169848314982514,0.04476744143361806,0.1191609915341826,0.04692203086182401,0.15175098887524807,0.0052252108028372655,0.0451311769083036,0.030685807844129078,0.006875041380671003,0.0,0.009240195786566888,0.031131759709640047,0.007218403791506985,0.06326859920829209,0.02688923675102923,0.043180090093371704,0.08169747189139431,0.039922732836518794,0.07432834402088585,0.0,0.010460047441879596,0.01926584171651063,0.006513328607653901,0.034197944811378445,0.008039613218204048,0.08656411729321553,0.010627447435420658,0.02918553294843992,0.03583622666085403,0.042877589284857694,0.06449201579097501
207,0.12108723768123805,0.02421430374299024,0.11672958825399647,0.059953453609817714,0.1488689000767004,0.046016483985499554,0.09983109670451874,0.07555458063924231,0.26353016871350865,0.0645668792113208,0.0763376648440088,0.08088657050280526,0.09499607871681752,0.20229609039139307,0.13206877234493145,0.05366752231441081,0.0062922669835785115,0.3023057259446764,0.06184707156648353,0.06933317321151677,0.11477751284067214,0.0062578606023624885,0.1046666743999979,0.06387311872573684,0.23802797328214398,0.0184817022945735,0.16214886300908576,0.030969385896950058,0.37728352702018386,0.04276973160333931,0.1594120132717785,0.09256657636270886,0.23174925427767767,0.18660307693009517,0.15417015676770565,0.9999999999999997,0.123421769432133,0.21283004520364862,0.09748984988176408,0.23719598630714503,0.17167978404875697,0.3309499617705024,0.28201320079177705,0.3606880488921684,0.3556788609697109,0.4233658978232202,0.18397601168129185,0.09326940638433763,0.1856550435957957,0.08303995443304447,0.011483270277726313,0.014080540073261982,0.02443354715517828,0.05173114623943308,0.0557042430149332,0.0025052495045530944,0.03057741960822051,0.03605607411916528,0.03134804373446125,0.009857279409068127,0.06933265230420169,0.017197896769317857,0.22692080188515487,0.02043895759922461,0.09473702898429515,0.028877419929061864,0.05577218573920372,0.058431120762294536,0.02497315845903263,0.006318277443405528,0.029142138841302054,0.05664266273771782,0.018351624092523923,0.017313407445968328,0.04129231819171067,0.016067330487149506,0.07771876527816822,0.009758713678215307,0.01050134783786578,0.03961676207366787,0.05258387561112718,0.05002204984250354,0.07247101920924982,0.03255376423203292,0.05040450293045179,0.01038847678909979,0.10622636514163175,0.10720150280042053,0.04806100569045001,0.0032511184139328345,0.0891938602388609,0.1393690728069733,0.15405972504209298,0.5817535635778518,0.3228412350338893,0.1530822810482182,0.18580458914734638,0.3009479530700216,0.1263529634383458,0.31796818840786356,0.2228469096364958,0.03806190072651085,0.018786940546388426,0.025565069391338437,0.0566012171306681,0.044516777973451854,0.007176820353221734,0.05419402276237808,0.048832490353639055,0.10706956295975355,0.03778988329451654,0.03561375814852972,0.1564095887093765,0.0250803178905205,0.03345389024194668,0.1263449977677899,0.052648334330294005,0.02386914347446781,0.00967856913817114,0.03316983452579095,0.10428008263702576,0.028872494620527957,0.401215679113005,0.05589625522753233,0.05831153115033449,0.13434417775799537,0.1551970303419771,0.050612493467396366,0.014263695769044883,0.03326438759557825,0.1828079297182304,0.03063699085653447,0.11352202163728706,0.12313936831532304,0.1060652888823204,0.09538078374117763,0.15495673033372748,0.007852137064544365,0.04867086869227921,0.04492172135572064,0.020657310953785854,0.08731855753340016,0.007549030153601604,0.054809146113113626,0.16465779090531346,0.031346694224065046,0.03466205621558172,0.11742923690819412,0.0924016968459779,0.09052531181937501,0.051916747902602534,0.28291982067341753,0.08255088796882137,0.2725593205510184,0.10115764671026886,0.09467401602152334,0.1478035621211384,0.06786159373411708,0.0146969554897287,0.054138804549864826,0.00609305661547891,0.01268007841188204,0.039617464106061095,0.13196706867086014,0.07999991080981322,0.1484429412318508,0.21908559287210724,0.0332569852876384,0.0024731058489345886,0.015608321629648873,0.03165300321368737,0.019168906385919872,0.021520420593775208,0.030467526414786242,0.033942483410401694,0.09185612690576572,0.04065705173314469,0.35509444226503445,0.031616559744237334,0.18242423462607496,0.014012657857800771,0.012956244553901992,0.008198736733884101,0.07601672954756537,0.050463106424281166,0.4394666864041512,0.4566278816609568,0.09753734880277139,0.07511635467505894,0.04067353631011903,0.12000943207470001,0.04885395556902818,0.1028599199802748,0.21205081959070296,0.05343455686754571,0.10513990490916421,0.16514618505321496,0.05968123980447761,0.012637147706604727,0.010629618022904384,0.031698816787524925,0.01105807700537494,0.11163511036822601,0.08230745332674808,0.2777809501853889,0.30319114473532804,0.11211953849504197,0.08705108509852927,0.0050255635155591755,0.013641439550764438,0.10393610271839986,0.028626131328208092,0.05910720744556701,0.04372339331358117,0.07033341435501513,0.048553497640008325,0.06547601434630915,0.04412489408105425,0.14842534611381097,0.23410349498428598
209,0.21499900569548958,0.0018552709492583375,0.025134467613168884,0.05390236116152221,0.04707667792768199,0.004211689876586903,0.0037161280595872357,0.0,0.11370528997706836,0.05924418504842584,0.06306231546189607,0.03422228716969012,0.014103758902189473,0.04082020338501718,0.14019270878474355,0.05185983419331658,0.005504246591428695,0.06751934529575769,0.06454239255727444,0.037820782063680954,0.06702241621751572,0.053605415813742376,0.03437112987037459,0.048136219818867,0.16120885541010369,0.01133851856868641,0.0895947197028425,0.018704793674755613,0.19579855352522413,0.060375006271455624,0.02620590645144958,0.13525191017543534,0.03797127908033943,0.046213349104014076,0.0957847374949809,0.123421769432133,0.9999999999999997,0.020248177619813502,0.02164806968035414,0.009484356199557694,0.12528288567659182,0.026082543825088716,0.057645955669209596,0.11061110477140708,0.10633746452703308,0.15732976353205597,0.3210680147150395,0.07886038358256164,0.160467889511881,0.011397893028357411,0.03136375055335024,0.029576256752125052,0.009927699524328173,0.09175653597090656,0.1106944918766976,0.025045107748257356,0.12875874023874193,0.08323785204245032,0.049394178482068674,0.03301779891317505,0.060346308481592704,0.003346908820375026,0.12701748114941797,0.03864532541593004,0.17180940444494047,0.035350873066522855,0.12141630498627949,0.09012550694707755,0.025367408997116273,0.028077696943480078,0.01984625491140583,0.10161091714376726,0.01964054592105309,0.05588598216486805,0.03263156797636851,0.06310575048101083,0.20633692190272665,0.055507759745681645,0.010104406146512278,0.022544044465932153,0.051995354247681036,0.04521219505027948,0.28340432199761484,0.11886581328846826,0.05183169597481731,0.021951177178698152,0.025616394476265687,0.24267567298490228,0.28048652994684303,0.02632597579479974,0.3314200786164063,0.2981270355411688,0.009808911412507622,0.07675336751306533,0.039575650953803526,0.013348448051243286,0.08674203659077445,0.02866224449476204,0.047153831709709125,0.03374722140094928,0.003659341726496488,0.03523584489971435,0.05112188185514209,0.07435250387088256,0.13678978224790123,0.11395718146544041,0.008415962391398281,0.07927475165290526,0.2788934363504591,0.3343871347999738,0.19482655434037197,0.20604567286452283,0.2819597311091187,0.2121316391332492,0.11756402443709386,0.08290889866826598,0.05161684152681739,0.1743942613887918,0.0419764891688662,0.05285531565987221,0.06952896847867727,0.08192411253456673,0.08625633727281572,0.35885867576187447,0.34296027509051225,0.12024184570609844,0.3491850828392826,0.11914732788856393,0.02596460775974127,0.10640297569589093,0.05955749778714843,0.02158109118107228,0.020295440914282214,0.03410674679899425,0.02464235483162899,0.014187161126847004,0.0,0.06216857421485975,0.0971317586260178,0.14116112884543253,0.08341499740535722,0.030949218551766827,0.05053514943041947,0.22740997821460748,0.0771250124276625,0.09085020816791818,0.10749139303294221,0.010710245509849479,0.1579409946892168,0.04787533628655893,0.07871779138769044,0.06292988735464157,0.037800320362644024,0.04243594523498118,0.046658206698250056,0.029334511972364315,0.016139939746334268,0.15977303987280755,0.1517952883353487,0.15813827171096684,0.03404634693195076,0.02977493295600431,0.036074684828888516,0.06323465776999912,0.014352949927079686,0.025847187817001172,0.11291855132472203,0.04760812610369611,0.016491953668229333,0.041278105363817555,0.03155986799376802,0.037879488058438084,0.010614736344109052,0.11158724164677901,0.08208800992359681,0.07073908040861823,0.13963662528426757,0.036557014873625206,0.07242895413761614,0.10392859163532536,0.008496020401014869,0.04153957999428463,0.03830594096261224,0.16960314845684749,0.12570584635344348,0.10030083000748183,0.07966673031559027,0.030673836053401057,0.025758562168927752,0.09847286575817153,0.06321843670415248,0.013778577303961497,0.267772507543421,0.06228436706331943,0.06531520852330919,0.03181126234348684,0.398577247196326,0.07300179934498004,0.012960224639850474,0.0,0.013464470644629483,0.010150951260679998,0.10239963331878876,0.09805702225275827,0.0353071781465432,0.055760747039917756,0.1465509794807675,0.03217240508381983,0.010481798782001093,0.018136829322685448,0.05628939168804664,0.021644273520687884,0.2681423601889958,0.03821422483661886,0.03988683850954346,0.030355978021289462,0.08672221097389997,0.0398134660096386,0.04281384720353637,0.08138707460149172
210,0.05377737651835553,0.012312358127176579,0.11531163530651742,0.021038382654681817,0.06009638127016842,0.037255254166596,0.11160758168117077,0.0709419858812178,0.1326564497862621,0.02114722636735724,0.06265099405770054,0.07866826401094064,0.0739644502678543,0.09540279181722429,0.031181032189064085,0.02343785736624207,0.021787428612698466,0.2531328480740452,0.011134881374990316,0.020142282571654672,0.1314462915868533,0.0,0.016693486658272673,0.024559875710099852,0.20707938985244448,0.0,0.10207090956875588,0.012619801004459646,0.18513669312147904,0.026152063112402132,0.08328010105384656,0.07049301868172844,0.2907888447004346,0.13525156141093753,0.09391810829666931,0.21283004520364862,0.020248177619813502,1.0,0.04877003027921441,0.33148858026079003,0.12699684561714494,0.3328611982198915,0.09900753879256495,0.10594198060943806,0.15836912196562958,0.25004151346501435,0.048359653262967886,0.05411910201206964,0.10053277864903282,0.05954814141204877,0.004833884723070366,0.0,0.0,0.0034011429523146588,0.019301541726287175,0.0,0.014529897989991245,0.0,0.019100623735229624,0.0,0.013546529549265975,0.0,0.06726886320951769,0.0036367780020096,0.013209382135526086,0.00453880536255251,0.0059538122806336085,0.011141897096016436,0.00394156499230529,0.0,0.005136949547361513,0.019061081666833186,0.007354847766568162,0.009766326992212346,0.0,0.0,0.016620690685341936,0.0051673981401593756,0.0,0.0,0.009514620625344408,0.0812378025042918,0.0177860561759014,0.012559841853169766,0.0037261649467214887,0.0,0.08880127882217802,0.038460668207120845,0.01644771957582699,0.006225165938844588,0.029359867247002562,0.06830832185405383,0.19470660971281237,0.23537573206650583,0.17410951835906896,0.19482090421780593,0.04865938806476969,0.23801875144212653,0.09452724818379112,0.07635405428032138,0.1361514570607999,0.0034052567658941577,0.015661541796335932,0.0023541320865743155,0.003918964084154674,0.009769950767123827,0.0,0.03495072058306231,0.0,0.04907772975148245,0.01976295306710932,0.018271444639333057,0.04128825204967205,0.02050636367595246,0.03619921498302128,0.07688729650232726,0.08292195570951331,0.01408003612751569,0.00474333864780126,0.018244370334399438,0.024436897414423203,0.0,0.08060635677494711,0.01910836376960268,0.027106377069655338,0.0259196773914522,0.07626278827395379,0.00943329936118365,0.0,0.003736036171644395,0.05665787255092955,0.005976218575684835,0.0895329049214248,0.06668232008621175,0.0860549631189994,0.17690064197757988,0.17163278802651952,0.0,0.00800272106916321,0.015665358393394332,0.0,0.04522990552177162,0.0,0.019142401474267687,0.07176193811024494,0.054904551010319824,0.015534517461043474,0.08408172619981143,0.02054633356982699,0.0037535316307664864,0.044186559205627404,0.18211097626892195,0.06284335992153309,0.24892033466979455,0.04259295098410153,0.06780675333173988,0.15499017462267387,0.07217654025547067,0.021545466854240674,0.01927068943655673,0.0,0.0,0.00858674799313328,0.01968461398450429,0.18701471143550638,0.047856044254900865,0.06395207122189742,0.0,0.0,0.0,0.01957012881709441,0.0,0.0048273679014347514,0.015320091569451445,0.0,0.0462726777598649,0.04242344109369447,0.17160030365721352,0.007931512710652783,0.12345196516971985,0.02444716433592204,0.017453350483305097,0.0,0.0,0.05645617254339105,0.17227614408445674,0.1894892111678817,0.06937871013350884,0.05152127320421529,0.022207353677962664,0.09035786161338341,0.05687837381164436,0.03934277881520442,0.11456697821412526,0.013851022821255995,0.02563385545302878,0.033086761980350675,0.015255592268181933,0.0,0.005373784536179455,0.0034247892923839653,0.0,0.2213906654704208,0.05118764224923894,0.12718253618395414,0.14092855679364685,0.0525489898445808,0.030973756235293276,0.0,0.007188173036674767,0.01509208332653754,0.006607347773210953,0.02100708521749249,0.006852887625005764,0.028972372131183956,0.01648461119382591,0.0058826727033409534,0.0071526318490749904,0.07050465069624444,0.09522518627067018
212,0.04599815673505318,0.029843424341996362,0.0507681849796066,0.0,0.03801878364334187,0.005222304303923574,0.04184085570471783,0.00859329596085433,0.07566844940662193,0.01333459366742622,0.011711209129409442,0.05267529245527295,0.05475798716873677,0.07274648479994393,0.012071413595452015,0.04287534573285729,0.06560118075577105,0.19098618312225418,0.0048688682754368905,0.02509412971207977,0.08642014086200836,0.0,0.2606436972357189,0.020332329912211955,0.03802239706703731,0.07197700402199034,0.03606842284006392,0.016490034437994967,0.10686239752689267,0.007672264088466614,0.09480935199424556,0.06254375322530711,0.14099734461254734,0.09612649595373038,0.127354707930942,0.09748984988176408,0.02164806968035414,0.04877003027921441,1.0,0.060633361355205494,0.10658332041542178,0.10066213055444403,0.08253586185261448,0.35568403178684255,0.12338372726704362,0.06508876731202226,0.06801539963469745,0.031028877749401326,0.1158244957467328,0.0628796325105146,0.0,0.0,0.0,0.0013325166397082347,0.0047103618088534345,0.0,0.004905981377494007,0.0013393247093509218,0.0,0.0,0.0038363248381765268,0.0,0.024424136261655214,0.0,0.011015196969739374,0.0038203160726790423,0.017826362325845568,0.012546749957951218,0.0,0.0,0.0,0.03659193811127253,0.0,0.0,0.0,0.00803495127234241,0.013133589750617274,0.0,0.0,0.0,0.0,0.020166756952324904,0.01931071302069181,0.017790916963080494,0.0,0.0,0.048864142352828,0.011061369403637378,0.002300729352977479,0.005069672087274907,0.0,0.021190443994011342,0.10897185760137387,0.08354043836448383,0.0564376786675473,0.09928011913051578,0.03564166821937546,0.013519619120256666,0.08257974650835798,0.09792344608350845,0.05087311555509451,0.005289007782688888,0.0,0.01107717784990013,0.0034293718228611565,0.003991873391526214,0.0,0.02810667499585043,0.0051845113681134114,0.013315735377395598,0.01729422519960521,0.029234666580528198,0.02034994013540553,0.0,0.011536381321264326,0.09437932887208056,0.010774657361443746,0.0,0.0,0.005164898712359824,0.012877297013972442,0.0,0.1259309914965546,0.0,0.008617687926545404,0.007357783206015243,0.0032206650025867582,0.011476613728249131,0.0,0.0,0.0,0.009000485491313673,0.21353267818761404,0.15335770507858892,0.13793566391741094,0.13449741005590288,0.15065958557691825,0.004667317917600355,0.038617388692077315,0.008073228357362955,0.009378409463618283,0.04240877075516082,0.0,0.0,0.010736732405299806,0.0044024586069127914,0.0021146841380912185,0.03750691997713917,0.004318047427863934,0.1688341711627104,0.08223690925241761,0.18302271703921774,0.14427650944660145,0.07332839793716409,0.28089054811862296,0.2620540734282027,0.006023802076890129,0.004176054364518385,0.04027246323331539,0.0,0.04300249617517688,0.019311419501813674,0.055611381503884144,0.14869517826281275,0.1656165944019287,0.2298165210363843,0.03154837431547268,0.0,0.0,0.0,0.04955954854916414,0.053886353396652105,0.04544938013419065,0.02453643235634586,0.08630256052822943,0.12538023986355054,0.0195502079993578,0.04970373453799322,0.0,0.08571764460193138,0.0035063746402900164,0.0,0.0,0.0,0.009015440060392696,0.07266104272303384,0.08419219230292285,0.032751588003671,0.013742589530409383,0.0,0.024080471293816567,0.021685229892616113,0.033156380858791155,0.11648422381521518,0.011295960307562358,0.13673333446706146,0.01997506586961505,0.10775518386603172,0.04105494271395635,0.0332174817070869,0.08329996816848655,0.12805312424306503,0.05520560178333611,0.01421191047007701,0.066371849170806,0.07826151337144592,0.014814470777157241,0.26582460605498476,0.003792276928665569,0.038461402654940316,0.12132281154598068,0.010457640092999793,0.020306147582155785,0.011785788381987908,0.009671753197686869,0.06900152772415055,0.1323972723974569,0.0,0.05791372355664015,0.01537039277714269
217,0.004756891560442068,0.018035878247522535,0.06821117549061663,0.018597525112186708,0.04644029219471283,0.07011078643211388,0.01804055629407527,0.0,0.20978142610261566,0.03462273081893612,0.06285301047184776,0.02742131774408463,0.07569346016567262,0.0798008725942675,0.05618245469622677,0.004174322557077722,0.05473844773809764,0.2721650144450124,0.01052288477825597,0.016613454278136503,0.09476698123265057,0.0,0.05534952098571914,0.07591662842759829,0.17854126599411238,0.0,0.17630172446284934,0.00519277134469588,0.21041694714701425,0.06741451526069599,0.14176255023199383,0.05946311707472755,0.2908324487850746,0.11558380773859832,0.08674530316720996,0.23719598630714503,0.009484356199557694,0.33148858026079003,0.060633361355205494,0.9999999999999998,0.13566376848754994,0.337177630216013,0.1196439411516443,0.18989019465535112,0.155047970328383,0.2616880956207153,0.05280604569738283,0.06316798678279663,0.06461465824844459,0.026502390910563934,0.005148501323523678,0.0,0.014529448514084886,0.019416330534424986,0.0306270054332564,0.010047870538068052,0.038452668516485954,0.01593265144014759,0.047915189111385446,0.0034860248937437907,0.012928817093904896,0.0,0.11179505399218947,0.0,0.028335231760543447,0.0,0.017032717196864146,0.014569470629507529,0.012855560813524246,0.008540711835420583,0.009288942586973098,0.05101250132848807,0.0,0.016413537448361756,0.016015634033259285,0.026414838729041004,0.01878558933481516,0.01038114210855668,0.0,0.0029098321510657122,0.01816972887079486,0.03349565663982451,0.041756740703133864,0.05288171594969925,0.014040144282681948,0.0033197169646256813,0.08999984282942715,0.05068164884115612,0.025246280003092893,0.003539809040786872,0.046805320575633934,0.0974248154063053,0.2517493490491735,0.2506345298950381,0.19551228829040848,0.20841916082341003,0.10915212803374036,0.10289668408848708,0.10154825364044294,0.14543033425749902,0.11273041330842083,0.011905110661154813,0.003171954791461309,0.022201175117007983,0.010701753612781936,0.02015019877812638,0.0,0.017231209792356567,0.004973985370718202,0.0364120946850783,0.01084929285531273,0.016958143403910723,0.0812745232544168,0.019387068582411987,0.0,0.08853346704296369,0.030109876590736502,0.01462539124600647,0.005819570637834836,0.011924380206753491,0.026556498876413013,0.007203975567767408,0.15363660651701783,0.02355367066301868,0.06753179403305727,0.03163089188890707,0.09555314909085522,0.01499809604356847,0.0,0.008751670713284806,0.051303668082275725,0.0356260622024329,0.020524948427934158,0.05910961622194431,0.06885035876311454,0.2408388972997136,0.22699043359304488,0.01376308909455663,0.046548213901294176,0.05418777274836977,0.03695232529955783,0.15335383706822328,0.016902404605634337,0.03151232532363,0.11669262128712568,0.0362272135881651,0.011828373432912705,0.08858913443108021,0.052620289942573825,0.031992565574486875,0.0351505956645131,0.12540868249553389,0.033357085934373074,0.1725108494846936,0.04591494510219149,0.03278185259364913,0.09927680044548907,0.049742442180443124,0.03321993945038303,0.03527746431842836,0.011607082804856016,0.00910689078727783,0.0032177221434591466,0.04832178939373433,0.07308930310690892,0.02663988071529657,0.07242230669054338,0.016882679759166394,0.007349625922335388,0.0,0.023273045476435054,0.003924650986712421,0.03101203199101453,0.009399515782953295,0.016972136439607172,0.03317510316030402,0.016865915799275138,0.056004744504578124,0.021783787902172367,0.10291348245732457,0.0,0.009189624130399499,0.00391934103618761,0.0519784475311392,0.012203972349663913,0.1924771625043456,0.23450937861397111,0.08404003772932007,0.017506082592234646,0.02228379476110884,0.12015523367295254,0.015865014292766117,0.020877672141479134,0.15059806742786844,0.05944350367316165,0.044012933437971115,0.04531175338268332,0.024326702055901237,0.006663962966537569,0.0,0.0,0.005931504452597932,0.22000807642287853,0.07652933033339337,0.13396641881589055,0.08935298395848124,0.03522225652772105,0.035236338071534444,0.02023824132863492,0.013684705923276412,0.01127593057471948,0.052419172904769114,0.04048217011193577,0.025042996424471258,0.03476566724284026,0.009651347674610828,0.03531765879860785,0.012346554533224577,0.12264797195675803,0.10026476169744947
220,0.12719925251326772,0.03647696032409799,0.033722565690366677,0.02919269730234944,0.13014969850228192,0.037200770534292854,0.043761495439932324,0.024995621955719076,0.20012566916479624,0.07145512014419227,0.09317319036863286,0.10221551138159879,0.04566721944002485,0.1442409614038565,0.06593166726830425,0.040455553014602894,0.04227809083994923,0.19199435096497786,0.051180284141325354,0.07578701496925871,0.12115376733311667,0.006799111573620712,0.1878017178627023,0.08245049178642082,0.15378151767203235,0.12249781932776416,0.1271454494526981,0.03304795220070271,0.209204532179181,0.05105500203047398,0.06394697796051312,0.26218674478707776,0.09326727266067752,0.1246948932724115,0.10015663461647345,0.17167978404875697,0.12528288567659182,0.12699684561714494,0.10658332041542178,0.13566376848754994,1.0000000000000002,0.055086215671635914,0.15901102368578798,0.252572297026299,0.16378020433058266,0.18458933757266552,0.22135837344134635,0.11656143901491019,0.3020447732474557,0.08428111312171559,0.016527735459079457,0.020061098567564443,0.015240989658976772,0.04698110567136157,0.04870594561888842,0.0037390687642129567,0.023125312467732917,0.03752252316633125,0.0188907486611775,0.01855715054355823,0.04140818133394237,0.01701393785293367,0.04374093876274054,0.015940005652922286,0.0726688715427648,0.04691618170202684,0.06484682114255544,0.06402449388910253,0.03971285650607581,0.007937544615077424,0.0035637841952832587,0.08821972575934812,0.0,0.008368123577253177,0.006795719785693896,0.03610602885059278,0.0358111098528728,0.012812921353846072,0.01645613025311178,0.03541655553908706,0.04528899853252325,0.047934224842887604,0.09003556128616082,0.02505894926065467,0.029977926449710576,0.00742059751505811,0.15411083448702298,0.15664936132900492,0.056074529567642195,0.0031796630422425425,0.038762766473022216,0.2536827491109385,0.04359646257295208,0.14961479595215593,0.08831774372754544,0.09381236951718819,0.032032427169259366,0.046501322531482085,0.20690514779499486,0.09777739052501717,0.07285521263581778,0.030156889693675616,0.028532327256944507,0.05037533923638151,0.04778507635621195,0.04743891890414502,0.02820722223497526,0.07635997981802792,0.04011382488697847,0.10660705114334544,0.055023186459686534,0.08907374671165011,0.14009043150141182,0.11986650001406884,0.050067889389175266,0.22311810601027512,0.1260319393027342,0.03614517211914155,0.005744252959377878,0.0353547225170862,0.016048764640597655,0.014139676102282266,0.2238467608544434,0.14516685484131264,0.06178854357400036,0.09469470352829874,0.11852003150428961,0.04608889289818662,0.0,0.015296336774690526,0.059221446993290586,0.003352537079757138,0.17264980035598404,0.1320537076376025,0.2389341577040123,0.0420937796201055,0.018038449902719828,0.006935198999265792,0.03945837588167086,0.03227685465423127,0.03610903918283275,0.09775115997854023,0.022736060790311517,0.026168019451282595,0.049937373469389576,0.03794689596357546,0.03322781591267745,0.013858563884367034,0.04415148939861285,0.21298313331570504,0.2274627771229211,0.23631340366619744,0.1250045616152871,0.07798973206744372,0.07499549708278574,0.1689980244276731,0.06976385438297465,0.030557319147567222,0.12548359399089337,0.08626183662917512,0.047269101252271115,0.10353437276477116,0.1057873275271931,0.1078759889340618,0.14992371635180962,0.13694078632238604,0.04496510073186545,0.024653083281141398,0.018002830236435334,0.01965738475918194,0.12261438597026807,0.06689840844904794,0.05789949042892964,0.03763924857160031,0.12766937138643664,0.20162604807989876,0.15335415930079047,0.12414471802914796,0.02611558972687914,0.29569388521815043,0.01789568256417583,0.006095890927621315,0.03681622253560461,0.047749932422283745,0.1684604234113998,0.11694945193914524,0.13582738973586678,0.046380906678787207,0.08593083751470058,0.10278358682241177,0.16839011070599444,0.0999282229564285,0.10760913129817401,0.09077778371856475,0.032383599077410785,0.11963593108322931,0.09820621252225514,0.24519780258555451,0.05851138255216285,0.08009944385142888,0.10327467051721077,0.10911679981106027,0.11284808201154396,0.10356554331802276,0.035414612108611083,0.10229251507953818,0.20144841980488748,0.22987596343289218,0.0,0.040041773511695654,0.1397721830988898,0.03902228049382161,0.18456793541839786,0.029553199658237397,0.010977728411349887,0.0938472142852047,0.26414972412116483,0.010053582437324717,0.05444362485182395,0.0746562071743434
225,0.030086064810515192,0.07903920828900979,0.09173570646196401,0.003298001761766817,0.08037560564235692,0.06211233681387616,0.1316540570058372,0.0850002743951419,0.2140646809024523,0.028485776984619435,0.10830066444813957,0.11782284135645268,0.12957223354367856,0.11873537797593833,0.03742533039797153,0.0,0.03498659692615624,0.32313301594733573,0.0,0.011970720997388024,0.1483715074414739,0.0,0.09983220797433665,0.08676750535751139,0.23913429662543068,0.0,0.13285823969037114,0.025217092111177924,0.24037857612096702,0.02023081418240852,0.14077961332663005,0.04998070789978869,0.39250682622783295,0.16016990771175707,0.1445027519826426,0.3309499617705024,0.026082543825088716,0.3328611982198915,0.10066213055444403,0.337177630216013,0.055086215671635914,1.0,0.31276264377848306,0.2440618931783529,0.31642261202383054,0.3393254040892475,0.04717142297760273,0.12354400279056203,0.08933508598549181,0.06296280997238102,0.0,0.0,0.0,0.005636495844469119,0.007045649764079853,0.0,0.007532582938168907,0.0,0.006953160110920559,0.0,0.011543029099366975,0.0,0.0750241356811808,0.0,0.019301963458253246,0.0,0.005573274121603817,0.012471596181148905,0.0,0.0,0.0,0.033662215467609696,0.0,0.0,0.0,0.0,0.0040060908940681445,0.0,0.0,0.0,0.02143191224101596,0.010373457113139363,0.00945373125796685,0.0,0.0,0.0,0.030702456548660183,0.039902697094761436,0.028380964721389783,0.0,0.016380712537446714,0.05119141267837113,0.18788285573546898,0.43158378639318795,0.2483985284257939,0.25968537671651815,0.09188671631585041,0.2163276851046569,0.14913985696533888,0.26623662789877056,0.2997216774351408,0.004997622331971448,0.0,0.0,0.0,0.004908836014249858,0.0,0.011347855394425786,0.003615262883807565,0.05458865647396732,0.022261524628379534,0.023911356133335924,0.04038916826215445,0.027731988510391797,0.0,0.12280180199186795,0.04004448293411945,0.00441012018814543,0.0,0.010546835897758856,0.05420068836333382,0.0,0.17002519188777998,0.019309441201252754,0.02845083980361865,0.019116569976826914,0.0324050558282909,0.0074967537854796875,0.0,0.0,0.06118239575475973,0.003696756116194717,0.08255103417990121,0.13173137930336853,0.1034324689439236,0.20565815416373004,0.1844080121563457,0.009862979695657036,0.04354881813460857,0.016549233353452108,0.0,0.034841059659814475,0.0,0.0,0.08374004039379244,0.0033744949192998225,0.00713201609149325,0.09842971721517847,0.011857569936937772,0.059390712099958276,0.06812716017937981,0.17645268836931904,0.10901203574320806,0.23169858296419563,0.04928189698287134,0.08129285277037634,0.08411351542940797,0.016970877497856956,0.015152405074196814,0.019472407360261554,0.032334701039869664,0.0,0.020304034844977097,0.06646157988650428,0.10525881913211121,0.09149628808409861,0.05766769311734304,0.004865900965078776,0.0,0.0,0.034103647904971904,0.03251616316697723,0.030416033806363662,0.012987366283448515,0.012041340930540587,0.0336308010731692,0.01585750188511509,0.23387293978533336,0.02738606034652323,0.13633866937850306,0.01733274230209412,0.0,0.0,0.008468950036388766,0.009054718895782774,0.19658171318594633,0.3516133249399933,0.07510860078527007,0.024057975873038536,0.053085010342815916,0.1200329700667173,0.030479152851931736,0.023663981572105332,0.1847250956845335,0.029921159459506637,0.025459102429461075,0.038440577533458864,0.014432258962758057,0.015780497265337926,0.02153981307116294,0.015846278921182663,0.014297526364941707,0.17468449121535787,0.04723644114511735,0.19812367118834798,0.14663369849405453,0.043966175072087915,0.11526907825596591,0.0,0.03149296234659812,0.07638469083552098,0.004299654537476885,0.01921466446709445,0.011744062394030384,0.01852534055454369,0.029293233948118263,0.008446752377045378,0.0,0.13657590022504754,0.09267103566520497
226,0.15922943778937498,0.045083246017157234,0.07808708730679088,0.014158297189168029,0.09567923739183302,0.014227703847906562,0.0455778537246527,0.07160632798526073,0.11238799872301268,0.020809798812738253,0.06158023928804774,0.07323075565597487,0.09892878137890933,0.09612662193105095,0.030137940797390423,0.006104390139754101,0.135774272666662,0.29569653075669655,0.009069372048287163,0.010894741352271536,0.09089204609224727,0.005559955422389418,0.20221267237442334,0.055361868975433055,0.16384062218433226,0.02740538356398864,0.04427905718125637,0.005157422860810536,0.2297545797962586,0.029199906048612008,0.09045635413119105,0.1519875384503868,0.14648724237569774,0.13451881802353297,0.17983500343766365,0.28201320079177705,0.057645955669209596,0.09900753879256495,0.08253586185261448,0.1196439411516443,0.15901102368578798,0.31276264377848306,0.9999999999999998,0.2570460736671723,0.22623223395106845,0.17844959181857797,0.11374497581656492,0.267885587605076,0.22641413783779984,0.07804313729047718,0.0020786269400411258,0.0,0.024761688707363397,0.008009557247558096,0.006997396694057315,0.0,0.006712447210302282,0.0017518911278691363,0.0,0.0,0.013621350789321881,0.009074241535212165,0.06315382983866413,0.0029464281419698426,0.011021624081274363,0.003796524675639834,0.01570321769366186,0.014231915260864484,0.0033324481035972857,0.0,0.003635003130438166,0.019403786656308583,0.0,0.0,0.005032232411247689,0.0,0.03274212950678105,0.0,0.004525739917362472,0.004247016054450019,0.003627609597123693,0.0431896831910922,0.01457977662382253,0.009116614051331164,0.005681892763885197,0.0,0.022839432384576162,0.07682426258788608,0.024425628133978524,0.0,0.016455957559316378,0.050260571138240034,0.07459991736114306,0.2996536948881998,0.19690895628445498,0.0960629149785209,0.05365619253924302,0.09137616445320944,0.29988367518207487,0.22273652791763043,0.12871312734618828,0.006398912686138319,0.0,0.003354916635887821,0.0,0.0022542718280398567,0.009321989631353124,0.02693136986260818,0.026627562438308244,0.034614156511096346,0.045063248482203076,0.02013556025561246,0.04017760335275187,0.02377749519124389,0.06057460705909972,0.0942406350844907,0.12411368494019817,0.0,0.0,0.016143267904463954,0.04983996233303915,0.0,0.1443221517468677,0.035065648019045575,0.03432668108517446,0.044214442634638335,0.05246107141239767,0.0049239084106055715,0.0,0.0,0.031245883239831473,0.0054018921746347,0.22873185628962134,0.132197290187149,0.27040043796696,0.12080460250972727,0.08131212417566981,0.0,0.0021935973251311354,0.016319848120748125,0.0033947699142392964,0.045610270967842245,0.0,0.007031603818098403,0.04022595376762396,0.0,0.015305270853405937,0.10418254791268815,0.0031221771580973398,0.10882586344510185,0.17504793741627775,0.2832582817531623,0.08594304404715415,0.14411580225209714,0.08913228366265155,0.11283052435158104,0.14317694989075078,0.008721096962788309,0.05011741533965681,0.020628177632071594,0.08337742166200669,0.06718900835102302,0.2496782985865408,0.14494014686471623,0.1987158572392505,0.15271534908485745,0.055716323244293806,0.004655107929926234,0.0,0.005287071605874502,0.12081000281363799,0.08435899808444879,0.06226984610153923,0.0034196553274837083,0.0,0.11819734177502816,0.017550158949303587,0.23204894037236673,0.0110065946711188,0.2575190194269609,0.0,0.0,0.0,0.011307524625125485,0.11088075705307168,0.11243170326142896,0.2308195409812833,0.03649867386285517,0.10347099685949145,0.07898474487895916,0.15930664907074116,0.3165921316141029,0.059657893180119284,0.15627226452878926,0.004821905393628298,0.02334195161751963,0.04356315669371559,0.04945462118878378,0.03762781751639589,0.06119034660524949,0.10744888825571663,0.06940427435200303,0.050799745367049676,0.027669852096237853,0.060449270208256176,0.12031905837113384,0.09715697193567771,0.21122302986902894,0.0,0.007532972913000174,0.0863473656015698,0.02724805532200792,0.038942059582486026,0.0036987780072614924,0.01798863083529196,0.02760018676611236,0.029293922138399493,0.005496310534939475,0.07278210081516998,0.08443946134094787
227,0.136159988521288,0.11690973048915095,0.06619682549077475,0.04608761441556734,0.15198158808722914,0.05979865274027276,0.09911709306750167,0.020996857969726286,0.270800587062308,0.10204247063766445,0.0666033988137103,0.12468072271405438,0.11003122780515236,0.15375619121541462,0.11477754759018075,0.07377303865457353,0.12363517685363398,0.3675622776834539,0.0731985284382719,0.12839382156277362,0.21466608115156705,0.01763427560437056,0.3652745053068132,0.09684848871391075,0.1935346793034567,0.1239748275467638,0.144577657892571,0.0790994668416263,0.3027017489403861,0.027448177334244858,0.16208716262934364,0.14785675430307588,0.19852456939449498,0.2153495516820657,0.20545125122853083,0.3606880488921684,0.11061110477140708,0.10594198060943806,0.35568403178684255,0.18989019465535112,0.252572297026299,0.2440618931783529,0.2570460736671723,1.0000000000000004,0.2673005068186455,0.28595275846708434,0.16369405364831874,0.1255618043604309,0.2511687740087218,0.05936001228168388,0.02923162083226861,0.030355531778292866,0.01824541413908018,0.04759980178780381,0.05431682198254725,0.0018762663315703403,0.03048480417689388,0.04715570658470452,0.028025387953794834,0.014793033204920626,0.04281545388525101,0.0036153743305108645,0.17214910155188606,0.011838300318384612,0.07579443006799166,0.03865685493400098,0.05007266564343734,0.06622342667226902,0.024596464213161067,0.0020898551125181327,0.01114156131908421,0.08803379339392495,0.0,0.012630125056363678,0.020280505673299497,0.034820568591470355,0.08144521371831605,0.015095328851392463,0.004234886004815858,0.026559494246842952,0.05843637663878184,0.09210561414783758,0.08655160985407251,0.05668207042286996,0.020623443962865667,0.016854438627072352,0.11610725473613434,0.10232203623357149,0.04970259403462808,0.016158725658116595,0.0610922440459125,0.14326703540574406,0.1814510710762932,0.335972464114699,0.22530105654871166,0.27200896395045937,0.11243941386560748,0.1071518197737943,0.22877224226868317,0.31618895434424416,0.17267308976707596,0.0363246749423288,0.019389861378762755,0.03899740542486644,0.07340127382578104,0.049161687786909096,0.01440700094670869,0.06596896635012842,0.06181721049118816,0.07681857677778088,0.03465148517129684,0.03953384649056086,0.13176918795030906,0.022129278839486077,0.035204905189900194,0.21111639857683367,0.0732953785538378,0.007366539785995825,0.02798033514012014,0.03660396623104113,0.08576695247737197,0.027476883159651983,0.33265600277606205,0.057015510168440205,0.08783196658777438,0.08685867102663955,0.12796279183616877,0.037737310663142724,0.0014139019629923913,0.056706509644896284,0.10145676324024629,0.04257494952026203,0.3715752924202595,0.31318403880176254,0.2004201202078352,0.17618209748938152,0.1887947916949893,0.02262870796303347,0.10679103678057601,0.026664210763405145,0.0356928561563649,0.09754139724098565,0.009622692016868873,0.034681225963994256,0.1243061596064589,0.06540127027282061,0.043094281999949725,0.11121679383837255,0.047779442694005525,0.2446541677299109,0.1959251841150077,0.34003373026646,0.17520422079930387,0.14205077557176712,0.19631099897937804,0.37871741399291153,0.09245006094187161,0.04940746850164851,0.049186450520108206,0.037074169444266655,0.047092637556575216,0.04123034257080923,0.12219476433429764,0.2626793090423709,0.18225085298340124,0.3351818588719455,0.17726215651602462,0.04380750829010374,0.0037736479299450326,0.016424471198984006,0.1447966678329253,0.09329688219774884,0.09893594811014154,0.02704443747788373,0.1366159737536483,0.29996322902030476,0.04138149631370012,0.18756464654394336,0.041034495997214135,0.21683656878916813,0.05642881670498776,0.02900322036321558,0.027516307867418634,0.05423743641097316,0.06731346377386013,0.23971677187656434,0.31038485879003197,0.11668361820509535,0.04813626373773837,0.08034669241163339,0.09693312924265905,0.09278685522250593,0.04986459323573706,0.22474670262067373,0.10915461707067933,0.24377696984756622,0.11467069942594225,0.20174388621918923,0.11325324286767274,0.04002715702473707,0.16820520355454902,0.17524717799783804,0.10566940287868298,0.07029370705832635,0.17919611084826045,0.22110081562833578,0.09163240352619055,0.35855896717238833,0.019552700039380137,0.11232337190576008,0.20162519500352238,0.05654585026992477,0.05446920997136324,0.05493259797236767,0.0830503767932964,0.11983350851789339,0.18775251430221992,0.028585525773984242,0.13827552115323272,0.15295364145248927
228,0.08226643396603629,0.04100229687718695,0.07508055747280044,0.06915522118645873,0.15000735410286586,0.07209414507024775,0.12085272259959716,0.09385651158397026,0.3108719517788557,0.0734960030811455,0.1143242124061642,0.11284152308697491,0.13237991880337263,0.09723622751398807,0.1753911260574783,0.10809712092761635,0.013585264532100006,0.2618393195546237,0.044066797208115266,0.096124799723041,0.1149606616766329,0.029986635501824545,0.11762244128950101,0.05585432656794941,0.20813920704840116,0.06853051375346753,0.12805927111392346,0.021853456165097686,0.2980520217351887,0.1197301939300975,0.10795067545974474,0.10394555338056373,0.25309448142624336,0.12651472161806054,0.14109526481264728,0.3556788609697109,0.10633746452703308,0.15836912196562958,0.12338372726704362,0.155047970328383,0.16378020433058266,0.31642261202383054,0.22623223395106845,0.2673005068186455,0.9999999999999996,0.3644830585040549,0.1707196754400561,0.06730854599906409,0.17281486252413963,0.07612703951189974,0.02187975674056861,0.018890056387737518,0.026537337050203745,0.12198666024088656,0.07881723964859241,0.013729629261529694,0.047663355674762466,0.06424914006784213,0.031003092998776325,0.04755345753940952,0.09980375811960407,0.03182755624364629,0.13283621269362236,0.03573359360803006,0.15506856440704608,0.08074740377139818,0.06661517861262126,0.10601177928450072,0.052080354582182145,0.03417462141254882,0.04167679845109859,0.06172487250273441,0.0307582150723283,0.050861529838003294,0.03933025663986621,0.052094521592599134,0.08976862386764728,0.02404552315289222,0.03700743603258919,0.07380534906997975,0.07490157578383293,0.09261653993325762,0.11393097265563744,0.05163745348092588,0.05195288614210951,0.03981906971054699,0.14344449048491278,0.10122964936013866,0.09255780803360979,0.03968880250778953,0.1021166504213907,0.13761484311126815,0.06949085635000393,0.3546069127246299,0.19553062214640166,0.14936552681351853,0.11464230801667269,0.17923666085680356,0.13181745420081312,0.18232759600710888,0.16652678692813366,0.022186926002210117,0.026771653433726204,0.06766588433964749,0.08052501844514816,0.09869741662746075,0.04572551420957727,0.08342136585392297,0.07078152570482216,0.1372959820103605,0.06921635218783716,0.07123749969577906,0.17668426637130638,0.03674585524230685,0.03876385709606272,0.20125120498596713,0.06942333952197603,0.05913581245929907,0.02148169944482281,0.03677680894007474,0.12356464784793872,0.057321921161659975,0.2938122818192788,0.05839848180819371,0.04737466872469608,0.10313936181967383,0.115808193118368,0.04373070019791912,0.033826798604485606,0.06139938488909997,0.20145165372238555,0.10367983160794972,0.1794073600215639,0.11284407733213699,0.20731598452950445,0.09332769432336838,0.07217099125298168,0.04574845032307778,0.09456148002019199,0.08040890565488139,0.05474662928424494,0.11631174642817341,0.029861965440918785,0.04902733295906121,0.1988950366936782,0.050897296410534434,0.05958727861372256,0.2241192210924142,0.09525792301944337,0.15749730955055935,0.08097801169230029,0.27677707347538455,0.14435140559473125,0.16759480015467135,0.09031451085546695,0.20171817130096747,0.14020776359964038,0.030356274796651258,0.039914502706638204,0.026166675004902468,0.005653209642600163,0.025918192899912356,0.06332275264196868,0.14205778463701696,0.12456795079590297,0.11404274804294832,0.16543985038405493,0.05550113054295176,0.007000938392475881,0.02789176684995828,0.047321777862667926,0.033546933545275735,0.021590751891225658,0.053083767215583444,0.030328190891753423,0.10004712695595214,0.06960174838354671,0.28514698522129794,0.0378870215025522,0.23256282290910152,0.024059771177059208,0.06099635628827952,0.038595014693939354,0.11300710155964194,0.06694051278789873,0.29623765590236495,0.3044247202444343,0.09696366482179526,0.0919418887989391,0.07170153639641014,0.16881620833185687,0.056956711167719186,0.07382819234914023,0.13916727955326774,0.08838729405520951,0.04312557180521669,0.1413495617555646,0.08502756736408021,0.02936798541137461,0.010745440364902485,0.04063588799964332,0.05797655499369609,0.2393215831409332,0.13508554766422845,0.20939067422234697,0.2786398756249791,0.12909882433745845,0.13439183574876895,0.006145911556062724,0.026831805207723405,0.16018558542982486,0.0748252754753753,0.07657599388832603,0.1278153257903747,0.050183591358218274,0.032511279174594475,0.06955796674754791,0.045285096917356785,0.09970459178793074,0.12858411731804334
229,0.10516197159185875,0.08088950286868,0.08079604371886251,0.13406755512174962,0.13296318637021984,0.15109197627270657,0.12683327715336298,0.09987264922662721,0.4591797833845121,0.13430012585337006,0.15129242786328115,0.14203681128484544,0.08109701061192785,0.13849532579701013,0.18543358208705263,0.06600394523636409,0.014842681510296486,0.3057297723936822,0.1137259822043194,0.0775716937216963,0.1927102684058522,0.0484239887663236,0.0864155677126241,0.14018300246613905,0.27843983568619934,0.029692529609809677,0.3889298744636327,0.09034124636412887,0.43550379915925014,0.12825966423174678,0.12630886345990025,0.10057403610213965,0.26916505313948963,0.18279485501626588,0.1432038776200874,0.4233658978232202,0.15732976353205597,0.25004151346501435,0.06508876731202226,0.2616880956207153,0.18458933757266552,0.3393254040892475,0.17844959181857797,0.28595275846708434,0.3644830585040549,1.0000000000000002,0.21631219480349076,0.10831342221348744,0.1313826935130014,0.0836531314903371,0.022421315337738966,0.011150005890465307,0.04638521332572064,0.10210025885002366,0.10546403092587717,0.007427495205380937,0.07548281415375517,0.07966898549154207,0.033937836678721404,0.032638551347804044,0.09492646556848336,0.015447904481454718,0.24029607682985346,0.033234497050206493,0.14997913590551765,0.04902601579330638,0.1280958865913353,0.10396162920242566,0.062433305280105614,0.022892369326026805,0.01592551493628908,0.1355707676305084,0.010273106017922569,0.04344375328867323,0.033271694123579096,0.051407238792857336,0.116992577968199,0.03435156813030482,0.015028885693186927,0.05711875197549133,0.08977222121523454,0.07366030706088228,0.14857434567610964,0.06778169206958089,0.03928519180655239,0.06983265075668811,0.1231815652956606,0.17690287902921026,0.11132292556065485,0.014397021084772059,0.1720142021809191,0.18481149300451452,0.12602266417496163,0.4237925217874338,0.2914983077009836,0.17282233945131634,0.121293372133851,0.2200729510550831,0.1182168293916909,0.2161917363448486,0.1717037100347966,0.028893954281581147,0.017799954350223336,0.05771051533912251,0.05587496402125444,0.07114196986427886,0.03242533945285221,0.05885733673599609,0.12862747899083307,0.21352599557946672,0.09145915800127755,0.1159976460727529,0.21607918880583102,0.05234814295073984,0.08866801170317878,0.22609104564931182,0.0750818120012803,0.05232158009846561,0.01718743235523064,0.09197404097681953,0.14583093543492862,0.06305358637688262,0.3603202281266905,0.14515387617505557,0.07327042469850864,0.18322510759976285,0.22554685777224107,0.06602708590107059,0.019308363265230773,0.0750261330462662,0.1865358118337159,0.06934883190853483,0.0701123765337734,0.14163955368948858,0.13489628042195714,0.11212890735287068,0.11904698435592921,0.029242954495450526,0.10557647975050675,0.07150805920752971,0.062229347146103,0.1427247307471593,0.030899026408478667,0.05302890787695419,0.1804655350911271,0.08786233134615261,0.0641260403380348,0.13687698133022547,0.07071062333771656,0.09526308795138799,0.07109350969654163,0.18136018576874408,0.1027455573806728,0.3479763589631437,0.05544662765323108,0.07526600996455855,0.1481859488189402,0.059789796018196464,0.05277714961165228,0.049479431995737254,0.015253475536373358,0.015771244049910357,0.03693016916436909,0.07728572479157747,0.06957601035491652,0.07066425897224475,0.1707805603222902,0.04288235530325229,0.01773645073432025,0.01979133095288305,0.0292388272640295,0.01480020617122631,0.019603847584357834,0.06917473725220466,0.0655343237214884,0.10286934867262769,0.13987132532557103,0.2842329591023181,0.05902096655489161,0.21382383120480603,0.09076697705155015,0.023875080447773967,0.019154582001354937,0.1266932141235458,0.07460906823565466,0.35489012677098314,0.4187272638035623,0.14238009017309022,0.050476423866167984,0.10547576814117457,0.15050718763473553,0.034394357639193546,0.14835470555735017,0.184207549853764,0.12906792020068847,0.08956131426908137,0.2063142657739757,0.08191612633858346,0.018636541659551538,0.02033865052198077,0.019753658067068868,0.012598412298714067,0.31282614490882465,0.2271264820474977,0.2144254131460497,0.28553240376288025,0.13096257000233827,0.06916407311100374,0.02100870235930619,0.04947683533171705,0.07366307853609401,0.04176303577968408,0.077502819669744,0.10533894394841298,0.09971432885250253,0.05795868847280337,0.07568110982139573,0.11040089365246622,0.15194123416503194,0.20543646209998764
230,0.14225423588573324,0.02629452687730695,0.023439787082770922,0.045573397298672706,0.09035069232792975,0.0314556818391977,0.03090893085809633,0.02036322673246619,0.2205035178548355,0.07737322514933888,0.06424549793999951,0.05272284804224612,0.03636524601153901,0.09496140036572491,0.1518916231340855,0.03014577513043131,0.03649041072271159,0.11743380428158978,0.06051710221567785,0.0764519607708929,0.08382794536979268,0.025266779785561896,0.11717437515144798,0.05897291278912899,0.11737971116279894,0.10387999414315778,0.09285777954019579,0.03152659673447555,0.25597079413578183,0.09733481470253547,0.032843665047925664,0.18825018938062524,0.06129462320334197,0.12353468790598902,0.06680812947198375,0.18397601168129185,0.3210680147150395,0.048359653262967886,0.06801539963469745,0.05280604569738283,0.22135837344134635,0.04717142297760273,0.11374497581656492,0.16369405364831874,0.1707196754400561,0.21631219480349076,1.0000000000000002,0.10570593284019329,0.26393747297369585,0.04431502372491142,0.034329254922924796,0.012816498820231479,0.018848659685231375,0.09909332067640876,0.10159223898988108,0.02429886298936855,0.09470260825590335,0.0860712008809527,0.06721160660575874,0.04209015321318606,0.07576255736467423,0.02298085880898327,0.13125138375527562,0.03323279161126452,0.1608096326797635,0.033543272838144664,0.11447375207146226,0.13054373547108694,0.056954304316246346,0.030985555737293537,0.03257607266037918,0.07539182092347144,0.03788680066793891,0.07200641564554665,0.038940522141785866,0.11788509340732035,0.12356487237327976,0.08948419599099053,0.05101392283235173,0.07327565004651639,0.0800506032508451,0.05453351293041203,0.22257540313429286,0.09433498081385606,0.05893492095550062,0.03774651493922311,0.09751935187188088,0.30006505241982273,0.2117320460094375,0.04590601703937539,0.15587267558153048,0.31388880553127163,0.03639444248181322,0.11339562581338088,0.07572505975524736,0.04803545564443393,0.05145417847132676,0.040618368124185435,0.08694636321417938,0.0683077883069321,0.062301323360480616,0.06203522547260389,0.06301118663254969,0.11400149204298499,0.13095710042864847,0.1376384008938614,0.05643091496567226,0.19306713093312264,0.28151738405904053,0.19028165129639366,0.14313124909556627,0.21754601623651193,0.29904452856120073,0.17403940560182363,0.073336430147774,0.12667485192903166,0.08615374771646293,0.09778850913293619,0.051558514475714266,0.09569460449593274,0.06309939690681515,0.0643452148877411,0.19059839455927674,0.2742706175579456,0.12728246620218867,0.11548211438588098,0.28354886853759204,0.09342967563513878,0.018999440400944558,0.10335717698365114,0.10851054495714055,0.026308964892564006,0.07754310055159258,0.053018217319650146,0.14372389654546763,0.02056361857690611,0.0075955607756426615,0.06003503724644038,0.10074818620557449,0.1138680274869286,0.1145392571980396,0.0660317002506339,0.08130246580562818,0.1902951160353565,0.09544739608240747,0.1462640379469252,0.09132518571830324,0.03321121815900681,0.14063904400475077,0.12204147412982393,0.21561519642878005,0.12122336105864051,0.09398022808264322,0.13185387653701627,0.06634643522674166,0.08564009445655466,0.04199550245476815,0.0723092839660743,0.20349181237202957,0.10929264701366902,0.037391252014589704,0.045219765417915454,0.07998143078606847,0.15068867664428637,0.04848559630940756,0.0509957344740325,0.08306480344158092,0.04434468625721898,0.04068191299041801,0.02442250982099353,0.08293389923530517,0.041213876368670695,0.05998110147778145,0.10534576541683889,0.1309916430562787,0.1562836186408582,0.17772684626866087,0.09085268844432531,0.06645288636103346,0.2869981307081377,0.01918585170324455,0.04997287422791187,0.058020758324842985,0.18144715301464684,0.18830587500620705,0.10524224262040398,0.11731942238546625,0.0439677362148215,0.08200458319183913,0.08716233588219496,0.1309083746703111,0.10527080183540057,0.3059299062784201,0.10349948450193547,0.05865239845272104,0.0809235130340398,0.23991574267424948,0.17723202256289108,0.034340355215540345,0.028750966203079285,0.03878796454350231,0.03341061781051286,0.07644412997572311,0.08184931475758545,0.11738038603005638,0.15774920754803703,0.3305772839204192,0.07205421925839522,0.031231242321385334,0.05467403059710894,0.13898846803304352,0.06003795772846654,0.20523094906523578,0.03555896779667701,0.04031179485496435,0.08982305461276063,0.13689729898843106,0.024995232573965135,0.04158227140118718,0.0718580666294537
233,0.21913478011770982,0.07500661522626201,0.12012845885976428,0.00929021385860235,0.1331150785603702,0.0881459679954944,0.10106508759197753,0.06241062854791517,0.09222903540508849,0.036134921337865514,0.0762229006038479,0.1802384864565975,0.1229449671395243,0.10895964532880734,0.04364391444765119,0.01688778262939705,0.12620648708250157,0.17917884348916888,0.04143123683514491,0.033344022302328274,0.13835815848971322,0.006199319273791231,0.1017688855444032,0.103628828805263,0.15409108027315194,0.028503067071565587,0.04682581572502253,0.02410007479304509,0.20555669432402643,0.004323821944205533,0.035480427251505756,0.13036633190857352,0.1459642601001968,0.06825297897892683,0.21090387153536827,0.09326940638433763,0.07886038358256164,0.05411910201206964,0.031028877749401326,0.06316798678279663,0.11656143901491019,0.12354400279056203,0.267885587605076,0.1255618043604309,0.06730854599906409,0.10831342221348744,0.10570593284019329,1.0,0.09638940605213338,0.1808680266955877,0.0,0.012211795530086333,0.0,0.018748368101709285,0.005346231847543627,0.0,0.006035959817356036,0.008917750334379932,0.0,0.0,0.022086105625105903,0.012476156534549017,0.026622080303135863,0.0,0.015294395206322343,0.003917696093975329,0.024302937434534495,0.025070803345554192,0.013284128855920889,0.0,0.0,0.03266613194111332,0.0,0.0,0.004074735701406587,0.004792809715465277,0.0030230123927545544,0.0,0.0,0.00839181366063602,0.00936611762345187,0.04568572331035559,0.01599527209537833,0.020913371456864307,0.00436345713233818,0.0,0.008657379358675797,0.12299764656758305,0.07062660447387893,0.0,0.038457439879637324,0.030397316029294616,0.08965601045602196,0.06880954149576254,0.13505801372456808,0.06105904602573699,0.03147090055654372,0.07483978474524453,0.21428577490190118,0.03761206984724915,0.1207590325187245,0.008767744321780143,0.0,0.0016795951465945805,0.005423947150592517,0.008368804144947683,0.013349665889617144,0.015027918699609996,0.013884082899145524,0.11115517273450413,0.06938638907210168,0.059425633591663196,0.0594016980383502,0.03627347046913273,0.08627918533855974,0.09805534198636214,0.2271692896799976,0.04047402891143522,0.0024212881277268757,0.014688162566254331,0.028339657176940775,0.0,0.09299486952849294,0.010733009728607034,0.08776115268102996,0.04726750882546074,0.07182100552287467,0.02465303636928602,0.0,0.043104768928464376,0.006152709129334165,0.003093403536963208,0.05963655176117248,0.16935376372754998,0.1013707365734951,0.09264095597195246,0.029504160576544376,0.019060140159781896,0.018258829518129977,0.018506133456393466,0.005465982918445267,0.021377798167907885,0.0,0.0022287624595977032,0.06506905729046901,0.0,0.01563660430929826,0.049308506577682584,0.0,0.04107366815846563,0.16827810600810705,0.11723741892005068,0.058992759662274956,0.059842483642878044,0.0710798644224045,0.01874052046187455,0.07245920796859193,0.04358589841177174,0.06053196553477863,0.01885004744204153,0.0844936539175845,0.07435040996896011,0.12275693743754718,0.1061403236857077,0.0429661223410615,0.06565244173847455,0.020074041226556563,0.02826814991816365,0.0,0.015270515723998882,0.05820487688338402,0.07151612720136528,0.0705711673323055,0.03765354455086566,0.0024504381669692874,0.08427667882322303,0.016449426845144437,0.18694040570326625,0.01973987471726684,0.12489251982582764,0.0858100973864471,0.0,0.0,0.003208412958606049,0.12572066064229917,0.022888996690076692,0.0928418892213795,0.11030872072781889,0.1745367145772368,0.17052120134505658,0.1983492398070368,0.22466068022711017,0.023788914365819435,0.09291070917418687,0.0096423053880016,0.02197046590482159,0.05972036349668734,0.030335247484867513,0.030032374618084,0.04500814718170752,0.05605068152905005,0.025131288179012508,0.03426629280247599,0.018627095293196595,0.058409634799761224,0.042018843564477784,0.03164100013027073,0.08518078776117707,0.0,0.003813683607088588,0.03362976822129222,0.03528675595639134,0.04711315416278018,0.007669793693120847,0.04581456403245623,0.013458291019319243,0.05366905601021388,0.021767678690344072,0.05645372624234907,0.029021844769577265
234,0.23805797527264766,0.04920316004504952,0.052270322023490946,0.025814396573045476,0.1180816939621998,0.0,0.06252657247005877,0.02940641224083222,0.1468546905442825,0.047681176551737196,0.0751482251157242,0.10569475243840111,0.050070029939468685,0.1191959075151953,0.0800713970415381,0.031511455217865955,0.06739822399316925,0.2363923107025141,0.047475988878175404,0.10270885784980313,0.1857179676147207,0.01631641078352266,0.1855462611679371,0.10517566236128403,0.20514109599944463,0.09593101976478186,0.08056291466370603,0.03930241572659095,0.22049375209435826,0.039507088670592924,0.06309656615724538,0.2896655267104792,0.06475163283262052,0.18352125370287914,0.07276038404631963,0.1856550435957957,0.160467889511881,0.10053277864903282,0.1158244957467328,0.06461465824844459,0.3020447732474557,0.08933508598549181,0.22641413783779984,0.2511687740087218,0.17281486252413963,0.1313826935130014,0.26393747297369585,0.09638940605213338,0.9999999999999994,0.06584308264914054,0.019242252651962027,0.005414286816535664,0.018532450727773916,0.055485301974092086,0.06268447693189845,0.0033685919610664684,0.03543463436933197,0.0462500139971271,0.02849899652961836,0.016466997338794195,0.04946245171419499,0.013090432190422325,0.042627532568876775,0.026446408387428663,0.08669790579781071,0.02355691877428062,0.04748947873424601,0.045773050537087634,0.01680291474819425,0.0037027955096054035,0.021020215256341093,0.07211178897175319,0.0128246369843965,0.02817125054041091,0.023058982414866522,0.03301026887654556,0.03674033162662664,0.02184913202870028,0.013842175010331763,0.02900813952413874,0.030933207516823588,0.029709294800599133,0.12809723906300868,0.03829313145529767,0.0356560800971807,0.011785288198401625,0.06543565795184125,0.15155354673017796,0.11766641236063546,0.003480700478632445,0.035163138278261626,0.2044037568172531,0.05976346440516478,0.16100145891356288,0.10173803420939276,0.13623708287940262,0.04539826724737021,0.03961184498634633,0.2889358424022663,0.08025563584957623,0.22588692308635705,0.025664615928547317,0.033658598070775814,0.049297909340475295,0.03560580191826812,0.0560177386082833,0.021134566759664835,0.12563983185616914,0.05580255831997988,0.1306431199645419,0.044991051461418574,0.15285097949833878,0.15860565667157817,0.07773718700225532,0.08690018535931106,0.10290861787109841,0.2118855245283156,0.05823379892527745,0.026099849567671665,0.02551781727503241,0.038266206811763646,0.025467181192033367,0.16766396475215467,0.11226188147870364,0.11969861971470692,0.0965462837130431,0.09075089330067093,0.057395716704526895,0.00563657598487053,0.033415098556459286,0.03228828296937953,0.016663661858845054,0.1864355771150263,0.1386433663532606,0.2753109502990022,0.05350429111383831,0.016263843287788793,0.025379821603470114,0.0609874900265533,0.07212307436783454,0.033975262283576856,0.04459426900628276,0.02132658028402888,0.024641966110419897,0.06652765120711568,0.034249817099687725,0.03249010307526534,0.07049663301762228,0.09863458003757153,0.22477561379692237,0.2768325583487192,0.24515058344990576,0.12759256754383372,0.0633831488088982,0.07442168571268475,0.1683357050203301,0.0791123071706539,0.05777802659586051,0.11556056423670232,0.02939061452985886,0.12865944703524096,0.14157760146704884,0.3429764537210306,0.18627321007968423,0.2425008265331862,0.27064034506412094,0.06897596959355196,0.01407897537826797,0.009737702129528873,0.027356338638520036,0.186383824594514,0.1728847182104553,0.05661741903121028,0.06420010390631424,0.12317823300703927,0.21641743769908495,0.12972175777476788,0.08792519849809195,0.021762523944438363,0.34256012200854663,0.019228214136772726,0.0101185487439574,0.019314861897276103,0.048931617787326055,0.19497208708581965,0.12727179139612035,0.13188021984751286,0.05816649416376853,0.14250850433085213,0.11604708613126107,0.17621051769750512,0.1457168869124622,0.07613245114388202,0.16435722023097377,0.03499666899907062,0.08208579941198058,0.1287495188560669,0.2680082212125402,0.10709339784790278,0.10650869622486767,0.1589290154780135,0.12609757842192879,0.0689439317909104,0.03870760561016649,0.059489551949892173,0.13517466994399832,0.27572533766736257,0.24598584981013136,0.00583942869396332,0.013696282455626029,0.28107815523125007,0.03460891171997478,0.08662301121594602,0.01867813363387107,0.02176400538243902,0.10658655521215028,0.17911421933948846,0.01795768797952239,0.0293614156391902,0.04358316108057563
238,0.044612408862155485,0.0247680045049266,0.3048262149786103,0.016437272511136088,0.13506222287295744,0.17389274227250684,0.13396049659651982,0.23424933939303688,0.11658404704506413,0.04943553589354503,0.16320150375419515,0.26164518250913604,0.3927950538135027,0.17065910718578775,0.02904578476488025,0.015643340993238053,0.08683758445870862,0.25546442239700956,0.033750719048813,0.023117080755421557,0.0753029811272765,0.012371106566302652,0.08829061446510543,0.07563889498141771,0.15239462741566748,0.005646074470969757,0.08371879161154629,0.06723173140365321,0.14010123245368472,0.03439008171418878,0.06792196913426393,0.08455470860476684,0.08654697962586017,0.12103975971355001,0.12824896326894134,0.08303995443304447,0.011397893028357411,0.05954814141204877,0.0628796325105146,0.026502390910563934,0.08428111312171559,0.06296280997238102,0.07804313729047718,0.05936001228168388,0.07612703951189974,0.0836531314903371,0.04431502372491142,0.1808680266955877,0.06584308264914054,1.0000000000000004,0.0021731613913991655,0.0,0.0,0.008552579988233534,0.010392929749472861,0.005274152796672705,0.0,0.017952013851903828,0.0,0.0,0.010252467244851885,0.021142864192573413,0.046278791614878974,0.00658145624363405,0.01066628631599307,0.016387572828576023,0.011105482364970162,0.017815376958080928,0.011202315822045167,0.0,0.0,0.038783597627100555,0.007236463953510693,0.003539741852930881,0.0,0.0,0.004739004259596398,0.0,0.005509500656910711,0.04348792763538323,0.01638394621993505,0.039142047332838104,0.016428858433534144,0.002222838289288853,0.010601026203881096,0.021195126211063564,0.005777603808642812,0.0875141718093485,0.039245867777728684,0.0,0.0,0.005764237541891011,0.2554796793843005,0.03155834637519191,0.07021307034567906,0.04466833968381158,0.015097680089494086,0.08711193253602029,0.05114521390763614,0.02924174007443877,0.10442324721601977,0.0,0.0,0.0023381089713656387,0.0037202476023603616,0.009055257451095897,0.0,0.04457273944309523,0.0,0.03302693386651133,0.022281219525053582,0.0139570639072988,0.018074946753983107,0.012587032388060162,0.022706476875191558,0.06907155906433012,0.04925587216455333,0.028253888843323242,0.004172338832419697,0.0,0.04550114084869908,0.0047377162535264415,0.07990739868920183,0.0,0.008054118003856203,0.016092816538753607,0.005387068330630053,0.0,0.0,0.003615153449955922,0.028475149384704967,0.02062598771487362,0.03147093424014424,0.07613447433491391,0.038040512023138254,0.01177170766389124,0.03424505083321762,0.0,0.025815336578958497,0.008332728250434783,0.0,0.006058266706513694,0.003966386217106184,0.0,0.037469172159903655,0.006075745748929569,0.009991429375996154,0.09894014257039518,0.0036960128922580715,0.017244709157460552,0.032542551486553765,0.06119614889129616,0.06804243110875954,0.024875929873106252,0.042804322496542244,0.014193268720790058,0.09286309634553006,0.010977291502155033,0.013131453815496037,0.006986142469427091,0.013217015451573414,0.02413761744576979,0.03519852965266757,0.02291671719222063,0.05513884442996531,0.04465042064183658,0.03748571353074076,0.011246984438710849,0.0,0.0065915512915476655,0.002484696221301729,0.023994116468229118,0.02450835270429047,0.02774031896285127,0.0,0.06035094896078112,0.0,0.10078185557594144,0.029050307094235183,0.04994726970512201,0.11210280925810172,0.00491385473570107,0.0,0.0,0.023060002888786187,0.027330918576227745,0.05254226444111812,0.22795002966245825,0.1756444726030082,0.06498564546056111,0.04204821844596492,0.12017839449377954,0.012127438131185948,0.030062086748539173,0.020244141756260974,0.020053378866660757,0.0,0.02545655460963689,0.01573337150512444,0.011528461993971314,0.003246049409074563,0.016081236901279175,0.03536645099895671,0.005391420362741056,0.05033257429431291,0.07929772812320725,0.008979396093175232,0.04528617290812302,0.0,0.013277515643049527,0.011111677513239628,0.04812153273146258,0.010421050187953612,0.013922631401072857,0.03668233146262609,0.0,0.01694459823770257,0.028533944433825773,0.06180252491217293,0.029527769845916416
257,0.022705546443488298,0.010833731351544093,0.0,0.38507196531206783,0.009114906752986016,0.04437969396698889,0.008282208914065546,0.021079118891784078,0.06668912121435701,0.3828985805094416,0.021435921771959354,0.010757714072324426,0.007429681692353402,0.013443817026952553,0.3340784626717855,0.17808953330622435,0.0,0.007812421571882014,0.10425712774640035,0.280186694960216,0.00121089156653292,0.19818761692411074,0.0,0.020523839227337866,0.014875910208995164,0.017717849682738387,0.030432315466829576,0.01129687093345047,0.03055624130568492,0.08613319983543438,0.0,0.0033450089708843105,0.01101184524825552,0.0018096747614450561,0.0,0.011483270277726313,0.03136375055335024,0.004833884723070366,0.0,0.005148501323523678,0.016527735459079457,0.0,0.0020786269400411258,0.02923162083226861,0.02187975674056861,0.022421315337738966,0.034329254922924796,0.0,0.019242252651962027,0.0021731613913991655,0.9999999999999998,0.3717212680303661,0.3874568647647564,0.4924414573399526,0.46314821076285556,0.35708232663896416,0.3998230208186865,0.47727670252704657,0.2934381347696153,0.5235391857923944,0.5240409647881717,0.21329890020474185,0.18839739286456866,0.49158618549860394,0.35264074075781404,0.48479780109099213,0.4156878846202094,0.35957895193647077,0.3096044171564851,0.3398584934989852,0.3692272507514194,0.137755198136024,0.2982697333978133,0.2778419694955053,0.3523527343172206,0.10510938016642808,0.07415195110401611,0.25712816235078617,0.23683389246412667,0.218878391900079,0.23788714452959073,0.17066831183895342,0.2812841513792646,0.2560194979710378,0.4756561189317173,0.25307418553278554,0.015236367818274636,0.08033693798508128,0.1362750346964909,0.1726884184336017,0.03423780670173809,0.014517977297730463,0.00705415656885283,0.0013832336349058497,0.0217940275326467,0.0,0.03191561331468873,0.0,0.0015467064037546611,0.009107099291873918,0.0037522401156884397,0.2039507817559145,0.12780681528158525,0.2875607089691321,0.10830351554957376,0.3050131942297781,0.2996777472672968,0.11466931934624248,0.06725216229215784,0.03861185993184563,0.00887109310958888,0.0,0.12431415484314526,0.011515041817046556,0.00666743981792398,0.027283060648353313,0.004335776428729465,0.058777696100862926,0.262760565399703,0.3152166176928309,0.037864502421719876,0.1981057037455624,0.002555311263817824,0.0384999259893709,0.01254942709810463,0.16770436100322317,0.04692267514191924,0.1283005895201083,0.20275548934494003,0.15445720943630403,0.06559457172949622,0.112047712215627,0.0,0.003960069331903315,0.01146530873710128,0.0017948662968224067,0.0,0.15146260269385814,0.19032649412135894,0.11900170088068006,0.10138672941717543,0.061429774117363736,0.16457065427947765,0.012383988868929819,0.0741522578383894,0.11071380051501915,0.39636552317408225,0.013585374219448498,0.07747661365151262,0.012474674362210485,0.012413079938617046,0.0064682385584426925,0.0029631044019768544,0.0,0.012004580546168648,0.007386923101748247,0.0034174957985189723,0.0029259127378202686,0.004678865605648738,0.002254408001151168,0.0020952680986149113,0.0,0.0,0.0023666355248343064,0.0,0.017633353083269028,0.18064063341413264,0.1560571804624404,0.1488659942758359,0.33949036266454524,0.005989578119553092,0.0,0.0,0.030781831704880115,0.05525848258376469,0.0283584071096259,0.08241277507021957,0.0,0.1488241532959495,0.006319774223150146,0.031610849299448664,0.18502117177583172,0.10016542748740179,0.03272429638946449,0.012264112854120397,0.011246449309593131,0.01181616685768706,0.0873794299529628,0.003372532531326964,0.016476333833319222,0.0068202813023170265,0.0,0.010654409841140602,0.0068885972462335385,0.12450250031406483,0.043313171689448614,0.051131288435215,0.023485007881257954,0.0,0.0,0.0035464956918007584,0.0,0.004590753370423154,0.04821036624908318,0.013441591140351835,0.00803983970508904,0.011880293014030036,0.008586924895701717,0.2377055312866319,0.058524547507081776,0.0060524711045016975,0.12252874199870971,0.02363903729944274,0.2251139509184802,0.14886206801138524,0.0036629461361281533,0.021759988636663837,0.09308382389115212,0.021793168619979326,0.018433231990132196
265,0.023290261610621123,0.002312116741048048,0.0,0.26837221066902095,0.0037878421412488234,0.04752236169044611,0.0,0.012383322200634863,0.05294426448679053,0.3249085426847211,0.0330862951077978,0.017452197929448618,0.007504584277128965,0.005993001089629418,0.17366360263296804,0.09481337580774729,0.0,0.01678038560786191,0.10619058510360002,0.24025513611316987,0.005124190591264361,0.2009022986087509,0.00812991146860137,0.005154888668417863,0.0086156817000942,0.005558565387693464,0.01040191500001781,0.0,0.024692967992536136,0.044182573881178425,0.013936585739991542,0.0033777095214607834,0.023475819752465498,0.0,0.0,0.014080540073261982,0.029576256752125052,0.0,0.0,0.0,0.020061098567564443,0.0,0.0,0.030355531778292866,0.018890056387737518,0.011150005890465307,0.012816498820231479,0.012211795530086333,0.005414286816535664,0.0,0.3717212680303661,1.0,0.21382296293153352,0.19883334369539232,0.2303045401760871,0.12963523897752552,0.23861565855569236,0.2714421254327832,0.09910978796795542,0.32391962368862437,0.28435317673235716,0.2036256126064409,0.11360163006751874,0.23683018957484117,0.18326057681989955,0.17145831762553299,0.23019763160404308,0.13878671142053617,0.24444787997838555,0.09976693175235633,0.054224668461308995,0.11687674576382948,0.02170928982225727,0.10316682481627659,0.16105118539003496,0.045644825896589206,0.010958245109126569,0.11094810841469227,0.03253070573600228,0.0783009625729407,0.16013017589425968,0.026694504782281324,0.12256119972059952,0.09369600665651777,0.19656642308634956,0.10932491412190763,0.00572195040850049,0.042898368279623914,0.11653225926029916,0.17617088183448054,0.0,0.009030554491017338,0.02014292290765317,0.003519772109551453,0.0038198259996771967,0.027113294784826103,0.005342801964210583,0.0,0.01018147315419101,0.019791116310722383,0.003270021022304743,0.0810701902528656,0.04608061850482601,0.14984421580010787,0.0334095069414682,0.15596174157866138,0.04898645739788011,0.04317464352205659,0.005246027253875233,0.044395614412028564,0.0062265914307126306,0.0,0.036850636740134717,0.0,0.010256950237071856,0.026699105113360915,0.003933669615230197,0.09876246523770388,0.1299232402993555,0.16702532110096888,0.024333563506396275,0.04214369815776211,0.016461056447857877,0.005701881698638673,0.005406114534311448,0.03996041472497221,0.0125891975149924,0.030335160949875824,0.0686049621869158,0.0630902534527575,0.007653865647396249,0.04045814206969828,0.0,0.00833238399855266,0.0,0.010072492532536023,0.019275989741584038,0.03534692717111077,0.07617861532413876,0.05808058740007753,0.01646090100930615,0.013767954802509396,0.08686591903716924,0.004698830880196939,0.02438224412972279,0.019180131865292507,0.23763321482973837,0.011984558762080008,0.02899324824971643,0.0,0.0,0.0,0.010363055787096257,0.0,0.004934741620261638,0.0,0.0,0.0,0.0,0.006730743932776144,0.0,0.0,0.0,0.0,0.0,0.0,0.09495728712616303,0.05981568211528177,0.07390214131906639,0.1678070858604666,0.010807742937474964,0.0,0.0,0.04758949992536792,0.04184892953170151,0.07155935864026705,0.0386865606827392,0.0,0.16989356177058992,0.00963133737293091,0.03775694257761001,0.04413211266531379,0.037554403032823265,0.01323972250403754,0.0,0.006037536945759121,0.0,0.09448746249410811,0.0056467852166334825,0.019102786929991844,0.014211403558838806,0.0,0.0,0.004776710513455673,0.0475015030458496,0.05647107178509781,0.025699358506656562,0.004066448525812214,0.0,0.0,0.0,0.0,0.0,0.018609028144052676,0.018613177861398267,0.009958138190528716,0.014574304337859355,0.0,0.12185083843163053,0.08211364497541454,0.004057843893217463,0.012002426696295303,0.0,0.07364818507917668,0.027513465899198578,0.0,0.01669399022504477,0.045693509266873406,0.0045693103453294396,0.004549896026753078
285,0.04135072078202554,0.016156136092284203,0.0,0.38018908649411426,0.005818144837953397,0.10738716461375263,0.0,0.016163687644291987,0.05197556608824798,0.36668278806025034,0.004933928936324494,0.013496649647053497,0.021527587988710566,0.022200549558511883,0.18832675616777944,0.09109070953714353,0.0,0.03577266688189376,0.09021800014231518,0.3612666422093295,0.007663666417923979,0.11175841491571681,0.006477326600520064,0.0968241085623666,0.022030744012702944,0.02180191576924257,0.008436078702262935,0.01710253551606493,0.013311326712794669,0.005061064673281496,0.0,0.0028415554992633203,0.01797615559112496,0.0032901340432794773,0.0,0.02443354715517828,0.009927699524328173,0.0,0.0,0.014529448514084886,0.015240989658976772,0.0,0.024761688707363397,0.01824541413908018,0.026537337050203745,0.04638521332572064,0.018848659685231375,0.0,0.018532450727773916,0.0,0.3874568647647564,0.21382296293153352,0.9999999999999998,0.2866659839449462,0.28605529292281623,0.18631754530896855,0.1755068515722186,0.3059889175872688,0.163429898544663,0.2955979296488554,0.34391285174237485,0.2173099023967728,0.1417554032244877,0.35677902917279597,0.1683551955011447,0.22294495425977523,0.2582566047242509,0.19046468571331343,0.31436728007619563,0.1787783546282964,0.3487325813884699,0.12327200991303754,0.20803771626456163,0.1946030373247318,0.2911879252116955,0.019752518884691893,0.00865143319341653,0.10936118366004224,0.09335259756253649,0.11211489397690234,0.19557675695077648,0.11988731752587928,0.0898027700645064,0.0411663000451813,0.3227296652054527,0.14344922665686002,0.005022154759549659,0.03277082977126195,0.04810277624942648,0.06625467484843565,0.004196713037459133,0.0,0.01247028759227513,0.010368611471996296,0.022301644856117662,0.0030197820657409547,0.015374155580343659,0.0,0.0025942988869071333,0.0041814635217268135,0.0,0.11681532292962082,0.037606997816191576,0.07852420662789023,0.01986468975971168,0.17573066336973422,0.17464554880499436,0.05665466642330257,0.009514925586069669,0.040060234777072344,0.007481380191182581,0.0,0.022998218718325962,0.0,0.0,0.030077077033944143,0.006424512463854167,0.025065164116697607,0.18834083048311237,0.2865814678218641,0.04783201170216057,0.04288955479475589,0.005584071715962311,0.01666943545755607,0.003851116893870936,0.06799724638403855,0.02501015984955341,0.019279498867720134,0.10150676661941352,0.08045666698526235,0.02310477441496641,0.04631907798989447,0.009453405910903418,0.016333149677493403,0.020645017611295412,0.0,0.0,0.04088665104273824,0.030954655964103708,0.08577185267897179,0.023961637896932814,0.003853338733038282,0.09464095002414787,0.0,0.043659793877537954,0.012302913634440513,0.19268939452191094,0.01665597355162131,0.017364208080144397,0.011404464835434794,0.014513337541100266,0.005023261686817368,0.03031950717493483,0.01157273235234795,0.0,0.007285421192956627,0.0036029842378066425,0.0,0.0,0.0,0.0,0.0,0.0,0.0,0.0,0.004078524128711019,0.09045973339272087,0.12182131498044256,0.08507985084606391,0.32119042881462245,0.005004987993835442,0.0,0.011408595921391367,0.011706275655128802,0.031311411711944244,0.024722427876518422,0.04862139534999359,0.009584293987387912,0.07889021999204472,0.008722645861209955,0.020259341468414342,0.1041558174809459,0.06729773415398993,0.004897177897224642,0.0,0.0,0.0183235266081762,0.1147138453650414,0.0,0.048990339244639226,0.008526761369615318,0.0,0.0,0.0,0.05525261885490853,0.02349920912014304,0.008294978674285407,0.007120090640365991,0.0,0.0,0.0031702729433267236,0.0,0.023570846584621986,0.0,0.021334714079436597,0.017126838456343343,0.03156751986460297,0.007890232620389591,0.047412734344000895,0.03167403130815748,0.015212700937456913,0.053710931207678676,0.004546911746186247,0.06853150833804453,0.20931056457269365,0.003934070451440493,0.01844337111512057,0.0724123266051991,0.05251173831086178,0.007846738473865425
288,0.059686901660630357,0.022800735800894697,0.011744903290463949,0.46825292413483666,0.05079527800769969,0.07890580991903612,0.015478403731707753,0.03411979754383553,0.13411169500536474,0.4425821519889903,0.0358242662825395,0.04007479272952569,0.015239613810983973,0.035069432585610835,0.6597811658834614,0.23983272392893798,0.0,0.0389700365591142,0.13850199017918488,0.28324995452079665,0.015337400066514947,0.37436406723981636,0.007183090714663413,0.031736402324335625,0.04771107267322128,0.030718105437716213,0.06076741601427784,0.02141748715889468,0.09242656850217401,0.23720964951133558,0.011077667492914674,0.019868814661516285,0.04668786395029432,0.012096759570817146,0.00162856598164249,0.05173114623943308,0.09175653597090656,0.0034011429523146588,0.0013325166397082347,0.019416330534424986,0.04698110567136157,0.005636495844469119,0.008009557247558096,0.04759980178780381,0.12198666024088656,0.10210025885002366,0.09909332067640876,0.018748368101709285,0.055485301974092086,0.008552579988233534,0.4924414573399526,0.19883334369539232,0.2866659839449462,1.0000000000000002,0.6915289795068387,0.3974656464282169,0.4830815422990852,0.6261629036218868,0.35420538110675476,0.4678432983878443,0.6965565683774471,0.2911334664110723,0.3304038173342224,0.5489605382270567,0.6695193159322347,0.4097839662585576,0.5458657614599365,0.6541858667332422,0.42820289066066103,0.32864086412595167,0.476475110576666,0.18231081851867548,0.36878754664672264,0.3941557843602535,0.40357559425871925,0.23585783737983507,0.23421573805622167,0.4576035825469548,0.3931037282874645,0.45883624697681463,0.35403071353869003,0.26575995015287596,0.5117734495311406,0.3748615901238138,0.6020064788499923,0.4744800221926229,0.03467168694706426,0.1711878455650163,0.19726035892379004,0.34611228935173444,0.08084732143113986,0.031159823246464435,0.015945065395931483,0.02143674304190225,0.0521966147756704,0.013454981372172556,0.09868205407728853,0.02388609492496799,0.011120007767198781,0.031121093906252298,0.011829604980248199,0.1742731224860596,0.31503643479881466,0.5165192589919619,0.3696758099397494,0.659867114243175,0.35127036418259217,0.30487276040329403,0.12426666634569491,0.1605233225596574,0.03137767547265012,0.027264284825813296,0.2955695065927873,0.025639965029345967,0.04262257869820167,0.05186218102773314,0.015188157818597095,0.10362117776276442,0.3932939007383025,0.3641087756467354,0.19729015490293544,0.36754010438030504,0.02345203822992656,0.0732411514489026,0.033270568664599584,0.25528698395892496,0.07031736925945722,0.23025605651111217,0.4100104915627254,0.34598512296533473,0.1655923178756483,0.24095764184660973,0.003171474390962402,0.02882517147905022,0.009203264295832222,0.007787762998207664,0.014826619106393327,0.25063423017804914,0.38926776244180517,0.26931562745579923,0.28151339682058635,0.053492380301411034,0.4115295149371088,0.056571982251901215,0.23811960197110654,0.1419077537979435,0.549234097828693,0.060962871538497346,0.2500087081224788,0.03589926635367346,0.012794113804173671,0.013458908804356684,0.026020311898651206,0.008664973909151186,0.014994572891964436,0.027248317541344914,0.037312919509440934,0.021962274034355952,0.019232238163978743,0.01197953217774348,0.003008394253553149,0.0017895031201632602,0.0,0.0075921739769171,0.004398925027702991,0.0075830700991614056,0.23287268001583442,0.4211842547884806,0.2905862504462024,0.2995319017608876,0.007404415545241598,0.0026019972272790476,0.0035060959519588692,0.05491385245598169,0.043582320811675984,0.042952426146290544,0.11962253245539443,0.012432879371444334,0.18866145532776257,0.03596573383877533,0.03399448119742754,0.3581593537862048,0.3230040701890998,0.10238007138640848,0.02658817350217488,0.027706689043139963,0.033730105468706736,0.11277112173900389,0.015081261646690151,0.03362299167575237,0.014051929130874502,0.0014038444434450478,0.03482500101528628,0.011499269285148463,0.18052344893891842,0.03142496815442904,0.124969407816792,0.026213152438768837,0.0019401914436543593,0.0,0.0022624738549073637,0.0,0.05676925127554926,0.13216959979712786,0.0541601906474939,0.07989451976054326,0.013151262186389423,0.011006234951219902,0.2019160397749878,0.07889151239774034,0.01137991854525142,0.22371936796512082,0.03864510959701145,0.30731901710756676,0.19568469926491117,0.011977197894872607,0.013071825048381419,0.24016623997049255,0.059881101298712366,0.09790073549564159
289,0.0811249824632884,0.017615801653665084,0.012112038034320417,0.537702862789417,0.04394556170070863,0.07576165798726295,0.012219099711970613,0.028900131891717504,0.12491883291869206,0.5267621084892951,0.02141978168782743,0.037510795468887866,0.012491625181625315,0.03552481218293277,0.6134578369497671,0.21861330968721204,0.0,0.027775202072974136,0.15063313445679907,0.3012233675739376,0.019789415506881368,0.34920591154932956,0.012012259474561252,0.05991728217760935,0.060360034300134924,0.024397384411021517,0.04837316446317369,0.03699572548946809,0.08876869544960268,0.1746123501313479,0.00853201687817017,0.03265181874763639,0.033363572152230125,0.008632373656874604,0.0033925259115001327,0.0557042430149332,0.1106944918766976,0.019301541726287175,0.0047103618088534345,0.0306270054332564,0.04870594561888842,0.007045649764079853,0.006997396694057315,0.05431682198254725,0.07881723964859241,0.10546403092587717,0.10159223898988108,0.005346231847543627,0.06268447693189845,0.010392929749472861,0.46314821076285556,0.2303045401760871,0.28605529292281623,0.6915289795068387,1.0000000000000009,0.3521728306755052,0.5296971644876063,0.6684609642738117,0.48685410354474196,0.4178412361756749,0.6038930731032002,0.3165967373786446,0.3881354210286903,0.5573586948056221,0.6380623099339302,0.3139542975119656,0.5205313970350169,0.549673021551227,0.3886840562154422,0.35833830380735454,0.3666679287879403,0.17608065568598613,0.2529157269524761,0.5263149268789072,0.40176944791023894,0.2183550571764421,0.26365347987301335,0.5097115701301249,0.2659232241168317,0.3716708351988439,0.36360709412580455,0.18168702025768177,0.5165618990340392,0.3689983476328495,0.6203467965211108,0.44351384235783026,0.0383811561121666,0.1955405833091423,0.2543899997223976,0.2944474938964225,0.08296172066947208,0.048339459734612795,0.017928105019576552,0.0366984050373408,0.05865936073256013,0.011747054377286306,0.09731730350106238,0.03005194848184653,0.01216997554287257,0.04279566778749061,0.004828130528116568,0.2725474185446508,0.265408414129734,0.5323336531274997,0.3167195567270821,0.6175560233429539,0.27458523986474126,0.2116057291138141,0.12561101068020658,0.12418714805193365,0.03390072039552348,0.022767096620910667,0.2799189595602622,0.02278421960038456,0.03177949524264279,0.04620804941985166,0.017645559734232152,0.10714366807854915,0.5113871846489637,0.4179248333655248,0.14614182956451396,0.37328799072398,0.03576398449159028,0.09204351835170055,0.042517425212318875,0.2646750819907974,0.11897601274463886,0.21841917598112487,0.3653363860720298,0.3269788907639069,0.1516374126455515,0.18880495982365528,0.003119119202715074,0.02123584286510486,0.009159174670523742,0.002171328984450877,0.013799412009762929,0.2968001529152182,0.4097402308252479,0.30649229511865805,0.2661792550939584,0.051041121941711225,0.4083552777165983,0.05784276306278124,0.15660397471972848,0.12567577979483627,0.5445698140385473,0.04552470254236622,0.24561470455282358,0.030987676447133572,0.010055516261735979,0.01642586303675691,0.013919080336542104,0.017275453052730677,0.017769630988941205,0.028898554882593016,0.027705899328557607,0.0201162354046806,0.0019195867280085818,0.022346668303422638,0.0047548304426104195,0.0027661280873926006,0.005830951940537274,0.0060038920475125376,0.009446015769651157,0.00893365609831683,0.2555798502353485,0.3051949670293377,0.3076635143110739,0.29450157085331713,0.013202217785894201,0.003987752922087919,0.004584103675010142,0.0729389196639969,0.0565293323815945,0.04526065856389522,0.1316580858712814,0.003662522626532081,0.24427166537137335,0.028580674031187765,0.039977017074598324,0.25288560383373837,0.2470981909006666,0.11590648346881673,0.03923874604165541,0.04223480373085681,0.037536994530045366,0.09578803466978758,0.01786417728709939,0.05451191063448869,0.02050513669161087,0.0009861372380319255,0.03143019633984359,0.012322203013913072,0.21626313558368598,0.03846810407186607,0.1599471537576095,0.04240356359778197,0.0013003785518327516,0.007958008072683594,0.006342052218598055,0.0010172773831567735,0.052007844448011875,0.08667587087479717,0.03332182612168216,0.07273054297465625,0.02429147599979819,0.013703498932601133,0.2502443845844181,0.09741693083668027,0.01826677613936191,0.09786994631088332,0.024656141819389722,0.24750194168967782,0.186157474613895,0.018042239005284594,0.032452444793332015,0.2569333667427337,0.06924667930305252,0.13957628763506344
290,0.016808005253900145,0.0,0.0,0.15836780885539906,0.013461216657459658,0.028449906064422333,0.0,0.0,0.024515723215669482,0.19037861045136809,0.0,0.0,0.0,0.004612097008814045,0.25695066261702404,0.09699980582994325,0.0,0.0,0.04695464614674208,0.11502476546530808,0.0,0.1686585910709723,0.0,0.0,0.0,0.0,0.0552366443603164,0.0,0.017011071041322115,0.1303446316696866,0.0,0.0,0.0,0.0,0.0,0.0025052495045530944,0.025045107748257356,0.0,0.0,0.010047870538068052,0.0037390687642129567,0.0,0.0,0.0018762663315703403,0.013729629261529694,0.007427495205380937,0.02429886298936855,0.0,0.0033685919610664684,0.005274152796672705,0.35708232663896416,0.12963523897752552,0.18631754530896855,0.3974656464282169,0.3521728306755052,1.0000000000000002,0.4524934051214483,0.3184489452674018,0.20392893073910215,0.44025483236685364,0.3327047023427886,0.22755798238338162,0.18472184498173735,0.27252371151305743,0.32334377122570185,0.22101639665154935,0.3495715421558021,0.27661049830776885,0.25346648382919884,0.3020658475523602,0.22746513900493956,0.08333797647161978,0.1856113266049107,0.304721677447857,0.2577865930560036,0.15102847837852434,0.1315048914962168,0.31329528903513143,0.2756215946283451,0.21985512798521548,0.18181284301849326,0.05832970448709886,0.22310159255705891,0.24254815369839652,0.33620650835285654,0.22255831274910953,0.015027462150050262,0.09851785555890613,0.08817167489654221,0.2711966598681957,0.03670220504074156,0.004770237352044514,0.0,0.0,0.008774420353373832,0.0,0.018272575245952456,0.0,0.0,0.004866712972375799,0.0,0.1481780596178586,0.15473082932788856,0.2574599009445651,0.10624030867547453,0.3092081737061581,0.14277055335773667,0.0817515032242272,0.07411095064863508,0.044546776253957164,0.01777334563033558,0.05231142449333099,0.11205443583266378,0.006997483851043359,0.024375398320454177,0.007346215145239652,0.0,0.022835728040836133,0.2052725709926739,0.15273211271979922,0.05053281306917111,0.23032266588178463,0.0,0.059945085388586145,0.0,0.18874926066642825,0.044955854997565506,0.05976839795370577,0.1444918308881508,0.1809021699068154,0.022392182563981074,0.13429713551989042,0.0,0.0,0.0,0.0,0.0,0.128110046992217,0.21149062950122144,0.1399949163978552,0.19524686614286774,0.052227398661316794,0.22000526273348361,0.030620196139797648,0.057250629642657695,0.08625262022519248,0.24629563863589923,0.007451146584929273,0.04933784522989687,0.0,0.007632619686301369,0.0,0.0,0.0,0.0,0.003709489805302212,0.0,0.0,0.036190600173689,0.004212748569756362,0.004936041267980902,0.0,0.0,0.0,0.0,0.0,0.048257473552220514,0.12081399599013697,0.169461226387858,0.10896103768605672,0.0,0.0,0.0,0.0,0.005572626473511619,0.008551847198755493,0.045174816694163386,0.0,0.13219656905537114,0.0,0.010692962834576337,0.10942699747061817,0.14087607573738856,0.07230071307968185,0.005109006762458998,0.006041988351832191,0.004258211999448024,0.03990333684493466,0.0,0.004197161413933635,0.0,0.0,0.030207564808256253,0.0,0.06050349406418746,0.0,0.0289043270179744,0.0034648971791597385,0.006751632711006153,0.0,0.0,0.0,0.012234814713504698,0.03826009096869097,0.0,0.0,0.005783399647882605,0.0,0.23583210168542262,0.016584507464281334,0.004488234256533814,0.05346057379903265,0.009720984237516685,0.11387041962822235,0.05702059974747667,0.0,0.0,0.06071451723200075,0.005559343665342226,0.016038096220041563
291,0.04939131044117373,0.015850982256696036,0.0,0.293751258158663,0.02453771568569669,0.04372768479780579,0.006495601198462247,0.0045583399887181575,0.09032845200805792,0.29587648420137885,0.014107958802753251,0.021514981315840814,0.011826159727587868,0.02342713172592465,0.37372739671617894,0.1966798801802173,0.0,0.015865668084453433,0.09889280635002473,0.19292375667743797,0.009803744071499264,0.1771317254264537,0.004253097367816833,0.03286735255962975,0.029766806516169978,0.004299476768176093,0.06586252095363494,0.00862998726729064,0.06540140473447285,0.24117473849190002,0.0,0.020580873914871074,0.006055041512657367,0.0023410376805944374,0.004356980304859043,0.03057741960822051,0.12875874023874193,0.014529897989991245,0.004905981377494007,0.038452668516485954,0.023125312467732917,0.007532582938168907,0.006712447210302282,0.03048480417689388,0.047663355674762466,0.07548281415375517,0.09470260825590335,0.006035959817356036,0.03543463436933197,0.0,0.3998230208186865,0.23861565855569236,0.1755068515722186,0.4830815422990852,0.5296971644876063,0.4524934051214483,0.9999999999999998,0.5099821423539243,0.4348490121744752,0.4762203887057472,0.4130386208269762,0.2801048736502629,0.3042166991444769,0.3655425456005952,0.48723956960513154,0.31015586957431485,0.5412268105711873,0.3396133361840396,0.3148812362263248,0.46444564122546383,0.21088616642861896,0.2010545016577479,0.16592295969056087,0.43454631812223526,0.30093773194972756,0.17736242359131302,0.17091743753315797,0.4440488242480474,0.16648304955137297,0.17548493941026083,0.23995593593823994,0.11239958131219327,0.49187984012445846,0.4482483245979757,0.44894228174920814,0.30500990403343203,0.020061794837815453,0.17947827706350725,0.29353319553829543,0.2625347389825935,0.1600933864433732,0.042137379760411584,0.0030024853286688023,0.009595098751286186,0.03681360215260599,0.012215254963075437,0.08203716345575486,0.004765725249900937,0.007483373077060158,0.010683246570100335,0.004250359339318083,0.16259311699879117,0.16602813911263092,0.4217694725604142,0.23741995947319422,0.4061958032596548,0.1383280500969694,0.147573480006065,0.1660910503172575,0.11059766697532321,0.059048395714901024,0.06127907312454082,0.2623317698122839,0.016236563349663106,0.019269957534818943,0.025401833212841556,0.016756856629524863,0.11725331847420811,0.3456872860682437,0.3076203424990762,0.0742023893144635,0.3388077691098786,0.01944565169916175,0.111489798547444,0.05729152702005785,0.22872252774263804,0.09840932000525084,0.11822715611546315,0.21281077213483043,0.21864306859879976,0.08892034995490967,0.16451143869105772,0.002569852411975323,0.005039187963487477,0.0,0.0,0.003907733487186794,0.1373555680194049,0.3384141566970427,0.3074570374182208,0.3328162611131313,0.07347865414460734,0.318403039474332,0.07377095637774857,0.13281489633224364,0.13723984074592,0.3924989416477726,0.02013906363350562,0.210274930205407,0.024187755198563587,0.011534997748193903,0.013706881932137227,0.021136531073822983,0.010765555397850428,0.021055129670133677,0.010845568408352288,0.0036554967326555407,0.016267387535085796,0.011890073818484323,0.026827133695318726,0.0,0.004787543113341738,0.0,0.0,0.004728696797057932,0.0,0.1772994732340033,0.1901646597636071,0.30771766678275336,0.19038061079817853,0.009165640462416441,0.00237685009498983,0.0,0.06958604297294184,0.05706860451175372,0.027826919846906637,0.1726580589029876,0.004256363671263283,0.16462887168104304,0.02587250845199636,0.013988934601779099,0.15739339719243003,0.1473351099457203,0.1459489659687349,0.009868074397917861,0.045484382606651774,0.036408990071394726,0.05089307463129356,0.0036707208739925417,0.01964414645545941,0.01340984513346347,0.0025094753399283907,0.05054332905456729,0.0032978559525043876,0.12899843063096933,0.052451694459599726,0.08192342179325994,0.011152782576241943,0.0,0.0,0.0,0.0,0.06397215741414888,0.1372261838088694,0.013265050533510172,0.02042939335759681,0.013590306280220794,0.0,0.36703632042953116,0.033525786863733045,0.008476365828436912,0.10488097935456414,0.026902107749721967,0.25684943761863677,0.08335193182667809,0.0,0.015267314409101618,0.11969978132790282,0.02760796168345574,0.04326777566175888
292,0.10053453922460986,0.01093676489052298,0.006056207205122479,0.5065893141988614,0.03423561269407067,0.12365111246826,0.004571922734754965,0.04960734211031531,0.11467211163547476,0.5055663495954216,0.044456070539103415,0.0318170399421211,0.011017861664518836,0.03770835978156227,0.5337255290210502,0.2670439793011497,0.0,0.026081718226233147,0.12810213695206268,0.30958143422678713,0.01948009848248632,0.30083268366981736,0.010105435072637867,0.06284225085985104,0.05231782497311052,0.014605601865237962,0.03440944201357507,0.024401985900327418,0.08116700304313242,0.13413709739496088,0.005263031473709458,0.009303165806497302,0.01692254269921854,0.003505602775733395,0.004742098731155194,0.03605607411916528,0.08323785204245032,0.0,0.0013393247093509218,0.01593265144014759,0.03752252316633125,0.0,0.0017518911278691363,0.04715570658470452,0.06424914006784213,0.07966898549154207,0.0860712008809527,0.008917750334379932,0.0462500139971271,0.017952013851903828,0.47727670252704657,0.2714421254327832,0.3059889175872688,0.6261629036218868,0.6684609642738117,0.3184489452674018,0.5099821423539243,1.0000000000000002,0.3664871542057371,0.4577395349974853,0.598572463353142,0.3421234828739807,0.3440096208041325,0.5184499487239401,0.5844098571018754,0.4335535438867377,0.5893801692903039,0.488327903916223,0.3817389027554621,0.34378235717867195,0.33600303475033416,0.2082061210119538,0.27779396459745276,0.40676056822734913,0.3781996098877881,0.16524670057416255,0.1738643218252105,0.39493876087998636,0.22313939291893972,0.33415984937309373,0.3623863489943572,0.16629751822765138,0.44163291660001325,0.31648337969866014,0.5498395591962074,0.45440862574620533,0.020448907582000714,0.13322945048086438,0.22523243043819124,0.2800803348418416,0.0509331489440073,0.031418106069626105,0.011585139968728345,0.018375739310172803,0.050785226205785905,0.0011856212422007972,0.0837253703136795,0.022288976555938013,0.015094929998409215,0.017641186269497604,0.0037709598001468172,0.1961447889713104,0.23242083804004182,0.44304372369884937,0.27614999927952866,0.5529918141563924,0.23619589751598136,0.20084029461503905,0.08852800307309809,0.11343808959228428,0.0312554681337204,0.01970130347617484,0.23192770733822188,0.009413359931171495,0.014201676361062777,0.03466441002612889,0.009574643853616874,0.10519270821595336,0.43008955930124454,0.3858902686333779,0.1705632151245254,0.3816176265641052,0.021401924615347657,0.059914349448106405,0.021527046558277092,0.1774548020217386,0.06727912998600896,0.18089478607204273,0.3830327498518736,0.3439177590411358,0.13190900205749548,0.1876171089544236,0.004753753763056981,0.02166597607225062,0.012311659197232363,0.0,0.0015535280493374308,0.23906358516503018,0.37464654581865153,0.23154990841968123,0.2406652681343473,0.054286659858641166,0.36668434135129274,0.043765846459544386,0.2015696723768148,0.08689792853907048,0.5301417069052184,0.054949147394024886,0.263258648204327,0.0366006765596734,0.011022145609166933,0.009190626872866044,0.013248943043320131,0.003131182954705769,0.007397814136807686,0.032135033875237785,0.02436743490032821,0.01352669186383899,0.0015969089937887886,0.021019285124310616,0.009742370507033964,0.0019458079636000985,0.0,0.0020871908339292616,0.0,0.0069425261333898956,0.2380690393990546,0.24712280599809847,0.23187473860994376,0.35891521081789496,0.007320279021032028,0.0013641959255383544,0.0,0.05826220747035087,0.04463414727534979,0.047588237925730095,0.08843845320674171,0.0016357025857745222,0.21676592893857896,0.021697260989039343,0.03605471417168377,0.29064767737044567,0.2296516382779502,0.08726958561004336,0.04147327915885696,0.014168505362846372,0.029329512106889548,0.10668774386735981,0.02252243456401192,0.04870544318260031,0.001997934142260812,0.0014110169397979382,0.022708722298253183,0.006205167254078535,0.18306651826386716,0.036453552365137504,0.1079399298681252,0.04970512560444314,0.0,0.002434090593659455,0.0048285667388291605,0.0,0.02326574934865465,0.07947274292403177,0.014831127260384328,0.04790325386389818,0.012339855770016967,0.011652477209192429,0.26116157300767706,0.1033002538042545,0.01110914186545758,0.11541560779639568,0.018689395353168547,0.32806165835898293,0.2065404437871176,0.011297750557165679,0.028354158140091817,0.2379049473205979,0.05013700964885655,0.09328826134236187
293,0.03876965596761294,0.0,0.0,0.2627730026178523,0.021333455281644886,0.011605551536525071,0.0,0.0,0.050918544990139175,0.2497276353158288,0.008275672730476021,0.009962804562308851,0.0,0.043029380901022894,0.2869879235770848,0.07421312187759456,0.0,0.01119578668350596,0.03815767023573732,0.10242996676606213,0.007226208602224963,0.1262927671785801,0.0,0.08106798129372356,0.0291008318838441,0.006032262682549159,0.042299174249478926,0.010509442625051577,0.039440659231950295,0.10864049902181885,0.0,0.039993927061825585,0.009380712382582276,0.029918919687359415,0.0,0.03134804373446125,0.049394178482068674,0.019100623735229624,0.0,0.047915189111385446,0.0188907486611775,0.006953160110920559,0.0,0.028025387953794834,0.031003092998776325,0.033937836678721404,0.06721160660575874,0.0,0.02849899652961836,0.0,0.2934381347696153,0.09910978796795542,0.163429898544663,0.35420538110675476,0.48685410354474196,0.20392893073910215,0.4348490121744752,0.3664871542057371,1.0,0.2608542746315124,0.29208654700716613,0.209577117204333,0.24280838003059976,0.36472744415157504,0.3223732033337852,0.2044888697498159,0.3124892715587392,0.26147791091367295,0.2991099986389128,0.38839782781107574,0.21573588656828274,0.13233412605096184,0.10327317105747205,0.4321626246963596,0.3141454670658991,0.14594596722331743,0.17008929897304814,0.43118055064132677,0.06487967189912522,0.12086385949778827,0.18558252015700613,0.0836269849160999,0.38956689925107213,0.26898475250808207,0.3220470867394547,0.18821970972632168,0.015547972103795818,0.10102638717801324,0.17559700657314226,0.1901169026633565,0.09482987232832446,0.038990853103909366,0.002424312350032068,0.022257174956388022,0.03475306981021145,0.023207395942149534,0.06280885958405186,0.0064764230476783745,0.003727548427165134,0.005324363358839407,0.00532457246309273,0.12269842589466085,0.1530029319528319,0.37382492910441484,0.1534400082680089,0.3500285638509074,0.09268319448999908,0.09085055956201511,0.059446712997754926,0.06051555676358935,0.028633515068966057,0.026864945891826045,0.18659157309890118,0.017659172735556655,0.0,0.014378089182429724,0.0,0.028500872579519308,0.379290933163103,0.2847749728093021,0.05028983944587267,0.24639401797141802,0.02156954332056931,0.12476001096415,0.046788154462126405,0.1532203543874461,0.10078999095459851,0.111224296519281,0.16904215520168447,0.1517107564051753,0.08580297079614194,0.14413002847379858,0.0,0.0,0.0,0.0,0.010265465682195657,0.12186275296580996,0.16363822815221848,0.24158381745303525,0.24125416352231224,0.044223809447630005,0.2274009335763527,0.018368946095258326,0.08289419074978767,0.08266417837752904,0.3006745453400843,0.0123490771101115,0.2127271600118642,0.016966139315744956,0.004820415706431183,0.011879110195455367,0.0,0.03203536431733764,0.011880433308693244,0.006843735641120452,0.01696564232119598,0.01693225117972233,0.007496406497032358,0.04842988526761231,0.004910027825874552,0.0,0.0,0.0,0.015444173070928283,0.003129242777989322,0.1829638296563337,0.147754852798427,0.33106435692656205,0.19663414344333863,0.004456136637310714,0.0,0.0,0.03193453428836468,0.03521314222433303,0.011343533876507455,0.0792366307259958,0.007098642473463997,0.22342928521080097,0.020696595541668326,0.0084271562193395,0.06669116645923863,0.03479179137467388,0.10992323810439497,0.022051800863301683,0.03432729990021054,0.031509149743383244,0.023101898985636762,0.010385482074053435,0.049407882437903984,0.0,0.0,0.03011627685980089,0.01068836169695217,0.07331890193999771,0.013956822751843572,0.12099466567606415,0.012244984538584979,0.0,0.0,0.0,0.0,0.010727581741854567,0.02089956152606706,0.0,0.03784540100450159,0.010438086985490225,0.0024312360013987906,0.17907642820020933,0.030555603346631183,0.026181607466865396,0.06511994587681683,0.020796824222263453,0.12028071831556844,0.11141413027558979,0.0,0.00669624797228772,0.06455667945761795,0.019497446444821723,0.10603134066886247
294,0.04548743067495011,0.012001172166782408,0.0,0.27604828684972926,0.005929754935995334,0.0583823825252196,0.005665463709718722,0.010036352654668417,0.06611968363810498,0.2861141023431443,0.03226663117878088,0.023388828222946672,0.004369564282612075,0.00669538049679704,0.324089722118626,0.197744753775559,0.0036135508012648428,0.005647074794945285,0.106937625457584,0.2304878275924075,0.00717578415559845,0.23200529824407243,0.0,0.0,0.011761836008099845,0.006407071657235305,0.040038214915847505,0.008056039813621784,0.04446750466611727,0.19287768086074472,0.0,0.0033725972367851507,0.0,0.0,0.0,0.009857279409068127,0.03301779891317505,0.0,0.0,0.0034860248937437907,0.01855715054355823,0.0,0.0,0.014793033204920626,0.04755345753940952,0.032638551347804044,0.04209015321318606,0.0,0.016466997338794195,0.0,0.5235391857923944,0.32391962368862437,0.2955979296488554,0.4678432983878443,0.4178412361756749,0.44025483236685364,0.4762203887057472,0.4577395349974853,0.2608542746315124,0.9999999999999998,0.5024445334777426,0.31665060613028123,0.20688420307510574,0.4232954786616454,0.3583055956196558,0.44727305914525173,0.4481453857880239,0.3217204802117857,0.35434047503926114,0.39300050912267415,0.27061821395737534,0.08878571500770514,0.21214310717106866,0.3273426857777967,0.29052515382727917,0.08161631174894363,0.1104735745798814,0.29458265462118155,0.2948383395252939,0.20734810528797318,0.3191224394869918,0.13833912415673913,0.2778479976505297,0.28039604949653113,0.4000466708525418,0.3633861470120929,0.011553726893892006,0.09803794454608318,0.12393283612815496,0.23335147664455733,0.050096921818738385,0.009864331701801253,0.0019863434952210324,0.004846596703810015,0.014954473609942684,0.0027211383972597205,0.05905278863827995,0.0,0.0,0.0,0.0,0.13190313682083268,0.08651513148363141,0.26886102377823573,0.10800822886923035,0.3057347247187979,0.19187726570819386,0.15729730909194412,0.06598188517219723,0.058756597034333745,0.02019947351712916,0.0052766227002627565,0.09321245227782347,0.005543864612383873,0.026587311437556996,0.010798136762713711,0.0033637545947441927,0.06274734446598915,0.21236118207794286,0.2611109845223355,0.016924299850715273,0.18982470254879258,0.00895370916548727,0.04008745901283366,0.0073190890275386476,0.1616019373111492,0.05353021767022477,0.05237456628319783,0.23493880864913846,0.22008463530749722,0.04682748330332787,0.13989342963741014,0.0,0.0032516498381537223,0.0,0.0,0.0,0.07967655377716264,0.17947331956972737,0.14524166310469755,0.13152581289093235,0.03308940127300388,0.2195682196957317,0.01978492300414475,0.06488391269342136,0.09002801789715184,0.36237846039995836,0.009791206147891396,0.0598399609279998,0.002379821319117786,0.015111843069057997,0.0,0.0034041557179377057,0.005011947230152665,0.0,0.0,0.0,0.004118348525596818,0.0,0.0,0.0,0.0,0.0,0.0,0.0,0.0,0.13384418250308072,0.16628433820643565,0.18699676742041965,0.26506338225184983,0.0026218337783410614,0.0,0.0,0.033953271558309045,0.014338222429478712,0.03521699777540017,0.06870763366141633,0.0,0.14175010964000928,0.0,0.03259130641614611,0.2144034402290455,0.15720823844524212,0.04678606726828437,0.0,0.01116589741499033,0.009990590384276292,0.06266070958543461,0.010017584334834694,0.015314582959735803,0.0,0.0,0.009348656390959546,0.003817877652036181,0.10395936590978921,0.02256953171308053,0.049918572542299394,0.0,0.0035205194682789813,0.0,0.01008390912325861,0.0,0.01574404811989239,0.057454324798132804,0.005387734547301091,0.002671108909652017,0.005403990520123307,0.002390653963951615,0.22556311311334543,0.01846136549427128,0.007814801113253021,0.10743114605724381,0.028557025613844135,0.2499085880803013,0.08059417140490503,0.0,0.0,0.09558262161136019,0.03837311281795688,0.017147157478201898
295,0.0641331364932472,0.013963059311406003,0.00923623778061088,0.440949655203881,0.031380854289781664,0.08559097160943831,0.016521175573311734,0.03355140914515195,0.13186806385677574,0.4957111603579966,0.034923365038458595,0.04275527403129437,0.02076680811895964,0.029075254998942427,0.5675283928069916,0.23287444528092066,0.0,0.02909166362481177,0.1423498339970788,0.325923325870024,0.01962785367379811,0.32093429537130364,0.008985249227283745,0.04489695489159279,0.05377314405549681,0.01569530384354614,0.036365788945375316,0.03059874156316634,0.10379275232553879,0.15329943665546325,0.02035322958958091,0.029789794517677153,0.021752000302491997,0.011949010364748954,0.004272743331038521,0.06933265230420169,0.060346308481592704,0.013546529549265975,0.0038363248381765268,0.012928817093904896,0.04140818133394237,0.011543029099366975,0.013621350789321881,0.04281545388525101,0.09980375811960407,0.09492646556848336,0.07576255736467423,0.022086105625105903,0.04946245171419499,0.010252467244851885,0.5240409647881717,0.28435317673235716,0.34391285174237485,0.6965565683774471,0.6038930731032002,0.3327047023427886,0.4130386208269762,0.598572463353142,0.29208654700716613,0.5024445334777426,1.0000000000000007,0.2689950253952822,0.3520969980120464,0.5128192956219016,0.5503341810477442,0.4610595184739583,0.5085731687706708,0.5530032161610532,0.4112028445695187,0.2974111359307755,0.47716073295176076,0.15471529024489497,0.35859601558630566,0.3012609246032086,0.4322055589166506,0.17677612445077398,0.12774927680358636,0.35114851902756555,0.35889293168770736,0.3426378030839552,0.3940248174413878,0.25918570163874816,0.4039159739365867,0.25304027610163043,0.5946356156114947,0.3649068356645064,0.03453531315049797,0.13252550617325917,0.1917528573623111,0.2246197874925874,0.039497602206803144,0.018067321405144644,0.012195532750043734,0.025062371923944986,0.07040311489363774,0.010773539740386534,0.09084659335915507,0.030069109498027245,0.016406169835121626,0.04066335612123022,0.024306727480275653,0.1985814109882663,0.23395978532195097,0.3773109477569685,0.23664610113062987,0.47477520778570614,0.3547136106628478,0.20243157567466094,0.11879019999155073,0.12603128471085434,0.023195930008818973,0.018991379261886106,0.22380074354811885,0.010069112167691288,0.020450717372247653,0.027201483250903234,0.0164610682180608,0.06978319470571352,0.30892553628796005,0.37672673480339225,0.15519233550671566,0.2953542203952998,0.01991611216248822,0.04951608021832913,0.03115735816430109,0.21851198433113483,0.0546662080343686,0.2968878250855629,0.37261187036312937,0.2730608764997951,0.16801110267055983,0.14376235595468542,0.002142647432753524,0.04122261174712491,0.0035180362381017167,0.012816623352105162,0.007270128626796643,0.24481124690461292,0.2976082923570941,0.1789904271720273,0.18684902324468403,0.0344238740667683,0.31151607254963926,0.03293277543862185,0.16606002185774682,0.08268583919430467,0.5036303968876574,0.06552873309741643,0.15286287309893343,0.025881349332071132,0.017114185687494208,0.028479831243672888,0.015184656367893939,0.015452182672086645,0.012267527367480567,0.032361088694264434,0.03287140392792004,0.026122660741576258,0.008559026516251018,0.004985904018786975,0.004545579673089323,0.005710275798686847,0.0,0.010381057049291476,0.0,0.011967296727411578,0.2606540233799474,0.2861795946060753,0.22328033555463037,0.5483959513361315,0.01125413704160851,0.0019843927325521138,0.0038688774854393334,0.035197135092997066,0.027366731577503384,0.05180331148379036,0.10878127687387354,0.025650012727613993,0.19241563167704984,0.03539704553614425,0.03298829893650516,0.26123045613333795,0.28247241031703474,0.06422492206001346,0.019973045291728483,0.037421952979196024,0.023099771261436846,0.1055704688595977,0.01810529969379679,0.04065235121216149,0.02001139069101244,0.00173356290626775,0.018735675582819883,0.006476355731039191,0.17913566555772611,0.04903249013097126,0.11307170244450032,0.025222528935844906,0.0023721591864384797,0.01386974574688773,0.007634424600798049,0.0022576810100157856,0.030237798819995894,0.0716182254418989,0.040946717401486026,0.06492698300556342,0.017720733436423476,0.010935097384850571,0.15029900397171211,0.09900693517119255,0.008275754686971261,0.21513409214117615,0.025936761835434554,0.27870091289767873,0.200335698234086,0.017993344141573348,0.01989880816590106,0.21343773649765596,0.06995028467367302,0.11910945458167002
296,0.07157222247204616,0.01797640795936742,0.02088476573901178,0.29967040199491957,0.007348373656061684,0.0823195148142072,0.018925867937630007,0.06438100714953199,0.04803150255915256,0.2959947159223232,0.04258292616013167,0.03895510297733778,0.019395402014301424,0.017538122104764128,0.2314198430698886,0.16291352666076644,0.0,0.019784894817795697,0.14205394706326124,0.16057686719406633,0.0,0.12131240488834552,0.016513308309692765,0.044771761613824505,0.04443018930772006,0.0,0.017310372880045444,0.03447229278910885,0.026991217962889558,0.045879668274341964,0.009195123653127052,0.003551625318896576,0.024556463723189835,0.0,0.0,0.017197896769317857,0.003346908820375026,0.0,0.0,0.0,0.01701393785293367,0.0,0.009074241535212165,0.0036153743305108645,0.03182755624364629,0.015447904481454718,0.02298085880898327,0.012476156534549017,0.013090432190422325,0.021142864192573413,0.21329890020474185,0.2036256126064409,0.2173099023967728,0.2911334664110723,0.3165967373786446,0.22755798238338162,0.2801048736502629,0.3421234828739807,0.209577117204333,0.31665060613028123,0.2689950253952822,1.0,0.20004212149978629,0.32840243237766614,0.20726395111914261,0.17565237698044583,0.2694806347498929,0.17694047646474342,0.2321244654563366,0.25249726764863517,0.18890931083846477,0.09898194018386496,0.11882887694220975,0.26561913779876595,0.1062310051114374,0.035850344161670926,0.048867175401412236,0.18262276726587853,0.051674546210494485,0.16228413591408755,0.10423816160726979,0.07309432150253407,0.16169192333952526,0.10189954125482474,0.2832656335352722,0.3319052595262817,0.012704910214216433,0.05923448433154261,0.06771674972538383,0.18504490437839635,0.019281713776613075,0.003347681117499934,0.012638369107932345,0.013231751735636245,0.057007073694673484,0.0,0.03302498413318265,0.012039286442839974,0.0,0.0,0.027568612725422124,0.2208001769168872,0.04228659984078326,0.1401713119145268,0.08577946154508478,0.22173429312022017,0.06261137950722896,0.10058393737704081,0.0,0.008826794651897526,0.012047192358639627,0.0,0.04082671519690004,0.0,0.015896349058080607,0.02148122346849271,0.004176762484106163,0.030423048463341415,0.18309172707161164,0.15070211450767373,0.0504161794374136,0.1359606713238074,0.0028083776787055903,0.03828749668913314,0.0,0.04221990744968851,0.013803900697980404,0.010807796310518777,0.17975343783158923,0.1270261140274713,0.052501717519427823,0.18506984547027017,0.0,0.008303615762462437,0.0,0.0,0.0,0.05749061834622568,0.12412457003181733,0.10527301958165722,0.08484133107766453,0.0,0.11188789489640262,0.004709049533858156,0.07382354503835509,0.022082997336383012,0.16884318413167895,0.03542360996489402,0.042817598750134286,0.003067992966630934,0.0038844846293793916,0.0,0.01835226089410303,0.012560389667507074,0.006745476222922937,0.006045312592487296,0.0,0.0,0.0,0.0,0.0,0.0,0.0,0.010805312824557718,0.0,0.0,0.05908770893496528,0.13197964980348353,0.1295506624620971,0.19867905333847058,0.0,0.0,0.0,0.018535653278066833,0.043499280926173514,0.020516092361054828,0.01931726036933404,0.011673114291333418,0.11174488132909655,0.003553175860337978,0.0638374919835609,0.07882136183008562,0.02332392531709567,0.0,0.024658500574198626,0.0,0.004156599409853481,0.04682452981561697,0.05186550189233033,0.00927480455526411,0.0,0.008992797081997784,0.0,0.0,0.04332628970412298,0.005418037472568647,0.018538051543632854,0.0057877431260719234,0.01072976542715369,0.0,0.0,0.0,0.0,0.036227028057647444,0.021430533707101917,0.03431622170339591,0.01336810860667584,0.0,0.09116244097967736,0.032007671754796775,0.004350441652406893,0.027030950353605945,0.002813976567907958,0.11603257633277494,0.10044911788468852,0.0,0.0,0.14165095246578527,0.017192620416331916,0.00507121686271382
298,0.07207028923564995,0.0186928180657841,0.040435062934189865,0.3556409292602104,0.09267466752064675,0.1687814772160397,0.0363066542581677,0.06156489822458393,0.21051549111966866,0.3286957134997535,0.0724613937782903,0.06940339804527328,0.06049763666286584,0.11196560908082713,0.40485700908838346,0.24265275580914056,0.014771272847663445,0.1168787471433935,0.11616347871946678,0.1621176438290241,0.0605962656477954,0.12318453886669214,0.05358107351092413,0.08523849580964438,0.1562365504009256,0.009564874856986871,0.13114256545946332,0.014509690617922845,0.17841153570592047,0.06656291236075741,0.0707627956462668,0.03761228960801895,0.0925130004613241,0.09616645711481484,0.030302688139252645,0.22692080188515487,0.12701748114941797,0.06726886320951769,0.024424136261655214,0.11179505399218947,0.04374093876274054,0.0750241356811808,0.06315382983866413,0.17214910155188606,0.13283621269362236,0.24029607682985346,0.13125138375527562,0.026622080303135863,0.042627532568876775,0.046278791614878974,0.18839739286456866,0.11360163006751874,0.1417554032244877,0.3304038173342224,0.3881354210286903,0.18472184498173735,0.3042166991444769,0.3440096208041325,0.24280838003059976,0.20688420307510574,0.3520969980120464,0.20004212149978629,0.9999999999999994,0.20519566367012934,0.41142525433932586,0.18462543921875568,0.36099056567882226,0.3128216622488245,0.22061782067057228,0.20444407787411525,0.11571393735551418,0.20851734028954622,0.08833292392742856,0.2185679847926348,0.24858967286036837,0.12106668997995765,0.19496280506066038,0.19346839102944652,0.0967425651529986,0.13888253570981712,0.2023837158310421,0.1477504281939623,0.3044038990225176,0.1850123258875461,0.2646341723842875,0.2196231668198959,0.046822695704155995,0.09629372515450146,0.14211228314169339,0.1572681715392731,0.11023425857903472,0.09480465624099851,0.06323293913592172,0.19524584747736548,0.17704343824091912,0.09454541696149667,0.2590408645084945,0.12031873888121664,0.028574036602254303,0.11734587420715731,0.055858402666251056,0.06651124038101973,0.10907547295377909,0.25506403665317806,0.17812435770706236,0.33608989249303717,0.08039249681448245,0.11387350734106233,0.0705500110895371,0.07711856684771791,0.02564575505830292,0.01074704578884382,0.24298379300471185,0.01329098565618363,0.008186496259561998,0.04944417591242842,0.056731058234385574,0.08243017995621181,0.21924389248215737,0.306956144395193,0.2870530517036431,0.2562566107882078,0.12652432750865467,0.06299853142553535,0.07316072667642344,0.1871226322394573,0.13982524883040523,0.18424969864552368,0.12767634446059814,0.1754870371902335,0.29790956441934013,0.2151143300654506,0.013109376900752487,0.07457039016318714,0.03052331208268813,0.027627215958407166,0.06355757229070765,0.11415716765299919,0.2754208011442687,0.15852663501176167,0.13282718903142673,0.07424528101623738,0.17384637678486503,0.07213172200251441,0.27014292025163594,0.15639820971450946,0.30354858245778216,0.18927873398078,0.14978537729363076,0.04981505511654547,0.0203294046252628,0.08474225168929579,0.08288443689469997,0.12984676396984113,0.05237135365959488,0.07893923840415351,0.08539196210269821,0.02780987274676208,0.01680036268988735,0.035243203870884365,0.003321531247848578,0.036816483202738795,0.019075284941108505,0.03688733702344905,0.03750284373687099,0.026477614965715688,0.33316666875164014,0.1001394921378789,0.15566793944326715,0.10546376167499479,0.010017544398067414,0.0,0.007346136590007484,0.05441933101807053,0.04706387819956558,0.0665954275164147,0.04560888081482952,0.07619319011245239,0.18378113700950338,0.06945429810116889,0.03254264729479986,0.1374894415668083,0.08732558819749761,0.10823305911816594,0.022215532040280782,0.15912458616338218,0.15308481132253862,0.16563635110505798,0.05325847124781528,0.04679115836879836,0.05270198445138227,0.012345515202759706,0.030976316806514106,0.0631046352467991,0.2403697064635192,0.0905535802936036,0.182266898514006,0.05586054922276627,0.004640116385021555,0.006059468513161261,0.009911358050815609,0.0,0.06291365867507279,0.07143055425272977,0.1662818395006799,0.19911549049094052,0.03025535313838984,0.03373969478576722,0.12230884790812939,0.060346679422103734,0.03455381889759288,0.08095542668053186,0.01675710119830345,0.22303684896029277,0.1611971893029933,0.0377482217370803,0.048382467581129913,0.21828991062007408,0.22776483488273833,0.29197936965562826
299,0.05368829223530913,0.008853365951856963,0.0,0.4668074387661676,0.023933734225032692,0.043919748509893455,0.004867172799886528,0.02717905310210185,0.046262081249651144,0.4281729105541308,0.022975021515746596,0.022746802832152073,0.0,0.018852867557576754,0.39947396291527654,0.11275114504591541,0.0,0.010867779852225215,0.14945277735944543,0.24720643608554976,0.0,0.2791966128593538,0.0016944585507637799,0.013500817878763925,0.016530110034417362,0.022175899393431227,0.03286186806214899,0.005844480084232044,0.030652350281977873,0.07498953566718741,0.0,0.0077604152764144466,0.02384022093663424,0.007193583054697644,0.0,0.02043895759922461,0.03864532541593004,0.0036367780020096,0.0,0.0,0.015940005652922286,0.0,0.0029464281419698426,0.011838300318384612,0.03573359360803006,0.033234497050206493,0.03323279161126452,0.0,0.026446408387428663,0.00658145624363405,0.49158618549860394,0.23683018957484117,0.35677902917279597,0.5489605382270567,0.5573586948056221,0.27252371151305743,0.3655425456005952,0.5184499487239401,0.36472744415157504,0.4232954786616454,0.5128192956219016,0.32840243237766614,0.20519566367012934,0.9999999999999997,0.4059261280289646,0.3657975479132026,0.41524491951530484,0.41836122272100906,0.4149552737547965,0.31188305564003,0.4116964417957093,0.13255172127022805,0.32726788905460735,0.4039164674020923,0.41439052484358824,0.11777364220690811,0.11291369231824848,0.350144733186307,0.20445995422065097,0.26980455684415994,0.23357582467412272,0.10736344522915756,0.3561649538964239,0.2334166835789167,0.525728443085916,0.39124555872437305,0.004995828218986871,0.09796247772058314,0.16743888365751028,0.20491960691776218,0.01738803744110881,0.006938168074928513,0.00842764123243618,0.00248311399902236,0.007759256448385231,0.00286130390111468,0.01906167905838526,0.0,0.0,0.0,0.002410514796511884,0.16853093434030242,0.16491590784889462,0.33150241913275064,0.12095253699126131,0.4186059933865906,0.2356118564348826,0.16001298910284026,0.07094442015173581,0.056676751709636784,0.007713112121994629,0.0,0.1114247694784066,0.0,0.00578342606261775,0.015154143852237203,0.007893763986333404,0.05793601521375176,0.35889019339348327,0.3508297692139389,0.036687023079775914,0.2588109486682566,0.017155664050546693,0.04304006128923338,0.006195620186892271,0.14825818295065704,0.047805840564359964,0.16531876649896346,0.4199476618184497,0.24368819015312687,0.07238477880158369,0.07376055551746696,0.0,0.002131738585898035,0.004859296195689376,0.0,0.0,0.18525804866516804,0.2114570876628363,0.11352018200917884,0.16375520248497977,0.012610082454591765,0.2907493301056575,0.016372504002315175,0.05028509757689652,0.050591340723096206,0.5069133504548261,0.009535231854450783,0.08540411753060809,0.002152876417787823,0.0016146382001714884,0.0,0.004001817385504834,0.0,0.009579891063384787,0.0075519422862028555,0.0029936427663694743,0.0,0.0,0.0,0.0,0.0,0.0,0.0,0.0,0.005574718099051357,0.1503218564905746,0.26455210569142684,0.22894372627231455,0.36016272297505547,0.0033680359691041217,0.0,0.0,0.050525358857990615,0.027742788845439126,0.035600104299642374,0.06283811104575554,0.0037245426022394987,0.1875468237827635,0.011770358765384006,0.023294444668224324,0.24848832484704977,0.18894946313416328,0.014396928281847597,0.010560017044484853,0.007980749444880596,0.014906268477219558,0.07819259789264166,0.021761681573647787,0.02525424311691652,0.0,0.0,0.0031652690685670167,0.0,0.120095515707442,0.04464989960145168,0.0821309115652028,0.01353850531602463,0.0,0.0,0.0,0.0,0.010295678004097168,0.04081381492566329,0.011322126519514128,0.039465550877630096,0.011213618579240168,0.004374894347580274,0.147346951525001,0.0447012224056431,0.004186955136193062,0.07730480264497527,0.016380327812644157,0.16505229971403335,0.15797536117598074,0.0,0.006490318759495069,0.13170048737800674,0.019742045572228892,0.01067164019905185
300,0.0734169148892046,0.006495944150754685,0.004598684955226811,0.4013494325878752,0.08680275351680102,0.09383517696195932,0.005559698750996538,0.022819493652735445,0.15844568875904919,0.39623709315646966,0.03206574186467028,0.01877940503276546,0.016692292003278257,0.04387146675512787,0.6504976072223851,0.26394745259043084,0.0,0.034143153407654094,0.10821127715827988,0.23089132643777696,0.01823348049040775,0.30456155479129204,0.020429118244274857,0.04827565105494135,0.05699418818994296,0.0512075935031628,0.06406675379041277,0.022343130952888656,0.12772800018538571,0.2540793145871895,0.016230747058473088,0.03808970708084648,0.04879671179194188,0.01066761054147605,0.005779821742220242,0.09473702898429515,0.17180940444494047,0.013209382135526086,0.011015196969739374,0.028335231760543447,0.0726688715427648,0.019301963458253246,0.011021624081274363,0.07579443006799166,0.15506856440704608,0.14997913590551765,0.1608096326797635,0.015294395206322343,0.08669790579781071,0.01066628631599307,0.35264074075781404,0.18326057681989955,0.1683551955011447,0.6695193159322347,0.6380623099339302,0.32334377122570185,0.48723956960513154,0.5844098571018754,0.3223732033337852,0.3583055956196558,0.5503341810477442,0.20726395111914261,0.41142525433932586,0.4059261280289646,1.0,0.29665152637469294,0.5669608316250891,0.5687799227367738,0.3136922883461075,0.30602962085651303,0.2575773308949251,0.17098912284096027,0.19819274386247693,0.37285614591782945,0.2841604163195282,0.2930180669415923,0.3233981284885834,0.4157823169751024,0.26376205017449966,0.37647782911182154,0.29631899316557087,0.18737419751338819,0.5567095865745952,0.4676342142621363,0.45090320987290866,0.4330212876944206,0.052632549157927616,0.1922868614905382,0.2308439584332684,0.3372861154901704,0.11959469359935533,0.08837447248572375,0.015786061410960905,0.048318565500810505,0.0776816564323812,0.011000224040324944,0.17299740108439926,0.037576014427975944,0.014901766548679935,0.050901833393796544,0.01142651912200799,0.15157135289685927,0.3648412177449747,0.5640405667094036,0.42441895865992935,0.7070411935047372,0.21985414059415084,0.24208368526759239,0.18222664306805442,0.19749271343597286,0.0346698535093913,0.05817302798324128,0.4053924591743194,0.030302928669425175,0.05531184694913995,0.030936055888216005,0.021142847088932517,0.13838067281894487,0.3275743338233443,0.3246487777082245,0.21426404789705492,0.46009324446559774,0.07167840573295303,0.0941008729607027,0.04049030751548059,0.23095484601610464,0.1419221362509239,0.24276165573726474,0.324870619826496,0.3444409398185049,0.2441086142940405,0.27804706044729716,0.005754670895888056,0.026704558467658582,0.01581787344674355,0.015628927610450278,0.0019897187020809217,0.2551629830905145,0.47204065764790215,0.31435061025505223,0.36739163049338286,0.09750801973833216,0.47422374020588065,0.1231138215726167,0.24870107021061263,0.20537231555660518,0.5073908953758102,0.07578262476154254,0.3795489727735911,0.04433696315800413,0.024641683580571703,0.030572371098689752,0.011970243666154078,0.02951194891644489,0.03308945448255393,0.028316282248146068,0.05703333348028172,0.04097541712266511,0.013258731320713101,0.026328281426261212,0.02669565228700511,0.009350413828815183,0.0036280544139582114,0.0190977655096604,0.019160781966189963,0.01199527411047023,0.2325487368064734,0.2682697210763653,0.23889093145661616,0.1767005333453005,0.020699082884256963,0.01773840843439016,0.01122543713697345,0.0908889341593445,0.06056810549905701,0.0686902175704986,0.13247222299007372,0.021975236387017722,0.24542711978402154,0.058367829045466106,0.01595943532551846,0.2927259610645816,0.327054222345145,0.18113387408152012,0.03435369638642535,0.057885330236581475,0.05277554159126484,0.10709606437828237,0.013654653372454119,0.04340087806334665,0.031444418475913366,0.0016331680416903835,0.07114787953753623,0.04329943661145084,0.22037708180805632,0.05484698562732913,0.21093616587814537,0.04071826724535368,0.012289422544107366,0.00997727484889336,0.010016255192358147,0.01689539667237505,0.08317037109691258,0.12239072563447624,0.08014257849510216,0.1545365023543892,0.03325658941399411,0.018880747561325215,0.2360337581100372,0.07469274066442363,0.028078380590704687,0.14530537453545028,0.04679690420217893,0.32821292364814164,0.1939296825269022,0.01753078416784518,0.029834384276960245,0.22964983584453091,0.09266186982475977,0.15005897842951765
301,0.03844020163444057,0.017756307877708183,0.017165417363247438,0.2784321223795851,0.00677323343686718,0.08516021854984607,0.020624139817272076,0.048408358713149316,0.11110191161422164,0.34427359968120114,0.038701351136155665,0.03661789673919507,0.020842112127667924,0.018989935232253972,0.2610171697763024,0.21115983687531398,0.004187109516240845,0.029590233871467714,0.1239832301975894,0.22662495235731597,0.01585350038480241,0.14938754872740143,0.0021974931490163245,0.03184701567166943,0.05948925322951064,0.006334218254660205,0.05821132189813052,0.02076724905834874,0.05926681652267094,0.0890938189400253,0.00427942252992779,0.007091081301508767,0.02382731384772719,0.011525266229716231,0.007785687302010333,0.028877419929061864,0.035350873066522855,0.00453880536255251,0.0038203160726790423,0.0,0.04691618170202684,0.0,0.003796524675639834,0.03865685493400098,0.08074740377139818,0.04902601579330638,0.033543272838144664,0.003917696093975329,0.02355691877428062,0.016387572828576023,0.48479780109099213,0.17145831762553299,0.22294495425977523,0.4097839662585576,0.3139542975119656,0.22101639665154935,0.31015586957431485,0.4335535438867377,0.2044888697498159,0.44727305914525173,0.4610595184739583,0.17565237698044583,0.18462543921875568,0.3657975479132026,0.29665152637469294,0.9999999999999993,0.39558009631980207,0.2849015095882366,0.32037840555393293,0.2515740014479804,0.26724613317885837,0.15901697071644813,0.24814105881295442,0.1906032057340517,0.28104902075240207,0.08378160646368392,0.05164231472955419,0.15695571225126226,0.20715491626049665,0.14560410577269348,0.26092631856823695,0.15891312693521198,0.22381821173273322,0.18567170188202292,0.3017153214718128,0.23643706799170816,0.02207654851998172,0.06407986850452409,0.1379200043133678,0.08150848006756528,0.02796819964749613,0.002698001814944334,0.007086825613386973,0.0209051488580986,0.05742816828626038,0.01002345750011924,0.08060221033472531,0.02935081612040212,0.013383812910525287,0.012388017809399231,0.004043962372479403,0.10230270751450525,0.11943161779802959,0.19423750772514464,0.07695558083843636,0.23020514655555635,0.27454758757711617,0.12078394909397358,0.06628241679570329,0.04322164793099379,0.004478401325035787,0.014336535869992536,0.0858921417344883,0.0,0.009635410659645202,0.03677837818539428,0.008360082136460733,0.05059572499293107,0.1226676460177526,0.2617928992135821,0.05783848069333431,0.13073211122153489,0.03958312779333076,0.015504332989882018,0.014192738635348486,0.14423233996847606,0.032695148271033876,0.08803328570520355,0.17844131475639843,0.12350999554173106,0.08338048357251698,0.1264488866381602,0.0,0.00784962438451097,0.013373263630595617,0.00525820589398262,0.005150656392722325,0.07143730648898572,0.12823991935456103,0.07550439577496766,0.07948080850205558,0.10473376705704786,0.14742382116149466,0.003782000254890309,0.12778743784581337,0.05891397358971266,0.2984606350578116,0.03314086488843272,0.04027563009440447,0.0024945465161800113,0.013681399919149585,0.014280101933740269,0.04648241473813972,0.033219444908186624,0.011406741706502188,0.020609642442470596,0.02387882907275165,0.005165962919784466,0.0,0.01146427837120723,0.0036766634159725808,0.004216762006694796,0.0,0.004157501730257973,0.0,0.008522100576637543,0.20036004236621452,0.1672011982052012,0.12352361635078543,0.3089744627308162,0.0,0.0,0.0,0.033315416163854764,0.004609986349365769,0.025517212404604018,0.036894379441218934,0.015582783982393936,0.06713523873707229,0.010490943310282497,0.041216671316742545,0.12757771314607605,0.14796319431043312,0.013146331536116107,0.008647666371846826,0.0464239937295772,0.02502036291836819,0.09023296131672472,0.019600941421282728,0.02170367044168904,0.003696636807067473,0.003923812445574748,0.0,0.010122511923926165,0.104776067920032,0.025758699028162035,0.02520429665604247,0.010426953856655104,0.004929934541184483,0.0,0.004769559184356855,0.0,0.031815297352725556,0.08234355162580421,0.03004313579000136,0.055977567454225566,0.0,0.004779254276440409,0.15665171863042676,0.01740782180137425,0.003634520184418329,0.14006317980720573,0.0024954444619966418,0.2768879943868352,0.15203255738126453,0.0,0.00808957508572613,0.16334374884703506,0.035587457792639214,0.029166729848491765
302,0.08777265768381823,0.009156473065309112,0.01403839608192296,0.3717156924491983,0.04386720089825638,0.10661780601643825,0.009068872449903615,0.028698088420905692,0.1538323195317716,0.42071766068019933,0.05743904919315966,0.023230593974049703,0.018616890113977227,0.03369829553991838,0.4836541887631458,0.23466196905497627,0.0,0.03695044491375582,0.16536164839933218,0.22600424496064478,0.016278924055574035,0.2455182326602932,0.010491190196637013,0.06874747529086783,0.07750188016189832,0.021164629978087827,0.10211458736354696,0.025376753033475138,0.08279493250617084,0.1531370112913615,0.0,0.02961561436075151,0.03316520116583445,0.01535117695914975,0.00548510738106462,0.05577218573920372,0.12141630498627949,0.0059538122806336085,0.017826362325845568,0.017032717196864146,0.06484682114255544,0.005573274121603817,0.01570321769366186,0.05007266564343734,0.06661517861262126,0.1280958865913353,0.11447375207146226,0.024302937434534495,0.04748947873424601,0.011105482364970162,0.4156878846202094,0.23019763160404308,0.2582566047242509,0.5458657614599365,0.5205313970350169,0.3495715421558021,0.5412268105711873,0.5893801692903039,0.3124892715587392,0.4481453857880239,0.5085731687706708,0.2694806347498929,0.36099056567882226,0.41524491951530484,0.5669608316250891,0.39558009631980207,0.9999999999999991,0.45405041849670985,0.4359154527729889,0.3189305946141802,0.25433891467398784,0.25039269368958056,0.22588054534945534,0.33010432389786865,0.3443676179091369,0.15653225304668636,0.14609921791835392,0.33109094356888846,0.21078289388185706,0.2883586395076441,0.30248962405013596,0.16703430204565986,0.4457414853615091,0.2874880005867239,0.4206647890442165,0.3226044714716214,0.05028310489787105,0.16206228093655517,0.24886519678816577,0.26015709333282194,0.09948688533101982,0.04817156228395197,0.012531112059600872,0.017432984217157867,0.052539866221737404,0.00516201220290843,0.09548536075672974,0.006413413417085597,0.01714666191653137,0.018822647212614396,0.012800534448469146,0.1628209398553138,0.20316647307401814,0.4043930503681041,0.2446381439076637,0.48401023646297997,0.16913578710680058,0.24420122666111652,0.10849801636692531,0.11027052819935883,0.03479966614903332,0.06273969557819907,0.24675394178694834,0.02289727659543659,0.02357462553956802,0.06569551950890816,0.05069857563685708,0.1377810558131928,0.3217811438831138,0.371310407822327,0.1666244642525831,0.29605215963927733,0.029371576531108747,0.09372563482421982,0.022598392789306847,0.2131394998440452,0.08442701553579132,0.2121151403903106,0.24712212254527804,0.30791373218835294,0.10585648399846907,0.17573118672702687,0.00705439795350264,0.02578035645864097,0.016173223351873954,0.0,0.00571176332619898,0.2049946516689846,0.3345916171435745,0.2618820937706905,0.2130967007833204,0.042122533074458755,0.316906678156223,0.06914093657617969,0.18542992708424022,0.1697328990681082,0.47797462009004477,0.037791770176313966,0.2249406543882121,0.062116811086325115,0.03174196683777218,0.038098298472186785,0.03598326738829728,0.013258429192561394,0.01677297173221155,0.049163411948135644,0.020955523053001378,0.021859670365639072,0.014698268023792305,0.00524527962223679,0.002618138803499787,0.009202479164820788,0.015216445144514635,0.013904417723312136,0.009924021384077227,0.024646733984943162,0.21744567919156088,0.22727783806583723,0.24168244416849533,0.22944922606642956,0.004330412240486452,0.0,0.0,0.07462354037568059,0.06572929256839012,0.05001078859193864,0.10349506639022318,0.021320838255843036,0.21621630984856696,0.035403279385447683,0.012109949121760166,0.2570136761827068,0.2494350998132695,0.10296493813599751,0.025165430310806997,0.01936525503941766,0.029503033322891697,0.07776334547873981,0.011095532624516277,0.03254546147664833,0.019746802481994563,0.005754739561645362,0.05639882964166278,0.01849884404669148,0.1407844461310524,0.0514292761179547,0.1037673259720757,0.04848022678043445,0.013282230135790609,0.008589436533093048,0.00953452309267046,0.008986028525357343,0.06812388974895213,0.14242945761930284,0.03877611448109685,0.043406567328319524,0.03558644921360254,0.015242120388768344,0.20262924370201812,0.05176768409711927,0.0033536189928284983,0.13657652700660083,0.029022598278266178,0.29624289580655744,0.15184566842272273,0.014832537520289728,0.05504609822910192,0.2295826073862452,0.06877572412961491,0.10174934387232415
306,0.060660168052874365,0.013494722231756781,0.010459499617075796,0.3550576209090024,0.08356591961203004,0.08022061022595801,0.004037777240854683,0.039549187587781885,0.17303105956859757,0.41137840948667187,0.052674547802484546,0.045560565330651774,0.016219457420980462,0.04628991222030808,0.5484147140280928,0.16326900951108106,0.0030031846439850327,0.03312812471355545,0.16606334459983055,0.2741107022720413,0.023061650043152193,0.31659976638648696,0.013542712572070605,0.028214692946850688,0.03830380198531496,0.029013277416248734,0.03422278670763584,0.025831817770471846,0.08538458087275373,0.1842394520247001,0.01202705611555602,0.038321647355166834,0.047950757926086454,0.012061084643783146,0.020532623308425126,0.058431120762294536,0.09012550694707755,0.011141897096016436,0.012546749957951218,0.014569470629507529,0.06402449388910253,0.012471596181148905,0.014231915260864484,0.06622342667226902,0.10601177928450072,0.10396162920242566,0.13054373547108694,0.025070803345554192,0.045773050537087634,0.017815376958080928,0.35957895193647077,0.13878671142053617,0.19046468571331343,0.6541858667332422,0.549673021551227,0.27661049830776885,0.3396133361840396,0.488327903916223,0.26147791091367295,0.3217204802117857,0.5530032161610532,0.17694047646474342,0.3128216622488245,0.41836122272100906,0.5687799227367738,0.2849015095882366,0.45405041849670985,0.9999999999999996,0.32650791196697565,0.23125082656232512,0.35608932638812796,0.14119933011241217,0.2215045755763446,0.26042877845527884,0.39021077632252543,0.159572341694498,0.2664353653308886,0.3052561008578958,0.3608735787693677,0.47699036597836975,0.36502217962218875,0.23495564625482196,0.40164990391466615,0.2393071331140386,0.48820315128380143,0.3459195268281398,0.06570502835901232,0.16822162647785152,0.19498790701328125,0.21558298210774246,0.03688958661886462,0.039827635755889074,0.01210077258282884,0.02884599490858229,0.04637584077862684,0.016292194601826335,0.078000435668408,0.021366397905268203,0.018004712537780524,0.04029528475860036,0.009739008411989873,0.15107511982662714,0.29003135384420836,0.4035997247396852,0.3737032604564513,0.5644622159601734,0.3125032328406668,0.2599245063383556,0.10594883279468484,0.13616287234290175,0.021697767613536645,0.021404792039044735,0.2380051561246515,0.018002404487212728,0.01720935221403681,0.03989299079286118,0.011039935979343024,0.07926315930364819,0.222307064142253,0.31324967028395934,0.20211829366734702,0.30600281419053416,0.043046189763354656,0.06884070669716495,0.012493078483284657,0.25516566458716644,0.09259673300686484,0.2127399771782487,0.3712991289763962,0.29467764549698094,0.20126040883469679,0.10156723133254254,0.01595565687830642,0.012067560260142027,0.012723856127130216,0.015021509643782424,0.019645603427097404,0.2061276109716454,0.3462048780784482,0.15699947761292726,0.17825969899208535,0.034753574630018054,0.2846787730458755,0.04840801121574497,0.17214887400470025,0.14425886005408842,0.5020794106381808,0.040230759198240006,0.1943073821578989,0.03725710710764882,0.016192514811046655,0.006917766490510039,0.019437924151145043,0.016947400957221376,0.033009826725139156,0.007974025397225845,0.028848070015040993,0.015258285525194766,0.01503773416958004,0.0,0.0,0.010787605454213405,0.0,0.013213299369345382,0.01255070646184092,0.006771429938492352,0.23585890408609744,0.37446395535447374,0.2014153493322769,0.2081005465788556,0.013405496597636925,0.004984531778037159,0.0,0.048842709146392,0.039530973791888815,0.06079607516449652,0.11842434470069411,0.022975893389477434,0.15404094729114748,0.045777297578703253,0.03123769589984572,0.29565256736555795,0.321165157389145,0.08606453352083564,0.035334473871310515,0.017420528834695137,0.0560912517576175,0.0931921012803732,0.0554472095831596,0.041766480036565266,0.023683087142142605,0.003601183122512037,0.031921718028228185,0.02112116160162458,0.15916295135023267,0.042139062625089714,0.14074443030390085,0.026607439491068308,0.010811159626831397,0.013934135837362749,0.009243759051982214,0.002812630953269313,0.05696430077942841,0.07157079618798853,0.05971510714345402,0.058643854249176994,0.038630889001774096,0.023078203299140784,0.10542289958741649,0.06738823610133247,0.03095293617365371,0.21781925733072854,0.03720134406864451,0.20320609241809953,0.15588025215165155,0.011910672670384655,0.02440076597755727,0.17974339477588608,0.0939467914554574,0.12113016919389637
310,0.020725799288381856,0.0327696781239426,0.005544195539840814,0.42059491872105564,0.034848807695309125,0.0763586062919573,0.02527468715185187,0.05309378404682034,0.10001146006418515,0.4500682421258551,0.01941034079315151,0.03286664018129359,0.0202167139557445,0.035876903121679876,0.29909269872468586,0.1443187801706698,0.0,0.029054838279923653,0.16021521572098754,0.15868632144301364,0.0072248038519021505,0.16540250720352492,0.004060570607830785,0.026891125352618808,0.040060374770899174,0.004574157359856655,0.07754556143325811,0.039769606261714725,0.03044599211177708,0.10626254722215836,0.012661058407853823,0.017913876042985437,0.028519351311637332,0.006599008174039937,0.005661697310886306,0.02497315845903263,0.025367408997116273,0.00394156499230529,0.0,0.012855560813524246,0.03971285650607581,0.0,0.0033324481035972857,0.024596464213161067,0.052080354582182145,0.062433305280105614,0.056954304316246346,0.013284128855920889,0.01680291474819425,0.011202315822045167,0.3096044171564851,0.24444787997838555,0.31436728007619563,0.42820289066066103,0.3886840562154422,0.25346648382919884,0.3148812362263248,0.3817389027554621,0.2991099986389128,0.35434047503926114,0.4112028445695187,0.2321244654563366,0.22061782067057228,0.4149552737547965,0.3136922883461075,0.32037840555393293,0.4359154527729889,0.32650791196697565,0.9999999999999992,0.23326610535974532,0.24242567333236975,0.20233362062858215,0.1547110088824204,0.3274754554710627,0.3682336165621728,0.07821469324052598,0.05986561346820929,0.23509505262594213,0.14274901264214582,0.3019462421023137,0.3386502512176114,0.13185438464639299,0.23462053812829356,0.14604354012163567,0.3479844978406259,0.2534880228756159,0.027074121230680953,0.10187099091555282,0.1350017251502047,0.19544770167465556,0.024796401623790553,0.009974324800432019,0.00801053121710161,0.004697493457792256,0.029028785245506512,0.0,0.026914119841541344,0.008839628642065143,0.0025376665020269825,0.003320254688786952,0.006447005950234472,0.13571889091388814,0.07717652568230847,0.21643261723493948,0.10234351645355427,0.3097142632863796,0.10950537074208667,0.09446837027939697,0.029320521019330588,0.038056224744641994,0.031076896182584097,0.021471189909395193,0.11602672778716518,0.006266573845253618,0.017921517413007258,0.05872803280075861,0.004155158152978351,0.04051113712814954,0.2639922178044608,0.43904765537394386,0.09509085430337354,0.13280290851004992,0.013092763757173323,0.037891705032529074,0.018704573651652623,0.22490038355810937,0.03481083315711027,0.1261105140331456,0.16385932712251394,0.11531895530205782,0.1251683541850224,0.08788153318920305,0.007166971901751228,0.0074954990611255995,0.01037672464825247,0.005294197541476996,0.0,0.08177867538183316,0.1197279216955191,0.14491401657064124,0.10201484004696625,0.0266394434760163,0.23467843256088572,0.0,0.08448742102777689,0.03421432854796336,0.3675342524271883,0.011053976237276822,0.060190626005624505,0.004848724990323083,0.00821009346607411,0.0092297624235887,0.023651378677964772,0.006364805994341457,0.009008294984752082,0.03008415777157866,0.013719559950044157,0.004655224642119526,0.009470920254810779,0.0,0.004522028632163441,0.0,0.0059871532881726084,0.009505651566080906,0.0,0.013463321375845608,0.16932029861887551,0.3008397072452157,0.1703197070170465,0.2814748199212332,0.0075282611641917345,0.0,0.0,0.0342250284354571,0.011803347454217638,0.027901534438666605,0.04691021979168774,0.016065014312940804,0.1812228333470616,0.017427327990721497,0.03233764576584263,0.12075104114747841,0.11223018473041918,0.012157238143584416,0.0,0.021686414953055934,0.022116999931998938,0.07129997388091491,0.013558244264505925,0.01916646937953632,0.007418216121163938,0.0,0.01965665666148535,0.0,0.09737551718815282,0.023790645808213117,0.03184589298734649,0.006908652477460775,0.004747360920320554,0.004072793261504587,0.0027177070137417766,0.0,0.03663483757075271,0.05794660006337064,0.029772620078804855,0.030154324064161013,0.0036902250741174384,0.009289637094772174,0.10622180105492805,0.08961942163379923,0.002976122895412613,0.09474018159150646,0.0038271882095885896,0.13144687302332186,0.17259287036212292,0.0,0.009251901941909113,0.182278581569576,0.03436549524699677,0.03326913437021114
311,0.018876320681963082,0.0,0.0,0.2391918978236226,0.009292872445770543,0.01636238249885764,0.0,0.009282048383798442,0.05284232400049257,0.20597099524879028,0.0,0.0018128534410192302,0.0,0.026718797201529563,0.2285039905678684,0.13242035261461976,0.0,0.006815868761471136,0.06074907934860029,0.14310628593446617,0.0,0.13300593592178864,0.0035519614492820544,0.007805163662169342,0.0,0.00850037571670255,0.035685800968879175,0.006140005266644568,0.01695849029442148,0.12761269176820123,0.0,0.004598685672915082,0.0,0.012535780256610103,0.0,0.006318277443405528,0.028077696943480078,0.0,0.0,0.008540711835420583,0.007937544615077424,0.0,0.0,0.0020898551125181327,0.03417462141254882,0.022892369326026805,0.030985555737293537,0.0,0.0037027955096054035,0.0,0.3398584934989852,0.09976693175235633,0.1787783546282964,0.32864086412595167,0.35833830380735454,0.3020658475523602,0.46444564122546383,0.34378235717867195,0.38839782781107574,0.39300050912267415,0.2974111359307755,0.25249726764863517,0.20444407787411525,0.31188305564003,0.30602962085651303,0.2515740014479804,0.3189305946141802,0.23125082656232512,0.23326610535974532,1.0000000000000002,0.18743439760915606,0.13468342833762215,0.11771313224744794,0.36088505313022445,0.24071867781803596,0.11814417654525752,0.09585997012411385,0.2899699618073926,0.06087845529806992,0.12129656667925764,0.12549767467374012,0.06535550826441464,0.32282431004230727,0.2221942683906093,0.33603265073902194,0.20336957918058987,0.007069943833272623,0.06193025303892892,0.1050362563600768,0.12349821067291478,0.03144597689875216,0.00948764408950904,0.0,0.0036262991108507786,0.006850324151748757,0.0,0.09856407686970732,0.0,0.0,0.004831714373198248,0.0,0.08057562523183272,0.07920803728206084,0.2319996195107258,0.09184626359454115,0.2506306772072695,0.07670909787741033,0.05010440240584372,0.01723578078767591,0.03180355291112541,0.016648353900324993,0.02098270485831375,0.10385581945776938,0.0,0.0,0.0,0.012279828042281365,0.0674447305261822,0.2399523727198625,0.24867012469208724,0.008088800563841364,0.2763976003508385,0.0,0.037799513123529756,0.0,0.10441813009725137,0.016311876906451847,0.09302151783263195,0.18817798835827415,0.11820652395256298,0.05803969796972823,0.18301931089795503,0.0,0.0,0.0,0.0,0.0,0.05302788620307853,0.1537743043313796,0.19029794346953896,0.15998384940519386,0.0297927445221365,0.13064392065315572,0.006836402518773277,0.06515095012115397,0.11021541187738172,0.2755298353555526,0.009918502980870516,0.06493455690624118,0.0,0.008825135209862032,0.0,0.0,0.0,0.0,0.00444425768386136,0.010153384421820719,0.0,0.0,0.0,0.0,0.0,0.0,0.0,0.0,0.0,0.1280173480665506,0.07741204491871492,0.2519332183543601,0.15402504561823777,0.0,0.004699204093679662,0.0,0.06210237155660625,0.0157308891575193,0.011154887878502273,0.10262301624961406,0.0,0.12330247424048277,0.010090874340648655,0.00857009848325425,0.10223155219662783,0.057915034677475066,0.07391082388585123,0.0,0.006087971956955392,0.010236971302130235,0.036727311793141454,0.0,0.018717965851038396,0.0,0.0,0.007818564842104041,0.006436317746802638,0.06563469825711256,0.0,0.05584521520194591,0.008219440924252697,0.0,0.0,0.0,0.0,0.01667046449132218,0.049036777546196134,0.0,0.0,0.006659903106991126,0.0,0.17754580951869836,0.008990229618182166,0.0,0.052589728776193945,0.011909815353743778,0.1347303121204164,0.08502534814365534,0.0,0.006346887973811726,0.10886967756750923,0.03911554977826039,0.02658245575596795
314,0.018211547156231703,0.0,0.0,0.2716259563066423,0.0038766055743561885,0.04384808395474965,0.0,0.0,0.02583830873129492,0.1921317584478731,0.0,0.008842991098533308,0.0,0.004172602493754331,0.26646570637438016,0.10748558961278543,0.0,0.01126174770484117,0.020102142925933746,0.22069862308241756,0.0,0.16906066694150348,0.002159287876224959,0.011486317834959885,0.004721916273123053,0.01575875141118119,0.014983206320959768,0.0,0.025069791905897722,0.07549052683580378,0.0,0.0032914983230020673,0.005473283264726128,0.0,0.0,0.029142138841302054,0.01984625491140583,0.005136949547361513,0.0,0.009288942586973098,0.0035637841952832587,0.0,0.003635003130438166,0.01114156131908421,0.04167679845109859,0.01592551493628908,0.03257607266037918,0.0,0.021020215256341093,0.0,0.3692272507514194,0.054224668461308995,0.3487325813884699,0.476475110576666,0.3666679287879403,0.22746513900493956,0.21088616642861896,0.33600303475033416,0.21573588656828274,0.27061821395737534,0.47716073295176076,0.18890931083846477,0.11571393735551418,0.4116964417957093,0.2575773308949251,0.26724613317885837,0.25433891467398784,0.35608932638812796,0.24242567333236975,0.18743439760915606,1.0000000000000002,0.016752954906497884,0.47367921695318854,0.1976112472990868,0.30869720861716043,0.059064264852357225,0.08529954978908275,0.24110899654125076,0.31280679996640376,0.2399080983795117,0.21396750451591512,0.13172111866734126,0.2140301922660766,0.13822508966831237,0.4553255616035871,0.24637901788975353,0.017453777821354717,0.05193684607174452,0.06041003286549255,0.12743814076708015,0.01049136481299842,0.009214485076445886,0.0024639883011541566,0.008764040057633942,0.003977327438486395,0.0,0.006070323489834032,0.0,0.0032109528655361865,0.0,0.0,0.09272971438351646,0.10513624928906275,0.21137672129716126,0.15200640173029306,0.30184574194883884,0.29303575411654675,0.10914459002865441,0.04397442052886938,0.0477932245620669,0.013778175842546805,0.0,0.08817982202674104,0.0,0.0,0.0062921223688156,0.010933439228298867,0.009445910298893198,0.20157000853855972,0.22690111144822392,0.09359243242828355,0.22198879987725878,0.0,0.013069902249746924,0.011099786613336559,0.09860297392617864,0.05197009875326205,0.09864899132921284,0.35963327222647706,0.11821237502271367,0.045774393728321754,0.05190563741861322,0.004895399334147537,0.0,0.0,0.0,0.0,0.10390373828998624,0.12949796554136894,0.10313406795596833,0.11273808564257205,0.012654124939365432,0.17468220390858183,0.007932442888656598,0.037493952655020125,0.040156522194240235,0.28875712719826346,0.0,0.07968193309684275,0.0030684471962282947,0.01476239978402276,0.00441567467950476,0.0,0.0,0.011576537453976896,0.020761887347688385,0.01034663140736532,0.004566151495487012,0.0,0.0,0.0,0.0,0.0,0.0,0.0,0.003435228715969243,0.06947618783096401,0.2487423751462266,0.15713032743385463,0.38152484315510804,0.0,0.0,0.006329821655122828,0.0,0.0,0.008226300217570785,0.03936784096409808,0.0,0.03656925659160762,0.0036909930673571178,0.005937050422603685,0.19914482694770202,0.1389218063853315,0.019460748042882958,0.0,0.009618238096881665,0.0,0.03344924732088464,0.0,0.011027834032985795,0.0042472379390560205,0.0,0.0044709430985526,0.0,0.05720326089303895,0.0,0.023597511332151936,0.0,0.0,0.0,0.0,0.0,0.0,0.010930262365477127,0.008987745356585886,0.01105844343738792,0.0,0.0029358658154151856,0.07387271029757557,0.012249698684869977,0.003954026207998131,0.12942255325288446,0.0057096503257601395,0.10586973401305318,0.12884547334414231,0.0,0.0,0.089564886235774,0.0,0.015877731808019047
316,0.06705183497857023,0.030985396085096366,0.023783080194167097,0.21107058974827506,0.028375871273141333,0.16473955105864263,0.017287295119831073,0.06145185007428451,0.20119479273902466,0.3024704088779921,0.13049694996291603,0.0471813286578833,0.048431953183480855,0.034121123753872905,0.14407953590097816,0.10193054069022357,0.024902347241668295,0.0891508253967066,0.11707477982131294,0.09529152512145318,0.05108270252368147,0.1132251633023454,0.03446996945695728,0.15462617803005074,0.15725815726487677,0.05390755972599386,0.12155240044857607,0.04771596717120507,0.100982882356583,0.07331777473658013,0.027644289907484125,0.025547846281080477,0.041268172220457026,0.021141128270984928,0.019437068569615093,0.05664266273771782,0.10161091714376726,0.019061081666833186,0.03659193811127253,0.05101250132848807,0.08821972575934812,0.033662215467609696,0.019403786656308583,0.08803379339392495,0.06172487250273441,0.1355707676305084,0.07539182092347144,0.03266613194111332,0.07211178897175319,0.038783597627100555,0.137755198136024,0.11687674576382948,0.12327200991303754,0.18231081851867548,0.17608065568598613,0.08333797647161978,0.2010545016577479,0.2082061210119538,0.13233412605096184,0.08878571500770514,0.15471529024489497,0.09898194018386496,0.20851734028954622,0.13255172127022805,0.17098912284096027,0.15901697071644813,0.25039269368958056,0.14119933011241217,0.20233362062858215,0.13468342833762215,0.016752954906497884,0.9999999999999997,0.02415433648008099,0.11298247550992593,0.08772626567877032,0.014776860336500263,0.061379361386391974,0.05961007508276595,0.0350903867737908,0.06809170355163192,0.08512475765056379,0.03211427645795782,0.20109257474741304,0.08901696204154749,0.11099273849378063,0.049160733849510294,0.06353133599221339,0.11528841332803577,0.22067067823712738,0.021689378732689828,0.07420672772844336,0.03589949415323754,0.018757259101745867,0.051379296083716254,0.07792628417979,0.05250021079819668,0.1345218992450987,0.014825592336488218,0.06319635619333383,0.09047114376802161,0.02348182483489524,0.08402372867412639,0.05528432067895539,0.08613320246900254,0.060769902369035025,0.09280874484392362,0.0325433431010313,0.04121696255550022,0.06534440107386963,0.07053351214243546,0.03698525076559715,0.029322262012309447,0.14531944935287813,0.010815194805768025,0.024285102194925703,0.10740599399502809,0.029919121040917842,0.039580672338326975,0.12996914912244997,0.14343201555408125,0.07817446942609534,0.06823885045615652,0.06532836370219684,0.10237717369204938,0.05639197204464135,0.1524110319943238,0.04407777753308194,0.2070618577272021,0.038430374046864745,0.02513036243107363,0.06681203368456458,0.13412615303614867,0.021963693618001504,0.038069764164096916,0.06935085184662236,0.03164482619157022,0.04863085757219904,0.033729747931358134,0.11297706062003315,0.08056988624769809,0.05892676714317146,0.10610518541654276,0.05053539367330788,0.011113472283995179,0.2046156943034837,0.015381255319197078,0.20295088234031256,0.07806600830547365,0.08859486300012154,0.06692139275644336,0.037694255624294036,0.034694286090403946,0.07495249897224021,0.026543721829576667,0.011576806107493478,0.048034973166790534,0.013976602449947435,0.0,0.023338221206390952,0.01329611883439648,0.012932018871772595,0.004992076142317535,0.02871183212514787,0.0237164487650196,0.034458116239689564,0.012751087184056004,0.17351035694493105,0.07732071908078274,0.049937738339565524,0.11025064272790663,0.02435212708183452,0.014101927526532273,0.015838604921696944,0.09595524514555105,0.030644856534792854,0.042997605892394576,0.0695468256123603,0.03659959780331879,0.10179497451694193,0.08987650618721013,0.02579974234864657,0.011454122590285873,0.014257497562395909,0.027638066839342872,0.016882248146275883,0.026995820888034257,0.04263360652969245,0.1503641273499803,0.025792264523885534,0.037368513690383964,0.07995907683544856,0.023603653306150142,0.05284372756327435,0.04068166791534421,0.15579910454892398,0.025302016191227253,0.054718694567688644,0.06967248412905165,0.034066456611195554,0.02002617305043441,0.013532941241966108,0.010722845503505558,0.15663994479686863,0.1427908490701728,0.03515856811006331,0.03926123590884827,0.058584159288440026,0.02060284001024598,0.0746980974972899,0.12068973360412653,0.02320504406439952,0.017783175190141838,0.023837790886359685,0.16541056715414473,0.06274747112853339,0.03974207916245191,0.06073138912100737,0.1799067446320617,0.10832537418195794,0.10064520459090129
317,0.031104577403323206,0.0,0.0,0.17728083961980912,0.027460109794061775,0.007274697293027329,0.0,0.017463294799934147,0.01935069530762121,0.14632315776559862,0.0,0.024273884542018086,0.0,0.0,0.2644277558521505,0.08578293541164378,0.0,0.0024004709556794844,0.008545772404413227,0.12486147906645555,0.0037468615136584155,0.1488800735862206,0.0,0.01604394097919511,0.006385471205737636,0.009601481744589696,0.004919134975832663,0.0,0.013376996110063698,0.05276345892032598,0.0,0.014073779227174912,0.005567810831671271,0.0,0.0,0.018351624092523923,0.01964054592105309,0.007354847766568162,0.0,0.0,0.0,0.0,0.0,0.0,0.0307582150723283,0.010273106017922569,0.03788680066793891,0.0,0.0128246369843965,0.007236463953510693,0.2982697333978133,0.02170928982225727,0.20803771626456163,0.36878754664672264,0.2529157269524761,0.1856113266049107,0.16592295969056087,0.27779396459745276,0.10327317105747205,0.21214310717106866,0.35859601558630566,0.11882887694220975,0.08833292392742856,0.32726788905460735,0.19819274386247693,0.24814105881295442,0.22588054534945534,0.2215045755763446,0.1547110088824204,0.11771313224744794,0.47367921695318854,0.02415433648008099,1.0,0.16216604813361843,0.17919185087157807,0.027410039346017174,0.035311826289340785,0.16536176008247835,0.28677912762083513,0.17469003212264878,0.16138635326516096,0.19040694327103183,0.12701939367036308,0.13616110092888223,0.32948948227159536,0.17535590296191675,0.007860266737597373,0.06040273679926989,0.06962493500447027,0.12182483907049702,0.03441572148063254,0.0,0.0,0.003930265136575809,0.005651143664707865,0.0,0.0,0.006464491046573709,0.0,0.0,0.0,0.08486923058764977,0.09205609958515873,0.1484883019804481,0.10808615117411095,0.2483272095614891,0.27912294684434036,0.12534821091931495,0.033851324194224486,0.031459549731932754,0.026792298945089246,0.008958061026452625,0.07793294971606761,0.021976547015347903,0.0,0.0,0.006661518696310465,0.023887186066212485,0.15881948122520442,0.139841924518497,0.04194766655347264,0.1683724028735794,0.0,0.0,0.007743958946712517,0.048226603544178764,0.03139348466498512,0.04811325635021916,0.27751954968614645,0.06655731181275966,0.042287303816077246,0.07473074166616979,0.0,0.0,0.0,0.0,0.0,0.030329766913723993,0.10601897526425745,0.067750052048058,0.08127019830225796,0.0,0.13249446419689934,0.02645223703113,0.05668285812290075,0.0075792383655827545,0.20087354700277973,0.0,0.060955795796691206,0.00819140673091753,0.0,0.0,0.0,0.00844178499887368,0.0,0.004255280748130649,0.012033152129422933,0.007038616339583989,0.006342276720894278,0.011283253162708671,0.0056622992600208295,0.0,0.0,0.0,0.0,0.0,0.06741570997063778,0.20341210275237193,0.11336571132817824,0.2686010944497798,0.0,0.0,0.0,0.01283516212920432,0.006772302902155801,0.005012114811867564,0.021898125930562704,0.007206034384350204,0.03828390639454723,0.010510348835428531,0.005983540473371563,0.2652023824087225,0.16100519773454675,0.02053072001460514,0.01732082886003317,0.0,0.0059098404149229705,0.011672312761236939,0.019158709803763538,0.011728339767129883,0.006612488694109736,0.0,0.005818366238819856,0.007109899388646375,0.03674919258562105,0.006128273503464586,0.022219408552548354,0.003974700305054329,0.0,0.0,0.0,0.0,0.0,0.07994910848298509,0.0,0.00439823032513276,0.0,0.0,0.060362051339507984,0.0,0.006612423745220065,0.1009175783826717,0.017953805484114516,0.1168725347597993,0.14090394504969977,0.0,0.0,0.11284608819215393,0.0,0.027078583395541957
318,0.049443844763322246,0.0,0.008388186441406452,0.3043088562898537,0.024440471150406665,0.03301400561254682,0.0053825587430547306,0.004753905612725502,0.05247096962156258,0.24670505821824026,0.023219991614216423,0.009239719850538012,0.0,0.025961708028202555,0.31118334351150523,0.0631408508060032,0.0,0.007069986631628899,0.07021930745582605,0.1251565339840461,0.006589081458647203,0.16778965856728736,0.002077323224560719,0.02736913340850773,0.018485706190893167,0.009305276958663592,0.05703759876807227,0.010914906210568665,0.0363182724647104,0.09999193366269023,0.006064978960725404,0.011217260927363535,0.003793631187829264,0.008246872696095055,0.0,0.017313407445968328,0.05588598216486805,0.009766326992212346,0.0,0.016413537448361756,0.008368123577253177,0.0,0.0,0.012630125056363678,0.050861529838003294,0.04344375328867323,0.07200641564554665,0.0,0.02817125054041091,0.003539741852930881,0.2778419694955053,0.10316682481627659,0.1946030373247318,0.3941557843602535,0.5263149268789072,0.304721677447857,0.43454631812223526,0.40676056822734913,0.4321626246963596,0.3273426857777967,0.3012609246032086,0.26561913779876595,0.2185679847926348,0.4039164674020923,0.37285614591782945,0.1906032057340517,0.33010432389786865,0.26042877845527884,0.3274754554710627,0.36088505313022445,0.1976112472990868,0.11298247550992593,0.16216604813361843,1.0,0.31377764244905837,0.25904743764647054,0.21472679542482104,0.5012265000988609,0.14466458429748344,0.2057063993553662,0.19304997446904607,0.07619335850970411,0.37428082485118375,0.337642750272695,0.381577456347604,0.2657512890756278,0.0,0.09723399987544822,0.12679751887880195,0.20948411861493532,0.06258049246756861,0.02591476455382142,0.0023060496749510296,0.007177288722848696,0.026386507129581696,0.0059105593997600655,0.050968209391889716,0.01273072967972483,0.0,0.005713587814778881,0.0,0.16461166021574672,0.10761803420202207,0.4207213706302295,0.18413495959606885,0.3810095644595184,0.10782764702230757,0.09072995268225083,0.11453510958044284,0.0541004107445717,0.021530379901775254,0.00463436635795126,0.19064253309421583,0.009402659636550403,0.0,0.021045647965838042,0.010147994839795442,0.034227239965261495,0.528061923234656,0.3160472900471409,0.047763639108218535,0.29001703168840065,0.02092905688751996,0.07710501568593608,0.023461420824602362,0.16688021607209327,0.08048301171646782,0.11913487884561988,0.19639864314668787,0.17226903758482945,0.06731167002970953,0.10900400356802298,0.0,0.0,0.0024491098066810484,0.0,0.003376652561008758,0.2016344660697127,0.24718221516729566,0.28259311262708037,0.314868439422877,0.03568738163695473,0.3391301880625499,0.06042745886042549,0.05117018052158755,0.07566173956984117,0.3170659521737418,0.01780059556480286,0.2057196764949421,0.008088246825266276,0.0021605284838848516,0.0,0.0,0.0,0.03251036911777458,0.017808069494507243,0.025814543470990745,0.011637198639752544,0.0,0.003465908575524334,0.0,0.0,0.0,0.0,0.006098047984028368,0.00639865065602647,0.10950694711818204,0.16895947477980763,0.3750676800136131,0.16625243991462263,0.008836584366195166,0.0,0.0,0.025660140311886775,0.04301089784910171,0.015471571398993744,0.08399339159622782,0.006006005424846267,0.19134460759701605,0.0028145163673592125,0.006627427613335811,0.10966509834463418,0.13051487459234595,0.11079790768422942,0.014652637057298926,0.08851552502050901,0.010898116571530211,0.010645913213333878,0.010049367695771706,0.01405021234004875,0.017455399077118124,0.0,0.025906279534494637,0.009168241057475171,0.09375036314444235,0.031912547554545916,0.07066735206625765,0.014896448659763415,0.0,0.0,0.002544854605630985,0.0,0.024176014452800567,0.0527230471557289,0.018022640336332555,0.06005543908860559,0.004104856685781271,0.004971371970474394,0.18698711871780588,0.020903402687929833,0.009033241526642387,0.06589669922430039,0.012851841278975512,0.0806699838386575,0.10589237638305192,0.0,0.0,0.12081565094784487,0.009168299916658197,0.04035699075372149
320,0.024100160604729328,0.0,0.0,0.2673357538000531,0.012352376348882524,0.044832901774393544,0.0,0.0,0.05703627360125017,0.2868933211011618,0.008565636068466664,0.01061346733289548,0.0,0.033481180031710134,0.29481491151529254,0.07458381962077064,0.0,0.011776516006678369,0.07971698217267276,0.1464299562521342,0.0,0.18958303321502348,0.0,0.0064907269036167566,0.0033582929992964795,0.015591859391866351,0.031076607755802853,0.0,0.0246644803774829,0.07119191378522584,0.012882870370397122,0.005174438994667686,0.01018285963072578,0.0,0.0,0.04129231819171067,0.03263156797636851,0.0,0.0,0.016015634033259285,0.006795719785693896,0.0,0.005032232411247689,0.020280505673299497,0.03933025663986621,0.033271694123579096,0.038940522141785866,0.004074735701406587,0.023058982414866522,0.0,0.3523527343172206,0.16105118539003496,0.2911879252116955,0.40357559425871925,0.40176944791023894,0.2577865930560036,0.30093773194972756,0.3781996098877881,0.3141454670658991,0.29052515382727917,0.4322055589166506,0.1062310051114374,0.24858967286036837,0.41439052484358824,0.2841604163195282,0.28104902075240207,0.3443676179091369,0.39021077632252543,0.3682336165621728,0.24071867781803596,0.30869720861716043,0.08772626567877032,0.17919185087157807,0.31377764244905837,1.0000000000000002,0.11131232673554801,0.11247119043619913,0.2356469508823034,0.21979121945178282,0.21367069437008404,0.38770876711319735,0.14223502529658505,0.28139185977605574,0.12064210078504031,0.43799333861733003,0.15507192028503478,0.01461880861728853,0.058632739220345426,0.11768410431643184,0.1836510891794314,0.020298922365589524,0.019694447763910012,0.00623282711649837,0.016083783080136825,0.021360821853062296,0.004277077604467266,0.03797647162933784,0.0,0.011003463497350704,0.018440723237890016,0.0,0.16780401430830505,0.14776545010410044,0.2233605537071119,0.13036597501161795,0.2883641676115402,0.17711288142031315,0.06670799639204822,0.05642988037016036,0.04371831032406292,0.0,0.0,0.1097447977151062,0.0,0.0059261261971168015,0.02755662028317745,0.01081764935997388,0.02227765415065397,0.27856626705881415,0.41659759421310927,0.05752523131301196,0.1453820779517657,0.01297926444787902,0.034213098824677275,0.01766530610289092,0.18088798093869696,0.052754296034607365,0.1321868452566398,0.20157229970776996,0.0769647337940896,0.12409282161810649,0.014821687738088975,0.0,0.0,0.00495164214812469,0.0,0.0,0.0978992308793074,0.1516988494183908,0.06563819700869256,0.11042685946035322,0.01463597188573619,0.17088821395792111,0.005151423386807307,0.037256089971017,0.06269202063656992,0.33272113431855693,0.007267841782991304,0.03759298231399458,0.003605936205906984,0.00955784920143362,0.0,0.0,0.0,0.0,0.013421442927599015,0.0,0.0,0.0,0.0,0.005210508808855625,0.0,0.0,0.008333182354662247,0.0,0.010410123626996948,0.17734580946317025,0.2383715963414783,0.2877411117513355,0.28083550521538225,0.0030987500940140127,0.0,0.0,0.0,0.011819798861307235,0.02148598856915756,0.04676100527351565,0.0,0.10153224470418093,0.02560928859387213,0.0,0.10142999974936333,0.08706751938858617,0.08003223974697297,0.015582630674522386,0.015089448988374443,0.004749131709740904,0.04530325860610933,0.007315192412834712,0.01265394754236715,0.011179219854062825,0.0,0.011245633906398569,0.00613021201084727,0.09472315328795625,0.03546825912228357,0.049659511206254524,0.007938702595165943,0.0,0.0,0.0,0.0,0.011637457711198233,0.020173869730018525,0.007235628853211235,0.01365593832739657,0.005759419220751329,0.008170423205102934,0.0872021981725834,0.02445444110688797,0.009712402167233276,0.07896502938529382,0.0038277037270078073,0.08347420912856866,0.09325814589053454,0.0,0.0,0.09023528494295815,0.025393871584024705,0.0902854887565925
321,0.0,0.0,0.0,0.06765363634696053,0.0031893446759118957,0.010730761647203397,0.0,0.0,0.07507396733115217,0.07443474300218778,0.0,0.0,0.010316835782324375,0.0,0.2040799759678243,0.027317130560527442,0.01276865784683429,0.009382261644916562,0.05919306806981236,0.07529846012447766,0.0038982836291206312,0.1521614318709236,0.0,0.0,0.007054391823051473,0.0,0.06668341720848248,0.0,0.0627410020528758,0.1153971645097562,0.0,0.00964425646552655,0.005422664302181949,0.0,0.0,0.016067330487149506,0.06310575048101083,0.0,0.00803495127234241,0.026414838729041004,0.03610602885059278,0.0,0.0,0.034820568591470355,0.052094521592599134,0.051407238792857336,0.11788509340732035,0.004792809715465277,0.03301026887654556,0.0,0.10510938016642808,0.045644825896589206,0.019752518884691893,0.23585783737983507,0.2183550571764421,0.15102847837852434,0.17736242359131302,0.16524670057416255,0.14594596722331743,0.08161631174894363,0.17677612445077398,0.035850344161670926,0.12106668997995765,0.11777364220690811,0.2930180669415923,0.08378160646368392,0.15653225304668636,0.159572341694498,0.07821469324052598,0.11814417654525752,0.059064264852357225,0.014776860336500263,0.027410039346017174,0.25904743764647054,0.11131232673554801,0.9999999999999999,0.1864538024573045,0.3278107792690627,0.2430726735595753,0.10728743796010021,0.06331123187068807,0.05725564194765794,0.2736244260241157,0.28422382978820443,0.16643058229489258,0.06953038750884123,0.015073939949207379,0.10762060092341745,0.04458983890123783,0.08784432090436674,0.05237728693831965,0.03974135385604512,0.005944037115025115,0.004242611312659991,0.004136278600024497,0.0,0.011799755438253921,0.0,0.0,0.011554011362058383,0.0,0.11507052246755355,0.35173122703413834,0.4512806792510377,0.17100444374753052,0.22304245455407026,0.11074358952229685,0.09030434380974668,0.12575155170553257,0.07082862081026052,0.019608612499745767,0.023446143428886748,0.23254751099875914,0.012771901875490911,0.025439495339741186,0.01550184526091005,0.004555391812115831,0.029427057397695865,0.1241403642362301,0.10138235003302501,0.01298662663789974,0.1475641418298386,0.031169291912346644,0.03442455987563536,0.009572026102016422,0.10100192583055274,0.10949502982512391,0.08485655096951658,0.0446806554907083,0.165217999227864,0.08777544823861345,0.023511095127471536,0.0,0.007531212819087477,0.00712446279235887,0.0,0.0,0.17483946189672167,0.19898584846678852,0.19289352751932587,0.58066774398323,0.07051828739209323,0.34436440055517775,0.12054020705638623,0.044693229697490795,0.1275630679367259,0.17857854964381356,0.0,0.13292033231037978,0.004553173436614876,0.005004470053909537,0.004944511579581566,0.0,0.0,0.0,0.01970988838687797,0.022364804174921576,0.01431474894599918,0.0075616097010687885,0.008316606656975032,0.0,0.005371354962155285,0.0,0.0,0.005185192495001424,0.0036190916518240796,0.05595065494028712,0.10839550934985703,0.37305786280521686,0.05330747336774695,0.002945103182783966,0.0,0.0369427678969457,0.0,0.09753990055934747,0.021836465466825487,0.10111981974024625,0.01190414932387444,0.031615431738712695,0.024275732336113527,0.0,0.0722574413880032,0.224569894926958,0.20887251476094146,0.010311007127780273,0.0779462522131987,0.006963279843786831,0.002666309413197432,0.006666317152515653,0.004667025506233847,0.02210323144636266,0.0,0.051321417705915987,0.03567480021509203,0.10311704891014815,0.041553427311650425,0.12108830444753246,0.01647991493062273,0.0,0.0,0.0,0.0,0.03171699729998978,0.056183065182081354,0.0,0.04136942967523064,0.016565600065007444,0.0,0.14139104018001541,0.01907326113237526,0.0,0.017625691985424456,0.014952515792309808,0.053717911205505696,0.02148012340464629,0.0046107579017954465,0.009104369743750583,0.022353449889326728,0.01050423330382852,0.06225829852692505
324,0.05945804685761012,0.0,0.028781920654987487,0.10816592356237674,0.08183777234623334,0.016569654158730518,0.0,0.0058487537367834675,0.0739053067832462,0.08926473186526088,0.0,0.0041963243922422755,0.018300070816753014,0.020812173605359693,0.2525148229037732,0.06018895121808924,0.0,0.025215460445884096,0.03228826048891427,0.06486581315013004,0.0196553439248534,0.11140474280763916,0.010871514129053223,0.03688346264682621,0.050117879638675235,0.0,0.0402642051421254,0.004187815017203911,0.10550745339432384,0.15978423284409818,0.021688004088903524,0.055421152159773356,0.025442511772158796,0.008527044297524716,0.0,0.07771876527816822,0.20633692190272665,0.016620690685341936,0.013133589750617274,0.01878558933481516,0.0358111098528728,0.0040060908940681445,0.03274212950678105,0.08144521371831605,0.08976862386764728,0.116992577968199,0.12356487237327976,0.0030230123927545544,0.03674033162662664,0.004739004259596398,0.07415195110401611,0.010958245109126569,0.00865143319341653,0.23421573805622167,0.26365347987301335,0.1315048914962168,0.17091743753315797,0.1738643218252105,0.17008929897304814,0.1104735745798814,0.12774927680358636,0.048867175401412236,0.19496280506066038,0.11291369231824848,0.3233981284885834,0.05164231472955419,0.14609921791835392,0.2664353653308886,0.05986561346820929,0.09585997012411385,0.08529954978908275,0.061379361386391974,0.035311826289340785,0.21472679542482104,0.11247119043619913,0.1864538024573045,1.0000000000000002,0.2464398236006342,0.06973253264381381,0.12220805388434773,0.14576164461539629,0.03241599453528833,0.27038040665855406,0.25004012168955037,0.1296838084259621,0.10746062835915736,0.040195849539269524,0.1212437351906915,0.09393726753841863,0.09862904645360247,0.16437806866280363,0.11315923166548422,0.002665137858386372,0.04562506431644605,0.057289270725908954,0.02465450709072143,0.07163865570542781,0.034587224166540045,0.0,0.027409799338563058,0.0,0.04046159995640804,0.15482168734987503,0.2648410795616952,0.36289940584871727,0.2761946240498976,0.07437180622250082,0.07321309548550058,0.13234235940273192,0.12712328071897694,0.05146542348542493,0.060399463281601826,0.2514597141642417,0.025003348710609007,0.05879447154231042,0.03669748339384392,0.004342941070909606,0.07557577038874666,0.1455496412271471,0.07120047213127921,0.10608980798442884,0.21806885589897682,0.038956602217709996,0.144960106189864,0.1369040735776277,0.15381546366748067,0.2367498305775419,0.04412881463205026,0.06863665880696321,0.14094370738691575,0.11034634244682485,0.11757369946575645,0.004859664792092598,0.005874712692662387,0.015432314166997689,0.0,0.00480830243487432,0.06223914870805451,0.2783443706673171,0.18737736100245875,0.21490336356687334,0.07457901410219032,0.24244329037675003,0.24197835458277173,0.14055967976033978,0.20219562632422938,0.2007720451696072,0.04094430485058957,0.23675061545302215,0.044948964931423065,0.022372961327270628,0.0,0.004749719126414343,0.018359136160896586,0.0,0.011971928241464267,0.04184747104828656,0.06251275930306938,0.005046318433910455,0.057942799049441183,0.0,0.0,0.013076443526725193,0.0,0.015599297667074389,0.007218802062399962,0.10638527128175755,0.15636366842425692,0.10065035919422971,0.04454274237724604,0.00499815653338892,0.003529666824322753,0.0,0.011966910354895407,0.0,0.04527417221492878,0.0427511817411083,0.01464809318317101,0.07632818985829239,0.0191022820853704,0.02507930312637892,0.10081414902864337,0.0709722630213327,0.2703985308917807,0.09153758699497867,0.04696547909787478,0.04643055309488594,0.023173289348715927,0.025317932150022197,0.054182469626734925,0.03861886637572747,0.0,0.0987876771021213,0.04802042585212198,0.11413266534532789,0.015957461906275446,0.2857154241153052,0.03857552296668789,0.004723588713971401,0.0,0.0,0.0,0.10197920768659642,0.0856429327045804,0.10921331948452752,0.05602686408892762,0.0429991975886308,0.022212459442043357,0.0923483455441995,0.01924975342812977,0.029294476619735946,0.034263817364095395,0.040361236288922006,0.08921938267561166,0.02948324722974205,0.005194757291514708,0.027835425349235506,0.08274170448375692,0.04210011903398882,0.07733507337808199
325,0.03339975999627465,0.0,0.0,0.24493379661888726,0.01366075076481826,0.00530348921975744,0.0,0.0,0.03671042854007419,0.2178283344752244,0.0,0.0,0.0,0.01265440426253069,0.3697708983535298,0.09995151335693171,0.0,0.0011216899634274348,0.05056673851552978,0.13563698794777207,0.014277619461250066,0.2076795630332757,0.0,0.03969582287696288,0.012412252048718868,0.007105294299024602,0.04768846742142679,0.002960990557161145,0.04126664981103288,0.13635267564057182,0.0,0.011244653740026742,0.0027293950201976998,0.0028184158435454374,0.0,0.009758713678215307,0.055507759745681645,0.0051673981401593756,0.0,0.01038114210855668,0.012812921353846072,0.0,0.0,0.015095328851392463,0.02404552315289222,0.03435156813030482,0.08948419599099053,0.0,0.02184913202870028,0.0,0.25712816235078617,0.11094810841469227,0.10936118366004224,0.4576035825469548,0.5097115701301249,0.31329528903513143,0.4440488242480474,0.39493876087998636,0.43118055064132677,0.29458265462118155,0.35114851902756555,0.18262276726587853,0.19346839102944652,0.350144733186307,0.4157823169751024,0.15695571225126226,0.33109094356888846,0.3052561008578958,0.23509505262594213,0.2899699618073926,0.24110899654125076,0.05961007508276595,0.16536176008247835,0.5012265000988609,0.2356469508823034,0.3278107792690627,0.2464398236006342,0.9999999999999997,0.16305977502776195,0.20957083104802504,0.14922263493912094,0.05003849621525573,0.4086309239210821,0.3745636900275614,0.4233272649418873,0.3030179385579002,0.0,0.1291025914374665,0.12904732554239745,0.32901036259736927,0.07652482098258506,0.018413521461456764,0.00183308604813976,0.002140765844516568,0.008499688412690918,0.0,0.014802747645137726,0.0,0.0,0.004242200791719542,0.0,0.16747024829831234,0.29507645274053285,0.5657671530955354,0.27575629115754824,0.45712682200714977,0.10901439390545366,0.10924482527194154,0.1352077497224317,0.08417252519300747,0.0035190643619808456,0.007080432930094993,0.262666952072629,0.018653272057979193,0.014657167906125042,0.004106974121357772,0.0,0.019675525332934908,0.3948302782368927,0.20908229121290953,0.07702940971281351,0.36270305849573276,0.009755932043316262,0.10850955492947197,0.03555120777758153,0.13609478124453114,0.06635307652305124,0.163898563332351,0.24384905920925903,0.3007865466477443,0.061773521484348844,0.11119079078233879,0.0,0.0021736085989516167,0.002668975651699803,0.0,0.0,0.21362900801924306,0.27852223233132417,0.29482100423754704,0.45874042566983153,0.049193117863571945,0.481108646946925,0.05298920249723225,0.08702799900313418,0.09191059413490595,0.3426458829839387,0.007625483377331659,0.21513734655237834,0.0056627863036802645,0.0017603419714692097,0.0,0.0,0.0,0.0037132439348035308,0.0078387886139674,0.0,0.027997624683765154,0.006865970432977959,0.01940811169886026,0.0,0.0,0.0,0.0,0.006445900141752668,0.0,0.0853517308462668,0.18466566205512167,0.4478612128405332,0.15016444343192,0.0,0.0,0.0,0.02514625572908452,0.04597389408475619,0.013222601381167935,0.0884863759065314,0.003986135401220582,0.13891470713281553,0.017441322506849613,0.006049175910867883,0.1427497028332992,0.1882307521985655,0.14316442985691522,0.012355988370712124,0.023618507672768428,0.005161060964677351,0.026089858161289142,0.0,0.002468970154492645,0.004752792613010525,0.0,0.021436440117881962,0.008562797461092397,0.09490002543858302,0.017345745416922697,0.11361235634924806,0.010353219281161317,0.0,0.0,0.0,0.0,0.017543455089325463,0.04493939089327595,0.004443173772972606,0.024502293721925653,0.0,0.0,0.21057927206671842,0.014931778757580273,0.01190117712318875,0.07259283217780203,0.01775646496155423,0.10401358201267188,0.06376316746675709,0.0,0.003244926610421662,0.0838162154337137,0.014405266182526433,0.0412183370944941
327,0.005329337543151665,0.007137166244104794,0.0,0.08912612984802752,0.008355689772184136,0.008255475222488417,0.0,0.0,0.06344231265137645,0.12715678335858885,0.006516956541594562,0.003128939866748383,0.0,0.005475889800319438,0.261239340001448,0.04088293707393065,0.0,0.006135595695143315,0.04297450181362195,0.15657179103887697,0.0,0.2563391652673118,0.0,0.0,0.0,0.0,0.015625551891310603,0.0,0.028302037606948174,0.17780804072191098,0.012130231116396127,0.01186063175069567,0.012804289793480278,0.0,0.0,0.01050134783786578,0.010104406146512278,0.0,0.0,0.0,0.01645613025311178,0.0,0.004525739917362472,0.004234886004815858,0.03700743603258919,0.015028885693186927,0.05101392283235173,0.0,0.013842175010331763,0.005509500656910711,0.23683389246412667,0.03253070573600228,0.09335259756253649,0.3931037282874645,0.2659232241168317,0.2756215946283451,0.16648304955137297,0.22313939291893972,0.06487967189912522,0.2948383395252939,0.35889293168770736,0.051674546210494485,0.0967425651529986,0.20445995422065097,0.26376205017449966,0.20715491626049665,0.21078289388185706,0.3608735787693677,0.14274901264214582,0.06087845529806992,0.31280679996640376,0.0350903867737908,0.28677912762083513,0.14466458429748344,0.21979121945178282,0.2430726735595753,0.06973253264381381,0.16305977502776195,1.0,0.27720656909255215,0.2510244459291002,0.27580879855024654,0.19971880734025635,0.18221369374977023,0.2666701474522989,0.19217915301029487,0.015013797222882905,0.1287344155176715,0.05741800139201866,0.10569012409852846,0.014898176437964547,0.010746333375156777,0.0,0.0041721456633923995,0.0,0.0,0.0,0.0,0.0,0.013851457100068862,0.0,0.19000669186516556,0.3262545141992432,0.24285082358414348,0.1663371575447482,0.28854566541719323,0.4955161357194414,0.23022661838333608,0.08266823924685472,0.0427030611396269,0.010456612729769254,0.0,0.11179810915229442,0.01434238870413809,0.03413750926428377,0.0,0.009024422006743794,0.012690443057092887,0.07731289218777723,0.15323378544612876,0.034813709504916385,0.1469445869909697,0.009910859799949186,0.029239820414753124,0.005708440783858545,0.15020460891378828,0.01546499039770139,0.07624111894823976,0.21846128524319872,0.10487033968415449,0.07617620908686092,0.03080593873577668,0.0,0.0,0.0,0.0,0.0,0.13858720568968616,0.1042731192512682,0.0562468060779653,0.14948024054158351,0.022983948893430667,0.19199784065654132,0.039400909246088134,0.011412595940228658,0.11943966258587917,0.21038839858248395,0.009620739523776508,0.06520053013503536,0.02412967012806805,0.010837683147137381,0.005497710577408093,0.0,0.0,0.0,0.008774590543353653,0.0,0.0,0.005782932636135631,0.0,0.005680181864355594,0.0,0.0,0.007846343632347765,0.0,0.0,0.06711728102929104,0.2669621479512051,0.14434503757233577,0.2053158996548754,0.0032202163704026458,0.0,0.0,0.0,0.008448944095687154,0.009237264250094057,0.05671999620350615,0.007710283694440003,0.04558342880622649,0.015400769799351302,0.0,0.2280655585240634,0.41390648248482675,0.06723614604483014,0.037525744215048965,0.0045637229920639745,0.0050403811677262045,0.0,0.0,0.005055740040633906,0.0,0.0,0.0,0.007571743850606639,0.04129137751387984,0.03022696904751665,0.03190371977434416,0.00489841433892718,0.0,0.0,0.01638245196283535,0.0,0.0,0.027197350595905903,0.0,0.0,0.0,0.0,0.05650062483049009,0.0,0.0,0.17114084743727287,0.04073333397774239,0.06044133699353241,0.09458050279806565,0.0,0.005986194106720644,0.0543450862691288,0.008286222488955202,0.06267814204112657
328,0.059601510551626345,0.014491689750269444,0.024068554783818478,0.30068035175318236,0.10018636081383239,0.0623667184716325,0.005148865180744151,0.06722009128556895,0.16255103803880874,0.2748556339743608,0.04083666727074741,0.058958902334818666,0.023262597046885845,0.028406453408724493,0.4016015815947765,0.05317411562481786,0.010793253173093967,0.02491543804230524,0.10199886984774745,0.15329575637500367,0.0027702989577738945,0.26029434760313364,0.004677486318946369,0.027321784547563,0.025891419236939106,0.03398543057820288,0.031066507150262105,0.011634478931894158,0.06869551185348097,0.16675700731366208,0.0,0.038228382038273494,0.0303194821939056,0.012928524148977171,0.0,0.03961676207366787,0.022544044465932153,0.0,0.0,0.0029098321510657122,0.03541655553908706,0.0,0.004247016054450019,0.026559494246842952,0.07380534906997975,0.05711875197549133,0.07327565004651639,0.00839181366063602,0.02900813952413874,0.04348792763538323,0.218878391900079,0.0783009625729407,0.11211489397690234,0.45883624697681463,0.3716708351988439,0.21985512798521548,0.17548493941026083,0.33415984937309373,0.12086385949778827,0.20734810528797318,0.3426378030839552,0.16228413591408755,0.13888253570981712,0.26980455684415994,0.37647782911182154,0.14560410577269348,0.2883586395076441,0.47699036597836975,0.3019462421023137,0.12129656667925764,0.2399080983795117,0.06809170355163192,0.17469003212264878,0.2057063993553662,0.21367069437008404,0.10728743796010021,0.12220805388434773,0.20957083104802504,0.27720656909255215,0.9999999999999999,0.2956865319952276,0.21744777922441402,0.24845545877109984,0.13713599210647648,0.3461475169605358,0.25281696224716915,0.04458127580099847,0.18745153433284079,0.10945512639145402,0.2005382493608837,0.07187030837777147,0.014531217817793006,0.007569038391743348,0.01844163628939705,0.021295195249938836,0.0030269046597894062,0.03473919834705292,0.019952102020688707,0.00597556849813266,0.01746424544344502,0.0,0.1007222117922649,0.24703119392463918,0.2749327603523117,0.284952261510091,0.40595340037893163,0.23183826947777372,0.2104026904480126,0.0864802861395081,0.09557380551319186,0.06767342464925367,0.05453825898367991,0.17038220133683654,0.0631259910356334,0.027068566778002137,0.025804391888337636,0.026668305839590317,0.07570661879482965,0.18719357727347918,0.19995734567954299,0.15404500985824357,0.1660705900469927,0.04244478831655292,0.05751008151043205,0.018456265616841248,0.22540225702273087,0.08434372531599049,0.15055119926505492,0.2374130961438527,0.18650530471196378,0.13747852271625727,0.0875918835320508,0.0,0.00564560834191413,0.015232189259906322,0.006179818227209311,0.0,0.06867511685486972,0.18182543649200789,0.12367894799838941,0.07532436048926137,0.03338971390107517,0.20890126546750884,0.03346510469046708,0.0782550067814012,0.07320714847699271,0.3643288170056239,0.029576811161026045,0.143856824811562,0.031211773806080242,0.013086942639822626,0.010396385124118213,0.008545941494827878,0.0,0.0,0.012344836235003785,0.01921647357341344,0.06108041078931749,0.03780906233608802,0.02279944110133008,0.0038528638796700597,0.0,0.0,0.0,0.0,0.007426802091818804,0.13240648348043485,0.34640272928376487,0.08697389276297593,0.09193832918958146,0.013446252925437071,0.0,0.020381275760614073,0.03181170763917184,0.05981018978893006,0.027304073457145108,0.10446912132170268,0.016005429848649617,0.0748033576761632,0.032214172398750664,0.020266503774929657,0.20552266449293208,0.2519339207979965,0.038720604037697254,0.06606150076661234,0.0030124912787426496,0.035952170106532566,0.0295125317724796,0.09169967635057605,0.05519988020261291,0.0184628918511604,0.0,0.05005112113421726,0.010399898550918654,0.10197492173273008,0.024870079701965878,0.08285740017008025,0.03198997454976593,0.005478751691572082,0.0,0.006634635792018443,0.0,0.05868098274604676,0.06538740112308924,0.011056110833315383,0.04515720119246809,0.01857574311103087,0.009345895938504135,0.08898524193321256,0.05354912041601143,0.0,0.1327542909447325,0.052603591512591086,0.07021456219465405,0.1054706227716422,0.0,0.030548049425322604,0.10363961415092306,0.004341866871299635,0.044212822665982685
329,0.025683391890202155,0.009729381404138647,0.013398420875578326,0.20563249519468565,0.039827546085366095,0.05635738318584242,0.0041125785241877336,0.03689743397805113,0.11294864714308496,0.3520896503088055,0.029444204313915923,0.03082667731713225,0.012479349474614588,0.020252906737113437,0.28156422866148656,0.0925870771659368,0.008702621187927171,0.03207164409025061,0.12778278493843717,0.21597745533243115,0.031764160028081245,0.21817161080532896,0.007443076824696319,0.02514603740173763,0.03083827992532586,0.0,0.04346006701318717,0.015849358702879856,0.0614862397225528,0.1282233058261908,0.01450647554139924,0.015138049376515948,0.006410666870698805,0.0244071327183338,0.007284107053064761,0.05258387561112718,0.051995354247681036,0.009514620625344408,0.0,0.01816972887079486,0.04528899853252325,0.02143191224101596,0.003627609597123693,0.05843637663878184,0.07490157578383293,0.08977222121523454,0.0800506032508451,0.00936611762345187,0.030933207516823588,0.01638394621993505,0.23788714452959073,0.16013017589425968,0.19557675695077648,0.35403071353869003,0.36360709412580455,0.18181284301849326,0.23995593593823994,0.3623863489943572,0.18558252015700613,0.3191224394869918,0.3940248174413878,0.10423816160726979,0.2023837158310421,0.23357582467412272,0.29631899316557087,0.26092631856823695,0.30248962405013596,0.36502217962218875,0.3386502512176114,0.12549767467374012,0.21396750451591512,0.08512475765056379,0.16138635326516096,0.19304997446904607,0.38770876711319735,0.06331123187068807,0.14576164461539629,0.14922263493912094,0.2510244459291002,0.2956865319952276,0.9999999999999998,0.2587216913971321,0.24291570301077842,0.10649727449614446,0.36548828871089867,0.12777616277702017,0.04228443348199218,0.12565141509378522,0.1171220319203389,0.14557422117183402,0.060729972653326275,0.04259293106205553,0.006331864723601751,0.04344032035523496,0.035753923127427464,0.01703608826423307,0.012022489274039122,0.012800370386350055,0.009227783099673977,0.016437530844742997,0.01413103973341006,0.2734550275906381,0.12091150420626895,0.13943724507146052,0.22551920944796178,0.28918460032949145,0.24630986108610514,0.1514896569256471,0.06917218363268757,0.09289488401403548,0.019961897058062707,0.015412294770213582,0.13523280964164008,0.04014196555068652,0.01238300867793601,0.0462597507786153,0.013025020892033043,0.03217719019852177,0.20258201056364755,0.298635316877041,0.09694543333723658,0.1111402642748769,0.028067761643609287,0.05386924226840978,0.013425134071955218,0.22369729890803738,0.09346930832928169,0.0904363024023352,0.149863344641225,0.12500320895583839,0.09867600004204342,0.020062510426376218,0.0,0.022499673868213492,0.003479214944381973,0.01247068886615999,0.015512854314925486,0.07745242131058669,0.18012789799111567,0.056545256101944746,0.050683918315643034,0.08284711772946164,0.13966435875986752,0.025798894260426655,0.08098378787994587,0.04591902173545263,0.31239369670096,0.022454683817793614,0.07923720892070553,0.033662226172750456,0.013605432280101143,0.01297138525050541,0.007979186135733006,0.03148139407876354,0.0,0.006240615200989272,0.01572497349831345,0.0,0.00804922119891753,0.012965437710801811,0.0,0.0,0.0034091985974366444,0.0,0.006590035260603581,0.016007109022958977,0.16875464041099295,0.37950172575103097,0.09942443911413014,0.2324137716433548,0.001971921525528534,0.0,0.0,0.010399099079690013,0.022845829491850343,0.03745489195207472,0.056618407411252604,0.027589868048524008,0.11030035054104538,0.028963381401505714,0.010517919397984484,0.11601341089047595,0.11865547897029159,0.09508233326146352,0.0378580653829981,0.025871807569651184,0.04072726621301153,0.03142058744075684,0.042377219183457354,0.019344234082656925,0.05404913330520292,0.0,0.03602868244931373,0.008474353692831244,0.10789297684233085,0.03583932191738008,0.08517272211732964,0.029402741578993936,0.003739706435647097,0.0,0.01029487308421256,0.0,0.02715765127603066,0.05875366687487216,0.028619363962722744,0.026482332745795915,0.013481283589916928,0.016933227026848026,0.0651813257808691,0.06023814161042422,0.010878586766686328,0.06453670216250307,0.024493890598457833,0.10301189890537518,0.06258952858771537,0.0,0.03548176055865595,0.131482048887619,0.02915719096115633,0.0555414815782166
331,0.05736531087091858,0.0057000425567815234,0.05179163221795359,0.1366393059425477,0.1373316534252382,0.03616405380701923,0.01303023146793144,0.053864024804793284,0.12730405738055237,0.1702421506169647,0.028956571312619705,0.03796010243818553,0.016123107633873417,0.07170718424639412,0.2289981545290407,0.1322508912870586,0.0,0.11048580082314433,0.06872384205320889,0.1693428812381763,0.025229111910286133,0.1126207336626325,0.02077181128593339,0.008974744321833244,0.021985498513498666,0.006606874559300675,0.04451122865958368,0.00951516876864684,0.07829240331856882,0.08401332461814039,0.03945274198668426,0.05852260194039004,0.06888501809195513,0.06884659633900246,0.031108810378535266,0.05002204984250354,0.04521219505027948,0.0812378025042918,0.020166756952324904,0.03349565663982451,0.047934224842887604,0.010373457113139363,0.0431896831910922,0.09210561414783758,0.09261653993325762,0.07366030706088228,0.05453351293041203,0.04568572331035559,0.029709294800599133,0.039142047332838104,0.17066831183895342,0.026694504782281324,0.11988731752587928,0.26575995015287596,0.18168702025768177,0.05832970448709886,0.11239958131219327,0.16629751822765138,0.0836269849160999,0.13833912415673913,0.25918570163874816,0.07309432150253407,0.1477504281939623,0.10736344522915756,0.18737419751338819,0.15891312693521198,0.16703430204565986,0.23495564625482196,0.13185438464639299,0.06535550826441464,0.13172111866734126,0.03211427645795782,0.19040694327103183,0.07619335850970411,0.14223502529658505,0.05725564194765794,0.03241599453528833,0.05003849621525573,0.27580879855024654,0.21744777922441402,0.2587216913971321,0.9999999999999997,0.07919226738653921,0.055931885658647006,0.155955487655431,0.12541318142853475,0.038319531285403295,0.12695302266199623,0.03265693073208422,0.062215970860182025,0.031247563417746524,0.05678247792007407,0.04598122490299655,0.05063225226704859,0.08037039036134522,0.06881935218486931,0.025097999079010773,0.021805047463406106,0.04887086195300223,0.011093539903877727,0.017539301031621907,0.0752780185630239,0.06015816747723132,0.0951490953541223,0.12106114465075203,0.16007237733812255,0.2636005927942433,0.3011023981237355,0.03236104202029526,0.07370886987618142,0.018424954709886532,0.015699731605989108,0.06830578686738417,0.02257311530071053,0.026450101185913726,0.016596789696362635,0.05997406843216439,0.024318114806505423,0.084929170566133,0.1415107110900504,0.06936740660849762,0.04273988311318665,0.022664033892992416,0.02503714742949475,0.032100215778963284,0.122836079066098,0.04320684150896013,0.0044767017332351606,0.09980956787466162,0.06261942277312674,0.11212629303524983,0.1406276548502774,0.03505848671583862,0.024911730304925064,0.01640946909709544,0.013310209223810984,0.06315193657744682,0.029778150261765533,0.0657949884914273,0.024970654455855345,0.02686037094479026,0.05318353086753685,0.052360264397785045,0.017490268081083338,0.13712896782243417,0.054567957799472114,0.17539436841943232,0.07467282667149619,0.03548986696573478,0.021790774479326636,0.037219580012593484,0.057582531262005604,0.04137644204644636,0.023356014113860634,0.026086858210564605,0.04163515616908334,0.1152198697576189,0.03660580512068334,0.020817158316701067,0.03519554888193797,0.005241491850203448,0.004113864646173027,0.0,0.025509282644403948,0.056812505299288135,0.018713106785353064,0.18913140846589774,0.2636850736110578,0.0267663648780778,0.13980905232594382,0.011833511409689045,0.0031436779271890934,0.0,0.01392265384591578,0.02081718791172242,0.03832920131794587,0.058536584693315276,0.042979439868284564,0.016441444810163297,0.052285027744057216,0.0035277501269594352,0.21044963394019625,0.13208614192992482,0.028411143588155635,0.07393076049763224,0.029905415144887176,0.05023638075917575,0.06596333244198087,0.06129128328377087,0.027171890722771846,0.026839839334960154,0.030861581459030167,0.006824446636301372,0.02480182538844246,0.059630267983961906,0.022769814498915665,0.0355512303388356,0.012870732210549834,0.003535257962647322,0.006653670025259603,0.025282786204788545,0.0,0.03490489509406464,0.06847913275687297,0.04189214946434833,0.07101088721329313,0.008164790310612458,0.018031821783350895,0.027230686661975364,0.009801353544051206,0.005075927504156315,0.40669757684818575,0.04527979976768061,0.21391265204574658,0.25322956010717923,0.003765209015571835,0.004788073765051761,0.10574170008249201,0.03413720046040533,0.06151568115671427
333,0.1029457503674507,0.0011717595577445629,0.008029052175751755,0.28848551870827954,0.05959038339386423,0.0335215662645836,0.0020251933969395973,0.005138737450413466,0.16484688588169666,0.280880149452341,0.027219653847668814,0.01930670562993419,0.015238766753329858,0.03295395342203665,0.4633307757024863,0.13600931243654335,0.0020447130394197137,0.03553894754112089,0.0785185601214006,0.1527231088629643,0.044913484218696016,0.2569248458050775,0.023943589010399127,0.03975818804420711,0.08012393858728933,0.025974056230310755,0.08985201251981476,0.023419800358185187,0.1375952553738489,0.2423575447136925,0.01008796186618644,0.06983751897005265,0.04575556630334333,0.018561797214078454,0.013335765064197393,0.07247101920924982,0.28340432199761484,0.0177860561759014,0.01931071302069181,0.041756740703133864,0.09003556128616082,0.00945373125796685,0.01457977662382253,0.08655160985407251,0.11393097265563744,0.14857434567610964,0.22257540313429286,0.01599527209537833,0.12809723906300868,0.016428858433534144,0.2812841513792646,0.12256119972059952,0.0898027700645064,0.5117734495311406,0.5165618990340392,0.22310159255705891,0.49187984012445846,0.44163291660001325,0.38956689925107213,0.2778479976505297,0.4039159739365867,0.16169192333952526,0.3044038990225176,0.3561649538964239,0.5567095865745952,0.22381821173273322,0.4457414853615091,0.40164990391466615,0.23462053812829356,0.32282431004230727,0.2140301922660766,0.20109257474741304,0.12701939367036308,0.37428082485118375,0.28139185977605574,0.2736244260241157,0.27038040665855406,0.4086309239210821,0.19971880734025635,0.24845545877109984,0.24291570301077842,0.07919226738653921,1.0000000000000002,0.43268357543893987,0.35028873793550336,0.26779397724033493,0.03450930890728509,0.253129536546541,0.3369025205167274,0.24395581785006773,0.2202037155920396,0.13626376721612554,0.0163695616476412,0.044157227205833066,0.038625995240601105,0.009115241796605271,0.1340781961814487,0.024212217592479865,0.0216064854017184,0.050950036179956026,0.025420842013720354,0.16405702262394362,0.2767145189957195,0.4745381860339193,0.3245670123230361,0.5115974209774796,0.15499973436635958,0.21737694916551864,0.29548420948285326,0.20411280111978244,0.08658981105577407,0.07149347437369354,0.4366310790730046,0.0614613086075256,0.0242119223447965,0.05495577448290956,0.029752841810259386,0.11620759109805862,0.35391069716190904,0.25898104365178987,0.11366821194125487,0.3451964936402701,0.055846361103921785,0.23672450804702905,0.12336620448245855,0.22774586543217856,0.1922961642617286,0.3009160008486644,0.27275609836501996,0.28941095624762275,0.10662518457165494,0.1452741399626755,0.012196615421707774,0.03669016600012143,0.019367376290057615,0.013362530737838708,0.0080192793387178,0.29378933296591325,0.3525270034527362,0.33292128309223235,0.3517991610994595,0.08835954912995597,0.35768839072069797,0.1885242110614621,0.1625196505252058,0.18903021494026323,0.40664544268216374,0.051604463513067786,0.3486226769012538,0.05584393140655929,0.03773874823878382,0.013092632138090313,0.03087379035160801,0.027178195714454907,0.027940893810947814,0.04258977160480897,0.06467666883578091,0.07706797148762148,0.05773474188142486,0.060720008402084365,0.02074442411694382,0.014077181718883735,0.004608034078996716,0.015370277117289464,0.017286054670355246,0.01505932522879834,0.20464116064648932,0.1957265294490816,0.25108892835519203,0.15919537544131984,0.018895050189553335,0.007074622285374789,0.003061954830071454,0.10371277556259405,0.07520144429623064,0.07779446693770793,0.18555659675030473,0.004544227048998834,0.20241761413937626,0.07264590799002198,0.0077770620847636245,0.17631282946091942,0.2065302207898104,0.2465108703493019,0.05900235142542795,0.0949003282598299,0.0432882325596304,0.05503632897651923,0.005884103114601923,0.05962217373978275,0.055397736942528156,0.00929852773685792,0.18109382948124467,0.03171129506709302,0.1590859947679712,0.04783336625261577,0.21833771024512313,0.05496881714702376,0.00943114443687905,0.003818316537728702,0.004243843640427235,0.007366961104246947,0.08420573677303794,0.12838542897643934,0.04056732691295233,0.0809738782780031,0.07260137632148268,0.018684874839021474,0.17305333241479354,0.07507847547769352,0.04472862393071601,0.09830662620922134,0.06864546338673351,0.181539652363375,0.08442577889873895,0.035323746174575205,0.07305530730106596,0.14928995610974755,0.04493037076221481,0.10265331641223606
344,0.03755235847638917,0.0,0.0,0.14406064116172765,0.023218774140142243,0.026627911773439174,0.0,0.002913101923608797,0.0813833190418848,0.14663300822405073,0.007189821458184064,0.0036492061068341105,0.0020031509319855005,0.01733673405295049,0.32951251092809836,0.08917155737619133,0.0034220648407114335,0.010947810910583633,0.021036337593029586,0.08695095664732115,0.00912439650141753,0.12195353825954446,0.010914336741712024,0.03852589110633077,0.01542600503143356,0.03665478046636737,0.06506643328223581,0.014903484399705222,0.08543576370787692,0.22110353612016603,0.006014256545883596,0.036578451619646374,0.02418837550948322,0.0057598393131255855,0.00783177657415323,0.03255376423203292,0.11886581328846826,0.012559841853169766,0.017790916963080494,0.05288171594969925,0.02505894926065467,0.0,0.009116614051331164,0.05668207042286996,0.05163745348092588,0.06778169206958089,0.09433498081385606,0.020913371456864307,0.03829313145529767,0.002222838289288853,0.2560194979710378,0.09369600665651777,0.0411663000451813,0.3748615901238138,0.3689983476328495,0.24254815369839652,0.4482483245979757,0.31648337969866014,0.26898475250808207,0.28039604949653113,0.25304027610163043,0.10189954125482474,0.1850123258875461,0.2334166835789167,0.4676342142621363,0.18567170188202292,0.2874880005867239,0.2393071331140386,0.14604354012163567,0.2221942683906093,0.13822508966831237,0.08901696204154749,0.13616110092888223,0.337642750272695,0.12064210078504031,0.28422382978820443,0.25004012168955037,0.3745636900275614,0.18221369374977023,0.13713599210647648,0.10649727449614446,0.055931885658647006,0.43268357543893987,1.0000000000000004,0.2502643912283403,0.27321364664693826,0.040661101629884136,0.13437713603892784,0.13155992726831142,0.16843744367859925,0.13791412751826237,0.05898870013593472,0.003817490122056094,0.01867885654785964,0.024623094729827478,0.004951366565688823,0.05943526750069051,0.0,0.007127531324570202,0.0034332841703783898,0.0,0.08343875714235154,0.33670061018632325,0.513635160624616,0.2483703910214178,0.4331552651101033,0.11302706278451564,0.11529337396827934,0.13413469775720185,0.09285313330747925,0.031029049607023323,0.0324219985742024,0.29088538553188953,0.012553902674625628,0.029797613779675547,0.029962317767720698,0.01446584494261972,0.058064919584970225,0.19990108236878434,0.1493682785828707,0.0329962628344913,0.293721316138936,0.038652823027535366,0.08763122031126737,0.02286959883270202,0.14941450799532138,0.09463084520836754,0.08727722780659877,0.16770999500926612,0.1964004731345939,0.06476008234013915,0.18424811373166555,0.011152514759419786,0.0019025267903014014,0.01402638171868029,0.0037449810415139417,0.008504577683835394,0.12988664889377782,0.36859227167226,0.2651347246468116,0.4447289397782146,0.11097743557706245,0.47766399900827733,0.1299418432367011,0.14057665240713435,0.21868238365322012,0.2546813568801967,0.02187372547214857,0.25532506507502495,0.038299332267901255,0.021275092133390072,0.0,0.005146203042705091,0.004006760815133364,0.07063159974101291,0.03185165831267834,0.006471730071698614,0.03571074042406853,0.005993997619090568,0.04059805385436751,0.029003295179161434,0.0156649053876692,0.0,0.023271370814928496,0.0058846942819969356,0.009061240843815524,0.07188457535818285,0.1339125142134519,0.2390018296749703,0.08621314673664694,0.00797766835375649,0.008747295051068811,0.009900848519489788,0.04158427150670214,0.07050614422419298,0.03935331959548359,0.10482674479896253,0.0034070401981662266,0.10785970875991836,0.020588021637243343,0.001731959714834175,0.1561003218406078,0.1857444999394812,0.22119697864644006,0.0120968529367549,0.04579718117498145,0.024851510938303185,0.020231542188823115,0.0,0.008434983463163931,0.015228134755174637,0.0,0.03821468818790932,0.03300073343754643,0.07868411420323483,0.0453097879893954,0.0927110319585971,0.02087488157904159,0.0,0.0,0.009803435796455708,0.0,0.07683851195816012,0.14352438525928357,0.016176152013842773,0.025380509058315414,0.021091403242811547,0.016539193459765317,0.43836852258818604,0.054622325929003485,0.02085333503186024,0.07068380257386164,0.030542585627501364,0.20382419539839458,0.05746542561712454,0.001866488480400646,0.013799243484271752,0.05773090744307118,0.0440263720061131,0.036798351210014034
349,0.03207608122008035,0.017737828784043782,0.0,0.3707190118852168,0.013229134329749398,0.034748344256307365,0.0,0.008274067408397855,0.08524757311494192,0.4165757214446803,0.020623619764017432,0.027461996751563515,0.0,0.021605529375267076,0.43997018737108023,0.11458994755096796,0.0,0.01314438421348203,0.14293222246874462,0.2602457861075895,0.004270123384719678,0.2665300059591942,0.003062918242449809,0.014301703321766144,0.009416372772711035,0.03732937903383055,0.03781953070154158,0.01619147705838009,0.06982118862951071,0.13547052448994226,0.0,0.015076298200162992,0.0033673739320637065,0.002991099933797271,0.0,0.05040450293045179,0.05183169597481731,0.0037261649467214887,0.0,0.014040144282681948,0.029977926449710576,0.0,0.005681892763885197,0.020623443962865667,0.05195288614210951,0.03928519180655239,0.05893492095550062,0.00436345713233818,0.0356560800971807,0.010601026203881096,0.4756561189317173,0.19656642308634956,0.3227296652054527,0.6020064788499923,0.6203467965211108,0.33620650835285654,0.44894228174920814,0.5498395591962074,0.3220470867394547,0.4000466708525418,0.5946356156114947,0.2832656335352722,0.2646341723842875,0.525728443085916,0.45090320987290866,0.3017153214718128,0.4206647890442165,0.48820315128380143,0.3479844978406259,0.33603265073902194,0.4553255616035871,0.11099273849378063,0.32948948227159536,0.381577456347604,0.43799333861733003,0.16643058229489258,0.1296838084259621,0.4233272649418873,0.2666701474522989,0.3461475169605358,0.36548828871089867,0.155955487655431,0.35028873793550336,0.2502643912283403,0.9999999999999996,0.26006395254006415,0.027848221982138047,0.1288264031843117,0.15885256266667266,0.1940140187161296,0.03245774232962021,0.02709174545296544,0.010079525666784064,0.020610839598812835,0.013206570527644526,0.0,0.049430218769285675,0.0,0.004272313970231273,0.015394346303137664,0.0,0.2529066801204887,0.1632625833212445,0.3681459749713386,0.21355457183896173,0.42260164682050044,0.25456375153151717,0.1645150250228217,0.10189400047300441,0.06653933559662642,0.015275620316087132,0.011975427081298215,0.20686737335881897,0.004997544183560657,0.006946709580658022,0.0322133793422693,0.01585273265089248,0.06085617257392491,0.3737551496894385,0.4074846643371625,0.0836527082299657,0.30677422664104703,0.014322766986601211,0.0770724665709838,0.016022422437776292,0.22620905429544555,0.07157543445164513,0.23882487503908786,0.4107398110829598,0.23392304960855678,0.10354859235586969,0.0663404310339152,0.0,0.0,0.002265057882403051,0.0,0.0,0.24725153304633055,0.2473598067062986,0.19465717851962344,0.21513543272983407,0.01083498981758399,0.24438231773784808,0.009863389090122892,0.09391964696183804,0.09011431254855598,0.4488791808388523,0.015464415187233984,0.10330572670013868,0.026991787318389016,0.007666655313166324,0.006665408085192013,0.003836493616728727,0.004564297243473875,0.0037332369168987336,0.008937836261704052,0.0034794551557866026,0.00924897715847901,0.0,0.0,0.0,0.0,0.005237305466450399,0.0,0.0,0.0024929266956016,0.15113628485880876,0.33779286017115373,0.2896616828875878,0.36700990453278254,0.006968142007580253,0.0,0.0,0.03605531115992824,0.04268048531794839,0.03185446784693807,0.12705275710013983,0.0,0.15263935488999691,0.023604915001008416,0.011012088898294097,0.16651766113229177,0.139996780027278,0.09236351998126963,0.012565135741076983,0.011277383283112131,0.011834639894898575,0.03429307506780521,0.009719851296371191,0.01671722925121076,0.009528068678268574,0.003032009557107031,0.017137068552923657,0.0036781249316135164,0.1402113357580554,0.01261500225231923,0.09131382881145893,0.012306531008374678,0.0,0.0,0.004707214816036099,0.0,0.02235885072955685,0.04206684425836883,0.004341374626816543,0.014042431464912956,0.01532535191106186,0.0038570589649131364,0.19404702986046882,0.0671460230053401,0.013926739230932343,0.13450265958520252,0.008521152907345921,0.1209289435925823,0.12999862652359342,0.0,0.020197477115241117,0.14176164884894923,0.031025040952867396,0.06065784536905623
352,0.03874890737908886,0.00722574641460175,0.0,0.3959087548167424,0.033921778041553656,0.09254890157518243,0.0,0.01853793771451059,0.059533370894195,0.3116999769553815,0.0137310176797228,0.013271288110795016,0.0,0.007938924429706156,0.3925639088766201,0.1985245778415476,0.0,0.018967742610495088,0.06895943281672473,0.16143804336741496,0.006337341444935744,0.22387368995897233,0.005109498273509439,0.0,0.010823799230874032,0.00579302846962358,0.02546147064342243,0.008873804615057901,0.023882588651498626,0.14438831678022754,0.0,0.005483024489205009,0.03871267909713299,0.0,0.0,0.01038847678909979,0.021951177178698152,0.0,0.0,0.0033197169646256813,0.00742059751505811,0.0,0.0,0.016854438627072352,0.03981906971054699,0.06983265075668811,0.03774651493922311,0.0,0.011785288198401625,0.021195126211063564,0.25307418553278554,0.10932491412190763,0.14344922665686002,0.4744800221926229,0.44351384235783026,0.22255831274910953,0.30500990403343203,0.45440862574620533,0.18821970972632168,0.3633861470120929,0.3649068356645064,0.3319052595262817,0.2196231668198959,0.39124555872437305,0.4330212876944206,0.23643706799170816,0.3226044714716214,0.3459195268281398,0.2534880228756159,0.20336957918058987,0.24637901788975353,0.049160733849510294,0.17535590296191675,0.2657512890756278,0.15507192028503478,0.06953038750884123,0.10746062835915736,0.3030179385579002,0.19217915301029487,0.25281696224716915,0.12777616277702017,0.12541318142853475,0.26779397724033493,0.27321364664693826,0.26006395254006415,1.0000000000000002,0.005446798407217715,0.06949271665855838,0.041896171069466324,0.24601127418340063,0.02008598252176153,0.006480346166902566,0.020327912162903156,0.010537931036765862,0.025533403533535594,0.0,0.0705333531861494,0.005889117378198401,0.0,0.003558485912983922,0.0,0.08363654391326047,0.14169216320915856,0.32619119193027885,0.18677308919690744,0.4539367499780125,0.14956883914131136,0.1503144705217332,0.0394366339655564,0.05632518440020009,0.0055505382227608955,0.0059728087756882806,0.11172078542916038,0.006275310002063483,0.02523833578970128,0.006300859902830865,0.0,0.035005049764519555,0.17816482037822223,0.22227300497734226,0.14836658354918675,0.37211988138358115,0.007941956471042087,0.012268125419336355,0.004168501895990094,0.07785176631519475,0.016385435166437017,0.07134165477646484,0.36645963622291383,0.2716258237914453,0.0837150364483184,0.22551232580364547,0.004536903554155846,0.013172534327423529,0.0,0.0,0.003965241372929926,0.13777340475474512,0.26571714619347186,0.10982047043674925,0.15936757040842758,0.015422045754273535,0.36790893006477837,0.03800465483957552,0.15611356833983428,0.10371429322697584,0.37744157248684196,0.04007560486094838,0.1556038706055176,0.0061717419244836855,0.0,0.0,0.010128242263964046,0.0,0.020199296155757787,0.020851010376589343,0.008836165979256148,0.009413025014291204,0.0,0.0,0.0,0.0,0.0,0.0,0.0,0.0031836629265573567,0.06495095339399246,0.158800769077344,0.1511198742096926,0.11981634402079733,0.0,0.0,0.0,0.013227247853077403,0.0,0.033344749545092145,0.021688093316246135,0.0,0.10696661085730438,0.018300168205241968,0.04561271692755836,0.2667889695792809,0.22857225970808734,0.007935895230980466,0.008932459045381407,0.0,0.017181672356025808,0.06780802542968845,0.006846935616250671,0.011062169838173428,0.0,0.0,0.009211567114146637,0.0,0.11420407727439227,0.028515310701949993,0.039755672836910415,0.013469863670947484,0.0,0.0,0.0,0.0,0.010486332145882585,0.02987686939344812,0.027311964430529235,0.04395656586978885,0.0,0.0027208689512969522,0.16965256783698185,0.07354785242367974,0.003995317411320971,0.04832367080616033,0.020753656500356554,0.2575999251804698,0.14771856099444522,0.0,0.00481239392462597,0.21763799911262713,0.023675532884858026,0.044103127862553236
366,0.031159459427908695,0.014748778702637182,0.004940387758310281,0.012045953274623749,0.0396586514710899,0.013549137140530501,0.03109898772349638,0.006022191039584312,0.20417923306736718,0.030263067664798478,0.012015306775384482,0.03774061374162109,0.010365043492465722,0.04943332068222421,0.049048117403772566,0.020374930267884207,0.009213401819368345,0.05653228253901534,0.015826940589351343,0.017195736126621286,0.05978859409879731,0.011986209709866186,0.06419962737124386,0.0,0.03260638986964055,0.03452670312832851,0.08077105614545034,0.021331680398409696,0.09174654267529014,0.0,0.044124301686945526,0.0399257312779118,0.040785017578104106,0.024481998283288203,0.00955565279950343,0.10622636514163175,0.025616394476265687,0.08880127882217802,0.048864142352828,0.08999984282942715,0.15411083448702298,0.030702456548660183,0.022839432384576162,0.11610725473613434,0.14344449048491278,0.1231815652956606,0.09751935187188088,0.008657379358675797,0.06543565795184125,0.005777603808642812,0.015236367818274636,0.00572195040850049,0.005022154759549659,0.03467168694706426,0.0383811561121666,0.015027462150050262,0.020061794837815453,0.020448907582000714,0.015547972103795818,0.011553726893892006,0.03453531315049797,0.012704910214216433,0.046822695704155995,0.004995828218986871,0.052632549157927616,0.02207654851998172,0.05028310489787105,0.06570502835901232,0.027074121230680953,0.007069943833272623,0.017453777821354717,0.06353133599221339,0.007860266737597373,0.0,0.01461880861728853,0.015073939949207379,0.040195849539269524,0.0,0.015013797222882905,0.04458127580099847,0.04228443348199218,0.038319531285403295,0.03450930890728509,0.040661101629884136,0.027848221982138047,0.005446798407217715,0.9999999999999999,0.049651863873448755,0.02402698614630056,0.0,0.023867256821992287,0.10417035366169217,0.03934359836579609,0.08261611060483345,0.018583123586177933,0.03093418341608391,0.07910731764540607,0.011831191344148244,0.05389590702757058,0.09173302423500125,0.0042821634805771305,0.017309085523688747,0.02315378506279741,0.01581415989564164,0.05243920661048318,0.025021648187945895,0.0062169633474474335,0.03270553074720006,0.014034133531554653,0.02586442793633375,0.028101046903097344,0.00888144715524669,0.12152456165318463,0.013723979121001217,0.018231409478960073,0.11502176741081956,0.008614743438835067,0.0278674362063956,0.0,0.0,0.01438023180543302,0.0,0.07802849009574978,0.06864028885761324,0.005262320772728881,0.07649739044133509,0.06360704085030329,0.01854634524296116,0.011542338035386089,0.029112891093333645,0.07481879156667334,0.0,0.07863231078928438,0.056221656644291004,0.10330022995544785,0.021327909037588594,0.058841739673984955,0.0,0.053546986981144615,0.032027227407083976,0.011534813812436453,0.22892014613492,0.00541178040543455,0.019441215066798447,0.07143990823807926,0.01706721787492964,0.024714837002438157,0.015322920194518287,0.004716769652507337,0.05265001867030348,0.04079553450081755,0.057931354592397954,0.09099498996718339,0.04917694005927769,0.09255447763700639,0.055422947287214475,0.0037167061742315447,0.0054458567516087325,0.09454962084017286,0.02841608541457679,0.004500568825630051,0.005682721684029128,0.004912538814486366,0.024327756875673297,0.06389952290498942,0.032971840078592704,0.0654084164792185,0.016393488223896947,0.0,0.014974822875767544,0.016086211738269168,0.0,0.00870703939260295,0.02301882772785172,0.024709854698466455,0.05777135797579899,0.041808727183553905,0.00523963569584901,0.008822536782261704,0.1391564884989343,0.02155607302201471,0.0,0.0064199052822701596,0.07058491498998991,0.043595418944142574,0.11212732242959585,0.08862578830707915,0.003154858713510812,0.02532570535678238,0.0033709239997520507,0.11135975947291749,0.004482235747662654,0.09548397788317949,0.021397688241639096,0.062019765745211675,0.05001041466500713,0.06656832685536776,0.061016816855851315,0.014967638260502156,0.004460306631344343,0.00310656273783784,0.017019515380763368,0.09286808117937041,0.09334028677787722,0.1668080796704686,0.07571658595472264,0.09122675605643141,0.07082084540946547,0.006990087448282622,0.020457961891040162,0.06514012510759547,0.08470108435669721,0.04329321977410658,0.032669307039019546,0.0059421224095305685,0.004467281253287184,0.03832843330429968,0.0,0.0698283821128098,0.04770761078983479
377,0.2319743793794176,0.02444911370721395,0.022264448606817012,0.06579449606935174,0.09156125974411444,0.020868044356290995,0.020881734651001974,0.04972410435570949,0.23074236992507474,0.10178397993169115,0.06683432794518508,0.09509606816365004,0.019195361052906833,0.08583189839192472,0.19520493971293967,0.023909212335831657,0.04878463311396641,0.08188243369114993,0.0489735256199854,0.12577098237323903,0.06206430309998338,0.10002244250548942,0.05318677172386571,0.059427759153258666,0.16847809263591823,0.06684132523688316,0.13121214461582334,0.03474478117549714,0.2797719000961104,0.19201261851605098,0.002514545343275596,0.23761799533305253,0.0669216441742815,0.07353210651430434,0.00906660522059195,0.10720150280042053,0.24267567298490228,0.038460668207120845,0.011061369403637378,0.05068164884115612,0.15664936132900492,0.039902697094761436,0.07682426258788608,0.10232203623357149,0.10122964936013866,0.17690287902921026,0.30006505241982273,0.12299764656758305,0.15155354673017796,0.0875141718093485,0.08033693798508128,0.042898368279623914,0.03277082977126195,0.1711878455650163,0.1955405833091423,0.09851785555890613,0.17947827706350725,0.13322945048086438,0.10102638717801324,0.09803794454608318,0.13252550617325917,0.05923448433154261,0.09629372515450146,0.09796247772058314,0.1922868614905382,0.06407986850452409,0.16206228093655517,0.16822162647785152,0.10187099091555282,0.06193025303892892,0.05193684607174452,0.11528841332803577,0.06040273679926989,0.09723399987544822,0.058632739220345426,0.10762060092341745,0.1212437351906915,0.1291025914374665,0.1287344155176715,0.18745153433284079,0.12565141509378522,0.12695302266199623,0.253129536546541,0.13437713603892784,0.1288264031843117,0.06949271665855838,0.049651863873448755,0.9999999999999997,0.33666490551137895,0.078273861990796,0.18662222365240252,0.13120435289511084,0.05535518107470835,0.07097528953010313,0.03544073130716321,0.026031726032645957,0.03617999680534887,0.07960744426192143,0.04291056155497691,0.04203050197536636,0.030412229153666967,0.10744805330980352,0.09947021001963716,0.15119113080708207,0.15451743976123802,0.1690760049892747,0.09398829267831015,0.22605266758764692,0.2571857850987042,0.3498640910089799,0.286078201120311,0.2546245773880822,0.3212147680336245,0.26051951531712225,0.17371460843906134,0.10520169552926675,0.2328729044881771,0.1512147362813739,0.0719987597222212,0.08387201522061702,0.04147363112327191,0.06754802812096002,0.09893919861603195,0.2672174196963572,0.1477364515592663,0.17076308542012109,0.20962610010974814,0.09716778001760892,0.0635511675700657,0.11883054989109529,0.04062955928714484,0.0468815922409956,0.02138714905942845,0.03291671054853115,0.08329867201399539,0.005349504285566707,0.007596696793692459,0.07166219152852359,0.11901226747295515,0.12577434309404176,0.09694930475084064,0.04790052210719579,0.08369247855476385,0.140028678905249,0.0856707359969776,0.10626158333984508,0.13921098194972606,0.019052770778325054,0.115633593749979,0.10338597456220411,0.13912857884992574,0.05227551710331511,0.03349654348532932,0.054329373569823966,0.05305074473743427,0.018974128653078154,0.048417214493424204,0.13885869446430704,0.191257659346267,0.14784562132542192,0.03449083191069992,0.05692694624065743,0.03600526765621611,0.04557229303144901,0.021253765814070437,0.04186590367951475,0.06939736630691624,0.14272716564275956,0.059410321155506395,0.06261210769490111,0.07256282232175446,0.04410175228096684,0.0637541653066459,0.13976286248191797,0.09584333249266923,0.08337800990760053,0.25951005752363326,0.07164389932225435,0.1012031992668922,0.2003578019424418,0.040142179590301544,0.05573059139710881,0.09032561089971537,0.16284506815007063,0.257658282772487,0.07766162427964429,0.10088574351010676,0.037381306935299445,0.14605383887664658,0.2346683044223243,0.16466599989497074,0.09359323248227017,0.2671853137181828,0.04007251646824297,0.033492659366986255,0.020916156278796876,0.20197336724837336,0.10461550108132661,0.0310931021843273,0.023458319134089564,0.0356676898554355,0.012566569526495042,0.10944984231018379,0.16331415829388815,0.0464279720241155,0.05183611723759995,0.17990241178142827,0.030378934288743963,0.04907100785008602,0.013526120499252857,0.04231166590532165,0.11033054163717991,0.19398554674060278,0.050573226975807385,0.034346750518052,0.04269193978166118,0.0966304529767506,0.022534754035112875,0.010917634768295725,0.04300326126016705
378,0.19586365975250325,0.009428107273945894,0.021352052339111593,0.12144494139997646,0.02283448142722761,0.01420574340232295,0.008962602149073809,0.03386362344895709,0.13337985664729224,0.16508305140376126,0.04778410944947567,0.06536879255174549,0.07229385292500325,0.0212448331011993,0.23973925509514699,0.07769267405323872,0.013142568636467362,0.04184579959500862,0.07964997755955237,0.12009351323335654,0.037473143472781814,0.1448298396111866,0.04065411626171672,0.09916488589282386,0.13778683196998515,0.054784571327451445,0.06937580201099006,0.021383912838682174,0.17987179840312675,0.09996649269724019,0.0,0.11982646767707668,0.02770057565479034,0.010099757403743019,0.0299974091873583,0.04806100569045001,0.28048652994684303,0.01644771957582699,0.002300729352977479,0.025246280003092893,0.056074529567642195,0.028380964721389783,0.024425628133978524,0.04970259403462808,0.09255780803360979,0.11132292556065485,0.2117320460094375,0.07062660447387893,0.11766641236063546,0.039245867777728684,0.1362750346964909,0.11653225926029916,0.04810277624942648,0.19726035892379004,0.2543899997223976,0.08817167489654221,0.29353319553829543,0.22523243043819124,0.17559700657314226,0.12393283612815496,0.1917528573623111,0.06771674972538383,0.14211228314169339,0.16743888365751028,0.2308439584332684,0.1379200043133678,0.24886519678816577,0.19498790701328125,0.1350017251502047,0.1050362563600768,0.06041003286549255,0.22067067823712738,0.06962493500447027,0.12679751887880195,0.11768410431643184,0.04458983890123783,0.09393726753841863,0.12904732554239745,0.05741800139201866,0.10945512639145402,0.1171220319203389,0.03265693073208422,0.3369025205167274,0.13155992726831142,0.15885256266667266,0.041896171069466324,0.02402698614630056,0.33666490551137895,1.0,0.09090284925972494,0.15584278510363087,0.12570691979270437,0.017804322775695984,0.03211440744849021,0.053223738997293435,0.0131741033430617,0.060125984632322854,0.026304923703912717,0.06492182320470691,0.02221857723289999,0.012223265183795868,0.12589219571519045,0.05050792128978443,0.14600931603650433,0.13534331418619255,0.20351668068110318,0.05902512753572182,0.1205215536944444,0.22993218007590105,0.27434774193723493,0.22592595089123185,0.17174993728066537,0.3490897001560215,0.14086799708120215,0.11473471887632497,0.06091165515289422,0.12031370270435186,0.34653991922055577,0.15152310257374874,0.1454829041866208,0.070864791101583,0.08755975965144477,0.05156107221087183,0.2041150784825227,0.16183296570512745,0.1698730843846451,0.17594670260361647,0.23352704762576615,0.08322223641800602,0.1401551192677553,0.05542224546143486,0.020103035650754907,0.014997357224502461,0.017638501019445744,0.03188701359709182,0.02473312513380333,0.0035302474740402144,0.11165177509648817,0.14737976594295182,0.2059075865708789,0.08548482273758237,0.04526078013055884,0.06560072895881104,0.10149032842398502,0.1082072196933205,0.04042435203508708,0.22581138692958486,0.03532519104758976,0.16373205352519807,0.09680682419972782,0.0718348972328731,0.023286086983253886,0.01809387478385908,0.042663262497753505,0.0728051772452257,0.011018147520500463,0.02649418286491455,0.07880059087403044,0.07381983327963458,0.08825398718960965,0.017547104441777105,0.04082382381533001,0.029319019614509882,0.023418924467903387,0.00387794711147189,0.010956175353272915,0.13388369138716322,0.10799278764795528,0.060540442528487344,0.13078404214952008,0.058593343002295524,0.015525881842643295,0.027281161961415105,0.31264512845585546,0.06999649750348265,0.07540188486233991,0.27001421732625147,0.02836275001430807,0.21646914643272105,0.12015555873133861,0.0287054357609755,0.06144859193172604,0.07032903790913037,0.1239129843358802,0.13737108421021132,0.05224454919862092,0.03941221642908804,0.10077066438296359,0.024568015235451754,0.1589997992821518,0.10844798232301689,0.04191423871841889,0.13691671702227454,0.016936395876770045,0.061379907006092624,0.03766000388848856,0.20415219017738742,0.08581189356074259,0.018798522575892637,0.023189497241750436,0.020625558023089324,0.00664742285601337,0.1329153041284874,0.11193443434584929,0.023588090928355097,0.028917916570625448,0.07402205432037147,0.01699396956140798,0.09017994861875653,0.05128950336400861,0.03637342723655241,0.06021718715146457,0.16121887826966025,0.09052249907811948,0.044043704775054246,0.036744662778916345,0.06390404869729488,0.04055547437174047,0.04040483574535202,0.03303668225182277
386,0.007193618006509858,0.007325731045472021,0.0,0.18433085249960532,0.06100948908851071,0.027315392620507174,0.0,0.0244266463309556,0.01910239820838114,0.16368092100608933,0.0,0.0016314685938893774,0.0,0.0,0.29275793520125776,0.05177411008958513,0.005374839310415352,0.0,0.013828789343685331,0.046911765101291025,0.0,0.25888935256839596,0.0,0.008147217657802061,0.005029608762864169,0.007770299072041462,0.009813559165213126,0.008849468556362736,0.024150394171563824,0.11155102531282941,0.0,0.02008024668015937,0.01595701614337404,0.004252175723987072,0.0,0.0032511184139328345,0.02632597579479974,0.006225165938844588,0.005069672087274907,0.003539809040786872,0.0031796630422425425,0.0,0.0,0.016158725658116595,0.03968880250778953,0.014397021084772059,0.04590601703937539,0.0,0.003480700478632445,0.0,0.1726884184336017,0.17617088183448054,0.06625467484843565,0.34611228935173444,0.2944474938964225,0.2711966598681957,0.2625347389825935,0.2800803348418416,0.1901169026633565,0.23335147664455733,0.2246197874925874,0.18504490437839635,0.1572681715392731,0.20491960691776218,0.3372861154901704,0.08150848006756528,0.26015709333282194,0.21558298210774246,0.19544770167465556,0.12349821067291478,0.12743814076708015,0.021689378732689828,0.12182483907049702,0.20948411861493532,0.1836510891794314,0.08784432090436674,0.09862904645360247,0.32901036259736927,0.10569012409852846,0.2005382493608837,0.14557422117183402,0.062215970860182025,0.24395581785006773,0.16843744367859925,0.1940140187161296,0.24601127418340063,0.0,0.078273861990796,0.09090284925972494,1.0000000000000002,0.039037530487877406,0.02183115471254348,0.0068566754704147345,0.0,0.0,0.0,0.010203903622701425,0.0,0.0,0.0,0.0,0.09718550623039862,0.142626555611274,0.31108030822014243,0.2150797742567144,0.3589632173780943,0.08192097197399713,0.11524784283478029,0.04816910051747586,0.034634857430606805,0.013930113470905031,0.017830084741610183,0.09946705083421704,0.03284486367649973,0.0143038117140978,0.0,0.0,0.08538845443743609,0.23010672375423408,0.12990789359147636,0.08394205624923176,0.16914802799414308,0.00288772985286675,0.018766986642044195,0.0,0.06328576883843966,0.024874797337384884,0.0453658649211364,0.20231496272526728,0.21301408425239696,0.04757311964767378,0.08085340001362375,0.0,0.004836543426398454,0.0,0.0,0.0,0.08993623956352262,0.18295178774614534,0.1270415680068928,0.20799837997370052,0.0,0.2967240710286591,0.022647038920384086,0.05906781796782914,0.04429024495219318,0.1951549635111974,0.0,0.09835723292977262,0.003539775107985623,0.010961903661542982,0.0,0.0,0.0,0.0,0.004096175546553317,0.007884559090390906,0.007807191548251928,0.01954003959034653,0.00889675618201437,0.007168035993648901,0.00914806617601009,0.0,0.0,0.0,0.00402326494376311,0.042155330364172114,0.11622008177505228,0.1160873965002123,0.062073347847828794,0.0,0.0,0.0,0.01659343788540027,0.020428723258314192,0.030839267867193147,0.05346565772912701,0.0,0.22175694359206147,0.0039433511568732005,0.010619597896328544,0.10336816424323493,0.11646754784145634,0.020433567607523684,0.021858314932393215,0.0,0.0,0.03960887736601678,0.0067789546229457005,0.011388042262475114,0.0,0.0,0.01553799883515976,0.0053592819077198615,0.06310690502786537,0.00994844097061615,0.021472607161953303,0.016644504325774183,0.01222445034487708,0.0,0.0037788013114451588,0.0,0.0,0.012536995159458053,0.0,0.024136370025318602,0.015838124911585993,0.0035558877153601346,0.12984830657219426,0.053441967562088306,0.012551998262074322,0.039172266875361746,0.0312002869971414,0.07718153703668158,0.03920771662696898,0.0,0.0,0.058536779724374904,0.008073642235688207,0.005630191471847112
403,0.0736746981393588,0.0028958621191296965,0.0,0.03037770219308504,0.03464340925950004,0.005474562771555617,0.006719503641012233,0.0,0.08209945944297772,0.03943509275716549,0.01541412284837259,0.011786255589792165,0.006905106995873589,0.008856093737204973,0.10252375575540998,0.006117542484653054,0.010452143481144833,0.02651716629493341,0.0479187739396849,0.029386234344782523,0.03209543347732825,0.052478802908035395,0.006298309902318869,0.006580515823640804,0.07038088522777225,0.014810868754966906,0.07250370482384637,0.00796806459047858,0.08832856335725592,0.14295407780390496,0.0163982503381055,0.02877195631736834,0.04835505492895442,0.01787142155766995,0.025507391024014458,0.0891938602388609,0.3314200786164063,0.029359867247002562,0.0,0.046805320575633934,0.038762766473022216,0.016380712537446714,0.016455957559316378,0.0610922440459125,0.1021166504213907,0.1720142021809191,0.15587267558153048,0.038457439879637324,0.035163138278261626,0.0,0.03423780670173809,0.0,0.004196713037459133,0.08084732143113986,0.08296172066947208,0.03670220504074156,0.1600933864433732,0.0509331489440073,0.09482987232832446,0.050096921818738385,0.039497602206803144,0.019281713776613075,0.11023425857903472,0.01738803744110881,0.11959469359935533,0.02796819964749613,0.09948688533101982,0.03688958661886462,0.024796401623790553,0.03144597689875216,0.01049136481299842,0.07420672772844336,0.03441572148063254,0.06258049246756861,0.020298922365589524,0.05237728693831965,0.16437806866280363,0.07652482098258506,0.014898176437964547,0.07187030837777147,0.060729972653326275,0.031247563417746524,0.2202037155920396,0.13791412751826237,0.03245774232962021,0.02008598252176153,0.023867256821992287,0.18662222365240252,0.15584278510363087,0.039037530487877406,1.0000000000000002,0.14089890564444452,0.022656498237263987,0.05667153574411621,0.048274268874111625,0.012758122953762448,0.0780430115663949,0.01885008543622759,0.006298640116443803,0.024588363647551074,0.009040731823926448,0.020710567632899024,0.036617316975447976,0.05998907890658679,0.12738735123886955,0.0822803228719643,0.015501110782304865,0.04281637487693794,0.2672861144297845,0.20336748751495903,0.17567667039355406,0.1602655956534844,0.264959083084529,0.12607160151704022,0.03578149650834393,0.10092043728595711,0.04299509867357549,0.033405675236511834,0.027621809033483977,0.06084194973914099,0.034909372276673484,0.03912788393339946,0.07385175224826873,0.27422551356187486,0.20231601542381517,0.0765175156339697,0.26910964174179175,0.02300208816519279,0.03366902748663459,0.04242792587482158,0.09871586220386706,0.0646835227808247,0.0,0.007534513231320263,0.0036790663351214765,0.009451867734243573,0.004579907004316866,0.009006607873780725,0.09554538399583748,0.15347604255968172,0.06493622859787765,0.07740968746463234,0.036616691937388667,0.19420988795901475,0.08291864938586561,0.1717982106880422,0.06372848890761057,0.017447561846931643,0.13625187199664324,0.05334990456902627,0.011965087672549255,0.01902575848650182,0.004346456760265341,0.043763400293025154,0.0,0.00798668387006843,0.007323317247932723,0.057398006205586743,0.07925587872213087,0.0993030113824582,0.0070048274783826095,0.0,0.03215104411656928,0.0,0.007645823047457367,0.0035691642307125243,0.06365598779789654,0.08214199901438066,0.04334099373667446,0.0411273574981477,0.007830246048785234,0.005111828435441407,0.005816551899578429,0.022449346818088353,0.03837569896170273,0.02008957021651158,0.13606954117098524,0.03167041146197249,0.045516908680191426,0.09294365282885014,0.0,0.0,0.026313908382745783,0.3128030339885486,0.034677292289106085,0.06494008285529404,0.054409435911782524,0.00945823309417855,0.01576437359912789,0.05722361987704196,0.038831162938397,0.006201730248008711,0.2508471600528302,0.03913123233532364,0.06831373609456183,0.021588812115984138,0.2219466900543001,0.04578756398360943,0.0,0.0,0.0,0.0,0.12251191982643021,0.2033226111858853,0.06594112423672471,0.06682925182955202,0.062411489581418816,0.006595957287702263,0.04942386384368021,0.027791442214905416,0.02561866675913235,0.02348398576725564,0.11817154689665242,0.0393001415068798,0.0066929984942985694,0.0,0.06421142357639484,0.016732635104563083,0.020718181307964472,0.044351078359038364
412,0.10951979668225639,0.0,0.0,0.015745032567012058,0.08353742796636493,0.0,0.008267409729214612,0.0,0.11421773672570695,0.028057143899458736,0.021065754527932204,0.009977614962472424,0.0032929919215748463,0.06055597937925091,0.0555492815528629,0.027138209690733578,0.008457787183991764,0.07612633539840771,0.03131798940001552,0.02481923693918657,0.09866301744444037,0.021160533496227422,0.058434496225231114,0.04304591247431519,0.07915448929060409,0.04171751307039527,0.05517781353114018,0.002717810805024747,0.10971050007480289,0.03518769910583173,0.022252905281780904,0.16721098332010975,0.017673228392630597,0.02632618011852648,0.02877039151556423,0.1393690728069733,0.2981270355411688,0.06830832185405383,0.021190443994011342,0.0974248154063053,0.2536827491109385,0.05119141267837113,0.050260571138240034,0.14326703540574406,0.13761484311126815,0.18481149300451452,0.31388880553127163,0.030397316029294616,0.2044037568172531,0.005764237541891011,0.014517977297730463,0.009030554491017338,0.0,0.031159823246464435,0.048339459734612795,0.004770237352044514,0.042137379760411584,0.031418106069626105,0.038990853103909366,0.009864331701801253,0.018067321405144644,0.003347681117499934,0.09480465624099851,0.006938168074928513,0.08837447248572375,0.002698001814944334,0.04817156228395197,0.039827635755889074,0.009974324800432019,0.00948764408950904,0.009214485076445886,0.03589949415323754,0.0,0.02591476455382142,0.019694447763910012,0.03974135385604512,0.11315923166548422,0.018413521461456764,0.010746333375156777,0.014531217817793006,0.04259293106205553,0.05678247792007407,0.13626376721612554,0.05898870013593472,0.02709174545296544,0.006480346166902566,0.10417035366169217,0.13120435289511084,0.12570691979270437,0.02183115471254348,0.14089890564444452,0.9999999999999999,0.01751694976733628,0.11314107088227765,0.039636293557983246,0.0647063789909309,0.04499572026242898,0.025186168957317602,0.054821223566121735,0.08182517020302335,0.0728710199297058,0.01885213004631553,0.022366139691480866,0.029768683892000835,0.09315305641397158,0.06424306165556352,0.003383072716008684,0.1301334350356956,0.1689110869364786,0.16557445560415182,0.11321430347771534,0.13114619614142242,0.23033736456491932,0.17335517259398833,0.05905420753014417,0.03635784688280598,0.11419895774145328,0.04405250583946093,0.019044337821228406,0.023632717083574048,0.0317883372282032,0.04777837121655613,0.1006190430884888,0.24622390577450998,0.19960294627378233,0.09975216924689165,0.30269298841324616,0.028114932800375442,0.003289676989444802,0.015286532963009985,0.044522916235619374,0.010911023078294915,0.06244783390404652,0.025580271234599376,0.0716814758568538,0.04831015876528854,0.009285075990974737,0.024032270439576307,0.07048170115153163,0.06099767978546483,0.03908157822121859,0.04495942454494809,0.011481721738261027,0.19303175921236249,0.04295999126447917,0.14158716945325042,0.02233620382779714,0.03918227105213427,0.06271458838482014,0.10281413241527561,0.15274809227070815,0.10911668342855106,0.022559860652587624,0.05065298141525956,0.0376411223759551,0.034349622579203855,0.027706254014937107,0.09842431138803054,0.1621365356734098,0.2782462431667746,0.03443916759037823,0.06785766319651079,0.047210080301500555,0.10110018600255757,0.08693086138132614,0.023111159440011506,0.07082690054246611,0.017313091032688344,0.0,0.018384939999198144,0.06678321658394605,0.0314463770082395,0.03797659292648356,0.050263103096274506,0.03150605850848217,0.05393842230342148,0.12067537170628329,0.058501504641374144,0.01999694578834471,0.195261411233452,0.0,0.01999385320580105,0.013193580743517664,0.17574854755334493,0.15873914521475602,0.11191349213896783,0.05735862717735323,0.01198155354994004,0.014173276298426418,0.061615641505799144,0.12700991351427549,0.031031003708138574,0.34044628252266423,0.08955167710993994,0.028762027046275746,0.04468058270184567,0.2506531419693772,0.11297446073793588,0.031153343432326428,0.014732259143837134,0.03339673032110216,0.007221675532948706,0.08933652092282122,0.05104692789957868,0.05435358043677601,0.07924395101442533,0.3204201862937766,0.06009704822161054,0.013449405737545387,0.01955693051074771,0.1658149597000055,0.02457533123053758,0.2046038466920536,0.01935996704840494,0.007844101771135644,0.039632931004514635,0.09339060182245831,0.012265260470434823,0.027396210453545573,0.0582652951740972
418,0.008210761405241504,0.021119083281433835,0.24450301137997354,0.02301267131197941,0.1285742571691745,0.11338734691215722,0.059004127359729666,0.08905410314808564,0.19220488956337253,0.034814538664122305,0.12628155261711846,0.06262167595310231,0.22802252332414036,0.13221267899793712,0.03528736424932402,0.010587182903869346,0.09689927124623363,0.44000569529080114,0.02369585903019534,0.024543391343625945,0.08786131019137833,0.002422234885504148,0.12466169393662835,0.016693447666229183,0.12110701799748627,0.0,0.11113206575113725,0.019625483914448405,0.17793325686729483,0.050418559266426126,0.17121719016797154,0.029634310915306578,0.22876220940484376,0.11523678407943262,0.1276106886961042,0.15405972504209298,0.009808911412507622,0.19470660971281237,0.10897185760137387,0.2517493490491735,0.04359646257295208,0.18788285573546898,0.07459991736114306,0.1814510710762932,0.06949085635000393,0.12602266417496163,0.03639444248181322,0.08965601045602196,0.05976346440516478,0.2554796793843005,0.00705415656885283,0.02014292290765317,0.01247028759227513,0.015945065395931483,0.017928105019576552,0.0,0.0030024853286688023,0.011585139968728345,0.002424312350032068,0.0019863434952210324,0.012195532750043734,0.012638369107932345,0.06323293913592172,0.00842764123243618,0.015786061410960905,0.007086825613386973,0.012531112059600872,0.01210077258282884,0.00801053121710161,0.0,0.0024639883011541566,0.018757259101745867,0.0,0.0023060496749510296,0.00623282711649837,0.005944037115025115,0.002665137858386372,0.00183308604813976,0.0,0.007569038391743348,0.006331864723601751,0.04598122490299655,0.0163695616476412,0.003817490122056094,0.010079525666784064,0.020327912162903156,0.03934359836579609,0.05535518107470835,0.017804322775695984,0.0068566754704147345,0.022656498237263987,0.01751694976733628,0.9999999999999999,0.11086668555459225,0.13691406236866605,0.12318549467635197,0.11191834617857523,0.10204012032512291,0.12947826198143808,0.10843337065817335,0.14433519736019793,0.0017160131127814053,0.004273140240826778,0.00557211053433581,0.0,0.008062135776878903,0.005965116002442787,0.017707209658165295,0.0035086574677767593,0.039097392909936905,0.0026578639599580955,0.0,0.02770928168832744,0.0068851375900343854,0.017218013858222865,0.09957766133079048,0.024434471962170037,0.00970611850354136,0.0023004456523358354,0.012860647939120659,0.009923699874261227,0.0,0.10053196003280586,0.013884109725535911,0.02782277473089293,0.023762920530220905,0.005083854403180358,0.0,0.0,0.0,0.03309878860294975,0.026497108819835493,0.03156082652476545,0.06771093686802616,0.06432894281952563,0.1404083193805261,0.1555870550933524,0.0030991258925793888,0.021285354300725718,0.008104097451270394,0.004374884860821534,0.03866813555003701,0.006465999122715049,0.006332081099338348,0.073100574119281,0.07986269761289995,0.01267406065157115,0.12516681005702762,0.023090189167942636,0.03549312926161875,0.03784173289929711,0.06062248944611995,0.07440181618458291,0.06532298163151058,0.068601373272723,0.048786493061324786,0.18544669769125538,0.04003921823868036,0.016325704180682094,0.0061429757883617415,0.0,0.007998705175694502,0.03202467821241149,0.03338089022744107,0.055267518983623795,0.08692977448861175,0.06371440677029779,0.002923872851349447,0.0,0.003320809176555858,0.010821072773093314,0.007460324511856889,0.03942692439089142,0.018457478997468524,0.0,0.04573350626833519,0.005518407782667524,0.08806487025071508,0.015159857839878242,0.03481485601195955,0.018780540061767628,0.0026050819034636424,0.0030878520911118913,0.0,0.015312644093647215,0.0668224434300448,0.1393525515451051,0.27576639589729396,0.015560987612376138,0.028800940877407415,0.08648021142550189,0.07261464210869745,0.0,0.09093840230994688,0.053820709447792936,0.027704360485358064,0.02759980793900179,0.00942680166961725,0.0,0.0,0.007782401786017443,0.005439627642648064,0.10246380213876988,0.04323871778989335,0.16188891574494202,0.15441894453747795,0.0026316194289233616,0.0696666307914055,0.0,0.01342655853237262,0.028427702176770014,0.003079582668606512,0.015201971727764564,0.019845802012878732,0.07205529340440164,0.0023425567028411694,0.026857510462330484,0.04677165184560731,0.13892049542120294,0.026931819721591577
424,0.06827902637944702,0.030256901032809293,0.09281765163159943,0.03396623756575668,0.13063099992819074,0.018567152828956046,0.06253838426460766,0.04139101749831407,0.26200981291620457,0.04485440241872551,0.07093840132121158,0.0710659953073168,0.08663774346764631,0.1606752425428881,0.07766653505522575,0.039655755558253264,0.012307572115485403,0.32547170533539027,0.03092708389090376,0.03775500940161466,0.163923649219491,0.002498162916547066,0.12822856107268496,0.06781246326372256,0.19344010670685435,0.019616552139545336,0.15380729939523674,0.011789127011266238,0.28134745836623454,0.01573336666788245,0.1415879287448769,0.12527983215352975,0.30815681287905233,0.17788513021971786,0.14903906510776924,0.5817535635778518,0.07675336751306533,0.23537573206650583,0.08354043836448383,0.2506345298950381,0.14961479595215593,0.43158378639318795,0.2996536948881998,0.335972464114699,0.3546069127246299,0.4237925217874338,0.11339562581338088,0.06880954149576254,0.16100145891356288,0.03155834637519191,0.0013832336349058497,0.003519772109551453,0.010368611471996296,0.02143674304190225,0.0366984050373408,0.0,0.009595098751286186,0.018375739310172803,0.022257174956388022,0.004846596703810015,0.025062371923944986,0.013231751735636245,0.19524584747736548,0.00248311399902236,0.048318565500810505,0.0209051488580986,0.017432984217157867,0.02884599490858229,0.004697493457792256,0.0036262991108507786,0.008764040057633942,0.051379296083716254,0.003930265136575809,0.007177288722848696,0.016083783080136825,0.004242611312659991,0.04562506431644605,0.002140765844516568,0.0041721456633923995,0.01844163628939705,0.04344032035523496,0.05063225226704859,0.044157227205833066,0.01867885654785964,0.020610839598812835,0.010537931036765862,0.08261611060483345,0.07097528953010313,0.03211440744849021,0.0,0.05667153574411621,0.11314107088227765,0.11086668555459225,1.0000000000000002,0.24910634430642895,0.2502747246981404,0.13521766982466873,0.24823942707196922,0.21127014800877156,0.4050778262248549,0.22235965556627674,0.01639671097958594,0.020798433764737317,0.010117831357630322,0.030020553516790546,0.021875087470541406,0.0028027341301918632,0.015493670935944044,0.043329245934815214,0.07025908945419151,0.03472859332718327,0.0139578168691976,0.09165311280841791,0.0143822863658721,0.024401535594841275,0.12063189606462402,0.03772812788710774,0.016979968965929425,0.008486158462028529,0.011945818294967665,0.0811803173487861,0.018172188245884492,0.3629011384045307,0.052491928520563974,0.05188603441535849,0.07048565754283849,0.12089904975277778,0.006433556322465195,0.003829520096518884,0.016260741178683206,0.09762460832145105,0.0073708847100421825,0.1269535053730421,0.12752387833291945,0.1391096851092672,0.1498903543829462,0.14038143609415704,0.007123543094092877,0.03462360706513078,0.022776948113989542,0.010271016979562916,0.10948257239817877,0.002038208483130782,0.03162647370416739,0.12270746383272609,0.0165393092949779,0.028261054243047378,0.09646480361126589,0.035529979930356545,0.08460556948470041,0.05385903266843204,0.271483515454269,0.05740456080242478,0.30653753844601295,0.10813015088025278,0.0972454657197635,0.10249271479193373,0.0392962279680803,0.030225927012453038,0.02740737050070092,0.004716009941902107,0.019923173413795445,0.08063430030792641,0.143449923897018,0.1338090068270131,0.12684012493154043,0.17465305700741382,0.014957608900553483,0.0,0.0036263691114365947,0.03753013289669374,0.023484589777457106,0.013893691353072732,0.006894111411439647,0.04928631918135777,0.07200237566071102,0.033623853350587124,0.2921172181901788,0.020600517459560437,0.18654407956002342,0.007026980260719752,0.008972819260632035,0.006957270437113071,0.05493116644147715,0.05780832392545222,0.3633650286235549,0.492654292728509,0.10111773678319122,0.05387135837041297,0.027308140978399773,0.13926960328911125,0.03526266407461034,0.05229199047091362,0.23048492000313908,0.05640418883412035,0.035219299082013496,0.11006115068692572,0.0693157367016512,0.008822276402437726,0.03493029732956241,0.024707537298241617,0.016428649720069563,0.12300257275247126,0.06530935961253251,0.26656407446006186,0.24910825823520813,0.09179175030972286,0.12945231051156325,0.0,0.009292300750936466,0.15180314929993852,0.0,0.042786514762811506,0.04045216054552997,0.07396178817017912,0.06436426280241835,0.08020775009128828,0.02398180222848493,0.12107341101432677,0.23543823146236964
425,0.06669614945888108,0.026100323267487572,0.07254463458007004,0.08782111227820776,0.10211976771372931,0.1358453396864216,0.0820676404052444,0.1063671908356301,0.15462388756071774,0.11985895785038232,0.07988647264079221,0.08641366443692097,0.16343794909337736,0.10228108362774728,0.14379267768560094,0.09528717279244225,0.0031973866415671375,0.2610424437668021,0.03406770487567057,0.054584163793357586,0.10338732330663705,0.0,0.0586839081830821,0.139240718351202,0.22679976006878694,0.0,0.15538692264725126,0.017168765585346978,0.2578432547573207,0.052059242875046756,0.12865727797079915,0.04425446333630341,0.25366321573473627,0.10673498797314751,0.15972115999812259,0.3228412350338893,0.039575650953803526,0.17410951835906896,0.0564376786675473,0.19551228829040848,0.08831774372754544,0.2483985284257939,0.19690895628445498,0.22530105654871166,0.19553062214640166,0.2914983077009836,0.07572505975524736,0.13505801372456808,0.10173803420939276,0.07021307034567906,0.0217940275326467,0.0038198259996771967,0.022301644856117662,0.0521966147756704,0.05865936073256013,0.008774420353373832,0.03681360215260599,0.050785226205785905,0.03475306981021145,0.014954473609942684,0.07040311489363774,0.057007073694673484,0.17704343824091912,0.007759256448385231,0.0776816564323812,0.05742816828626038,0.052539866221737404,0.04637584077862684,0.029028785245506512,0.006850324151748757,0.003977327438486395,0.07792628417979,0.005651143664707865,0.026386507129581696,0.021360821853062296,0.004136278600024497,0.057289270725908954,0.008499688412690918,0.0,0.021295195249938836,0.035753923127427464,0.08037039036134522,0.038625995240601105,0.024623094729827478,0.013206570527644526,0.025533403533535594,0.018583123586177933,0.03544073130716321,0.053223738997293435,0.0,0.048274268874111625,0.039636293557983246,0.13691406236866605,0.24910634430642895,0.9999999999999996,0.16478135782366693,0.10252626259825182,0.1993527361154092,0.14210765819248922,0.11140812790707838,0.16041322805036948,0.007760025282744183,0.02075755320820429,0.02492280961723203,0.02245731624647537,0.040982294851134915,0.0,0.007600520168749266,0.009547625415824545,0.0380604742997902,0.042940091434589614,0.010266609110844201,0.08695429429386736,0.012647804595746333,0.05455043478261077,0.07955757162887009,0.03492413299930327,0.029677514249766633,0.02627573888001251,0.055713844165405056,0.15396787859991215,0.02351941429043727,0.14015417263038477,0.012023069877105459,0.04478564824447543,0.06406686731321463,0.053400137755160074,0.04168939553301752,0.004430961177769321,0.04470953446385632,0.17607177583229863,0.08677130863525473,0.06355106309963507,0.1255631162060354,0.03494640075760996,0.12798278164039856,0.1487534649433408,0.011566231386308235,0.03347401134912198,0.07638655857200721,0.018672314946956516,0.027268612149430643,0.01686680385724717,0.01163082891737793,0.2348058075392628,0.029656842613074313,0.059032477576767044,0.15867461655586315,0.09297724189399043,0.04514336949448675,0.020254176177965582,0.2223512784112673,0.06466737849848699,0.17920532952205392,0.020426015096920873,0.053238431045822425,0.21350387721368425,0.022035799516856157,0.0,0.004755505315824287,0.023291689808622194,0.0044037098263229055,0.023624639809939896,0.01447186272700013,0.07794433826398009,0.10683249917450836,0.1512351586973149,0.030015668481915718,0.0,0.013701210104010823,0.0407421249543403,0.00397862804898011,0.012204057735273046,0.011954914755881268,0.013534401348900979,0.03910405312529626,0.033896308133744904,0.20396217481450285,0.060213338914650937,0.06792046697046944,0.05758916255056365,0.01925295099192893,0.01032360148868971,0.033562704266780735,0.030067033190451554,0.1626046553647909,0.405461403552674,0.16128396398792094,0.031553156258513466,0.0287172407867107,0.0911680251640309,0.045537338500456784,0.027492217275461334,0.08719832502990084,0.09022806922249002,0.059984152285170844,0.07225793372670294,0.030144621369015093,0.0,0.011321649386509524,0.01383624342570351,0.0,0.13309413176130766,0.046349698937677354,0.23265643274083597,0.21884654489477537,0.025103667697644307,0.050776452224737624,0.0,0.02111981775657361,0.07780299220537544,0.041290694167008514,0.008279894463246078,0.0881817767656253,0.19283897743065498,0.008999528857183978,0.012609907622984595,0.12365009246035441,0.17744297725619707,0.2277529795613164
429,0.049972579183221004,0.1468713833087831,0.09625742639956704,0.012147660345656607,0.04520073532404505,0.07002065771785261,0.2457655292777281,0.0172801572982669,0.1564141747574478,0.04721537981192337,0.05798149344435567,0.18782778491200988,0.06823116981582751,0.10976315207519229,0.04416872604983642,0.040466115164181395,0.04221422193835493,0.2610738649952099,0.0878080521801739,0.04992933362134111,0.3836801402056009,0.0,0.13297221138384888,0.12402040703696882,0.21772655903571272,0.020964775957084708,0.0826760725336979,0.07446536847559276,0.13631600040659356,0.02386108966436544,0.15406353248552457,0.07168754723456737,0.24530525648495818,0.3282115748823053,0.09042036870215915,0.1530822810482182,0.013348448051243286,0.19482090421780593,0.09928011913051578,0.20841916082341003,0.09381236951718819,0.25968537671651815,0.0960629149785209,0.27200896395045937,0.14936552681351853,0.17282233945131634,0.04803545564443393,0.06105904602573699,0.13623708287940262,0.04466833968381158,0.0,0.027113294784826103,0.0030197820657409547,0.013454981372172556,0.011747054377286306,0.0,0.012215254963075437,0.0011856212422007972,0.023207395942149534,0.0027211383972597205,0.010773539740386534,0.0,0.09454541696149667,0.00286130390111468,0.011000224040324944,0.01002345750011924,0.00516201220290843,0.016292194601826335,0.0,0.0,0.0,0.05250021079819668,0.0,0.0059105593997600655,0.004277077604467266,0.0,0.02465450709072143,0.0,0.0,0.0030269046597894062,0.01703608826423307,0.06881935218486931,0.009115241796605271,0.004951366565688823,0.0,0.0,0.03093418341608391,0.026031726032645957,0.0131741033430617,0.0,0.012758122953762448,0.0647063789909309,0.12318549467635197,0.2502747246981404,0.16478135782366693,0.9999999999999994,0.1048712442919183,0.0977661180986184,0.2199300692796567,0.14935420862903,0.3883847334091471,0.007912568767229521,0.0,0.0,0.006658675422686529,0.011683504013547239,0.0,0.019011494039477432,0.0,0.03719651172964049,0.015387891042967514,0.007692636597319875,0.04253269085059364,0.0,0.004387785551174273,0.15080114063135075,0.04318482413876434,0.0034649999273430837,0.007624712296855745,0.002883912190717705,0.05045444273709185,0.0,0.20335918314149073,0.012334534748871955,0.04671093267019294,0.04920856479053216,0.031683796255799146,0.007936554450997188,0.0,0.01856544341293488,0.030438153666587836,0.02639189427513055,0.11630731277487949,0.26377720443001024,0.050723154723326475,0.19265174810004337,0.2663625839886157,0.010441596141956399,0.030761814469369986,0.01727836275023786,0.004425151829774231,0.053730324553439957,0.0,0.0034598236384766343,0.04848196315861138,0.010627748314999406,0.011117091715742367,0.09360383883793222,0.0,0.04779554593610224,0.068713050453085,0.14658177121061672,0.1992373649645914,0.11775510219848899,0.07637102775591502,0.11637321621208031,0.11265690577245574,0.02255315596048731,0.016285241854589096,0.021484098407119054,0.00920461413433994,0.013662701360741259,0.06864933035791419,0.208675380362617,0.2862431837228695,0.09349825898076859,0.09758308601690577,0.0063435150286726425,0.0,0.0,0.04471293488940969,0.008614732310175734,0.020055670702496753,0.0,0.02933135519300047,0.08398756088907507,0.0039044980546689345,0.08332228701520841,0.04527524371605815,0.09257838728738163,0.09200142672708352,0.0,0.0,0.01447937354887159,0.05108225428219485,0.11379890028021403,0.18000587626125736,0.07808851797046872,0.04585523219909387,0.04316928256479983,0.08741944068712411,0.026484013301565613,0.008710488024295358,0.13746498070757074,0.0465647651052356,0.06298980182694988,0.030165204666311642,0.07458855222172692,0.007194780699289255,0.013705963119646027,0.03178829970101834,0.00427828354478732,0.10044900208008864,0.034830506692515126,0.13843181754918416,0.10220296521442247,0.010024924239656905,0.07935036124023268,0.0,0.02826006745486096,0.093535237463286,0.01994031357943775,0.010988376784414965,0.0336973438723846,0.04999112768003818,0.02043877686950071,0.02611849942470407,0.01700054174567408,0.10107703755609115,0.08671046501123014
430,0.024008916386459127,0.0,0.02958103352056405,0.10071456906328033,0.053432149273411,0.07435175367996173,0.08828526097103709,0.02044038137191012,0.10941703170463456,0.07451760757555258,0.030713389368566837,0.02355417841443791,0.04357084142162077,0.029145864591425034,0.17023455439027477,0.10254089873394835,0.004441242953698052,0.1130970848125319,0.01935281160098683,0.03362054507912866,0.021639437487405114,0.021600918804853885,0.02483672893837542,0.02549104758343081,0.10470875513361219,0.006698706068102547,0.036822839965453456,0.004943375053455061,0.11539607729199772,0.04392439983661532,0.05873629144163827,0.02958805698717796,0.09381802971540691,0.050572229268177504,0.011956974545388192,0.18580458914734638,0.08674203659077445,0.04865938806476969,0.03564166821937546,0.10915212803374036,0.032032427169259366,0.09188671631585041,0.05365619253924302,0.11243941386560748,0.11464230801667269,0.121293372133851,0.05145417847132676,0.03147090055654372,0.04539826724737021,0.015097680089494086,0.03191561331468873,0.005342801964210583,0.015374155580343659,0.09868205407728853,0.09731730350106238,0.018272575245952456,0.08203716345575486,0.0837253703136795,0.06280885958405186,0.05905278863827995,0.09084659335915507,0.03302498413318265,0.2590408645084945,0.01906167905838526,0.17299740108439926,0.08060221033472531,0.09548536075672974,0.078000435668408,0.026914119841541344,0.09856407686970732,0.006070323489834032,0.1345218992450987,0.0,0.050968209391889716,0.03797647162933784,0.011799755438253921,0.07163865570542781,0.014802747645137726,0.0,0.03473919834705292,0.012022489274039122,0.025097999079010773,0.1340781961814487,0.05943526750069051,0.049430218769285675,0.0705333531861494,0.07910731764540607,0.03617999680534887,0.060125984632322854,0.010203903622701425,0.0780430115663949,0.04499572026242898,0.11191834617857523,0.13521766982466873,0.10252626259825182,0.1048712442919183,1.0000000000000002,0.1182486584901187,0.026383447482710307,0.08545825285652096,0.09363791232567409,0.0,0.02038489299528413,0.06527283286171598,0.09936552017089316,0.13313743558506896,0.0059551556477099,0.021798897226318198,0.03645356084109179,0.05033757918075575,0.00958549605485577,0.02734131571762053,0.11999398306645698,0.0334952424964991,0.009463882159013469,0.020009298685019314,0.021491470245186196,0.0,0.03878051346492926,0.08454051823950798,0.13740779534684014,0.11244537728586149,0.07271917793613539,0.03183771526849718,0.037328758687947355,0.07819189738355757,0.06826883737048511,0.06545784115069757,0.017306501215081996,0.027276031763637503,0.19515798578246937,0.15505494829935862,0.016315904806802402,0.04952303330158362,0.010370240156698947,0.055709057816576896,0.07543537066315689,0.031050631094790518,0.09316116771615356,0.05496750609343395,0.026561466232685172,0.10288126229371533,0.045286418694650526,0.08045513690168463,0.2353377196470792,0.07925291396589927,0.0683082378428575,0.16687881983525185,0.12249007695808121,0.01296802510598768,0.006680410080578028,0.04865599822544962,0.09652532319621615,0.08082261707071359,0.0062139513544681585,0.03151240566945714,0.11830228294642334,0.049386766233381126,0.035619420393332726,0.04732576985944281,0.0,0.0,0.0,0.013614460868308786,0.0225697469533203,0.015284235220516796,0.17315825452146721,0.033252470521654934,0.015473381113589254,0.018945132364211463,0.0,0.0,0.013893166445273393,0.010579322422755076,0.006911677024086745,0.01593511377043686,0.017011624978693178,0.03746550568362321,0.0488391594098861,0.07202962318944196,0.0,0.05116578977652897,0.04107592117702078,0.106466497219703,0.01142804502674933,0.186897478879282,0.10591099456162162,0.06156093426829046,0.0231770862557373,0.009465384909292291,0.04541226080726944,0.0049337064510879694,0.06670845746126602,0.11958342851962742,0.1456335864744327,0.0,0.07524627715201579,0.029388372372782204,0.0,0.0,0.0043849668247858,0.0,0.04812926085501946,0.015073177303992023,0.20442715483498974,0.15080236245494383,0.012376600656008038,0.021043555411067515,0.0,0.008750079280538543,0.017822231867021913,0.024451943317115834,0.0029812230645095894,0.13915389824809224,0.12480336858072894,0.013457310443824729,0.024921849713975548,0.1710625082509363,0.22241886358295995,0.10774800330515827
432,0.06154252924452652,0.01802213603458891,0.19062031021165268,0.04406408233276885,0.15576496419513547,0.028204291247231388,0.13505605373142512,0.1666694604847865,0.12865230333720482,0.024644613682618534,0.0777396539054238,0.10049562501935028,0.10847589586860702,0.12440795538567094,0.07072617472861338,0.02191798414015427,0.02119637634056298,0.15148170789978743,0.013072754359394704,0.03488752061822041,0.08643940092749168,0.004879994879608542,0.05371967048777549,0.05257052632023541,0.16628938223951467,0.0,0.08556007316587257,0.02942649119461286,0.2196557592607886,0.0,0.114961594649312,0.020706990642717058,0.1941636232978952,0.1263387024811595,0.04618908279175521,0.3009479530700216,0.02866224449476204,0.23801875144212653,0.013519619120256666,0.10289668408848708,0.046501322531482085,0.2163276851046569,0.09137616445320944,0.1071518197737943,0.17923666085680356,0.2200729510550831,0.040618368124185435,0.07483978474524453,0.03961184498634633,0.08711193253602029,0.0,0.0,0.0,0.02388609492496799,0.03005194848184653,0.0,0.004765725249900937,0.022288976555938013,0.0064764230476783745,0.0,0.030069109498027245,0.012039286442839974,0.12031873888121664,0.0,0.037576014427975944,0.02935081612040212,0.006413413417085597,0.021366397905268203,0.008839628642065143,0.0,0.0,0.014825592336488218,0.006464491046573709,0.01273072967972483,0.0,0.0,0.034587224166540045,0.0,0.0,0.019952102020688707,0.012800370386350055,0.021805047463406106,0.024212217592479865,0.0,0.0,0.005889117378198401,0.011831191344148244,0.07960744426192143,0.026304923703912717,0.0,0.01885008543622759,0.025186168957317602,0.10204012032512291,0.24823942707196922,0.1993527361154092,0.0977661180986184,0.1182486584901187,0.9999999999999999,0.045587062800672415,0.06517880255447009,0.1693322447175033,0.011753328802880336,0.020222850086019567,0.01594532488564583,0.006722555703437699,0.011125072863789252,0.00645329455878502,0.027818748645311957,0.015855629309791945,0.05739442232683752,0.010717594943878153,0.015258171568587222,0.023672396805661775,0.00837573639617381,0.02304676895349026,0.02315870475641539,0.056702867967872855,0.00428811915425509,0.009905837939010568,0.014681650014049329,0.09949310444325438,0.006325180179654616,0.18665038212238708,0.023308725449476757,0.006393446745235829,0.04848909242191165,0.07939366028880464,0.005444012734981285,0.0,0.01353496149693016,0.10312133641695888,0.03287215748785908,0.01081356911663713,0.08021276921416039,0.011350916278163278,0.028972036320998394,0.07294410042167103,0.0,0.011390504753210233,0.01693796660720024,0.0,0.01748131727278263,0.0,0.017723973277154012,0.13716785767144785,0.02105011486896631,0.02724995508736435,0.09426481634964927,0.0048717552099060086,0.021363713589388635,0.011418043958757677,0.0816361368770136,0.04253434406991248,0.14693814806223893,0.020943527483342377,0.00852046989991429,0.28447336107742555,0.05623390062964385,0.007268751058327415,0.026267390106582574,0.00509522652336035,0.004767651770248762,0.008846715361623165,0.04433305823783293,0.011699408038993603,0.02509778418611084,0.1114627529282254,0.0,0.0,0.0,0.0,0.0,0.012757338615169247,0.0,0.010799795115269854,0.019543696051602853,0.005104430765784985,0.22003767944930905,0.022443882559499254,0.04016016810300462,0.01678322919915831,0.058226572736015544,0.008038308882171313,0.009096697466397793,0.023882130170113043,0.22181475617291316,0.23270235780525786,0.0789944105081062,0.10849712975410736,0.043183185581456646,0.06813168531414797,0.021233264290031046,0.13137700467300864,0.15001535203351846,0.03871198353852863,0.009951364903662337,0.07217466786951489,0.01060473215680175,0.0,0.0,0.0,0.0,0.06746172427290072,0.00704311916777229,0.15483324633013623,0.2663307868622707,0.019596192517950993,0.03513460594746996,0.0,0.006305171243444097,0.0,0.020757437435699896,0.017983882550033154,0.029863591800772908,0.0674056547682987,0.004213314375972468,0.00987455051241152,0.03304301733705203,0.0648472766144951,0.17085213306228675
436,0.1260758485288766,0.05045052320862166,0.10258935516315022,0.016585287993389153,0.04341217651595777,0.04551971409835217,0.11221150721849459,0.012412664049412298,0.12909832804323731,0.03737486494591295,0.04125963653154093,0.12079549452654587,0.0739139093454572,0.08672765126656767,0.02982168380674094,0.01194424683471584,0.11660107223518781,0.281958459397557,0.021389931154868425,0.03774134947559399,0.2207396397098054,0.0,0.2010970715909818,0.18009350973964705,0.20371055139222402,0.011889787819506115,0.036497257951252145,0.02723761509679587,0.17221824107816958,0.005181220736871723,0.05627205600053038,0.14502465280311203,0.14514025397384453,0.15100837642887174,0.1429217949270681,0.1263529634383458,0.047153831709709125,0.09452724818379112,0.08257974650835798,0.10154825364044294,0.20690514779499486,0.14913985696533888,0.29988367518207487,0.22877224226868317,0.13181745420081312,0.1182168293916909,0.08694636321417938,0.21428577490190118,0.2889358424022663,0.05114521390763614,0.0015467064037546611,0.01018147315419101,0.0025942988869071333,0.011120007767198781,0.01216997554287257,0.0,0.007483373077060158,0.015094929998409215,0.003727548427165134,0.0,0.016406169835121626,0.0,0.028574036602254303,0.0,0.014901766548679935,0.013383812910525287,0.01714666191653137,0.018004712537780524,0.0025376665020269825,0.0,0.0032109528655361865,0.06319635619333383,0.0,0.0,0.011003463497350704,0.0,0.0,0.0,0.0,0.00597556849813266,0.009227783099673977,0.04887086195300223,0.0216064854017184,0.007127531324570202,0.004272313970231273,0.0,0.05389590702757058,0.04291056155497691,0.06492182320470691,0.0,0.006298640116443803,0.054821223566121735,0.12947826198143808,0.21127014800877156,0.14210765819248922,0.2199300692796567,0.026383447482710307,0.045587062800672415,0.9999999999999996,0.12649406151766748,0.2207492324768961,0.014367465577751884,0.0,0.0016850554644439024,0.0,0.005783220048542179,0.0,0.022561920885467792,0.01743343972041974,0.05891106154551445,0.008018354898515814,0.017955549891547733,0.04928953313127366,0.007148000244279207,0.05690285302290781,0.10933215990174518,0.15124610183552561,0.011988286062699343,0.0,0.013416267076055328,0.01883048812948157,0.0,0.15058778302148823,0.029315947686643425,0.010780111054294918,0.028146836145583467,0.02638681852785168,0.022291175804620332,0.003481360555742559,0.009329227326228408,0.01897141099145662,0.0,0.15840748776991567,0.15616143943254066,0.2547442500897569,0.13413879676142573,0.06984885282523542,0.007701099119811239,0.022324594402239568,0.017641705261488203,0.0022490584862265486,0.030501904656230944,0.0,0.0029958818764796048,0.09391368429568607,0.0034063470658899377,0.02988572894750529,0.028224434212755244,0.016551026084911664,0.04921974538137084,0.10738597698534898,0.24447767551805039,0.12523565656463362,0.0763836581950827,0.059019713185928885,0.11550413611466438,0.060154306820077275,0.0,0.05933550413896208,0.01405724229402451,0.013617330217140455,0.08181559456100011,0.31538837324099217,0.16384812637878118,0.28314375063395664,0.13531222219999361,0.05136742218992048,0.003885703179505273,0.0,0.0,0.07976064754613842,0.07174274836502215,0.04140709654170032,0.006993531303777157,0.019821500540808102,0.09897312352882828,0.014927948450054563,0.12042426998366888,0.016857286696551406,0.2578864265775851,0.04181102212479295,0.0033948193662140737,0.004023942611928544,0.003971221939416551,0.10400172190882533,0.06489312830020162,0.14957843132337334,0.08230248607770815,0.021355487833179535,0.02588645509078431,0.16544800084931163,0.1861815215176555,0.008203328635689238,0.18941717544815614,0.00515859953901799,0.0337240351668082,0.015737022271991467,0.05002513731304934,0.023463944645148664,0.024626039369815847,0.06448191313400552,0.0501963223070009,0.07543963023332098,0.026415023896903454,0.06272157249923781,0.10125235012179146,0.06055096261770363,0.17404367383126243,0.00622839714482269,0.019502219195416826,0.14691831773431632,0.02095314252788896,0.02112528054382437,0.015462466934485086,0.030613597043052304,0.030381879633624192,0.0799632263564117,0.019799444822218303,0.0924415000092986,0.03945948328499098
439,0.047139663700784276,0.001837614521904432,0.040128135004168286,0.01981966354446844,0.06412266729694661,0.0,0.019137952168489465,0.0,0.20334792139477556,0.049242345884711665,0.018919418700571636,0.027586130831720027,0.07852448501113911,0.059426089704028386,0.04737938496098063,0.09178221227695456,0.059098487712565026,0.23467794088119856,0.0,0.03425258561499166,0.0785445705606082,0.003234018757008227,0.09284777170356613,0.046323562007259296,0.12058914507047118,0.024151149051208343,0.09098063289100887,0.026949704374673013,0.1454504916817377,0.018840435693959486,0.16182730373394916,0.08619300499438391,0.17246021897090286,0.07071481242583293,0.06269658977491432,0.31796818840786356,0.03374722140094928,0.07635405428032138,0.09792344608350845,0.14543033425749902,0.09777739052501717,0.26623662789877056,0.22273652791763043,0.31618895434424416,0.18232759600710888,0.2161917363448486,0.0683077883069321,0.03761206984724915,0.08025563584957623,0.02924174007443877,0.009107099291873918,0.019791116310722383,0.0041814635217268135,0.031121093906252298,0.04279566778749061,0.004866712972375799,0.010683246570100335,0.017641186269497604,0.005324363358839407,0.0,0.04066335612123022,0.0,0.11734587420715731,0.0,0.050901833393796544,0.012388017809399231,0.018822647212614396,0.04029528475860036,0.003320254688786952,0.004831714373198248,0.0,0.09047114376802161,0.0,0.005713587814778881,0.018440723237890016,0.011554011362058383,0.027409799338563058,0.004242200791719542,0.013851457100068862,0.01746424544344502,0.016437530844742997,0.011093539903877727,0.050950036179956026,0.0034332841703783898,0.015394346303137664,0.003558485912983922,0.09173302423500125,0.04203050197536636,0.02221857723289999,0.0,0.024588363647551074,0.08182517020302335,0.10843337065817335,0.4050778262248549,0.11140812790707838,0.14935420862903,0.08545825285652096,0.06517880255447009,0.12649406151766748,1.0000000000000004,0.10254488867577496,0.027878376737161797,0.008186304604575078,0.009252753893066077,0.033353009833314566,0.024418426939003268,0.003591025830007342,0.0180694749908009,0.014595481220354827,0.03499672428921399,0.005851540343468571,0.0,0.08760445041080879,0.029621658252719257,0.04221206097234688,0.051451370892674535,0.0558935403040892,0.0038397920268538935,0.0,0.022121974073585498,0.033636587678927785,0.009109982307091362,0.19661080871866524,0.02230146044530056,0.04396046379889222,0.09004720630075706,0.09218402543132756,0.06586758163245579,0.003437226966548706,0.011352132762038041,0.059098153347000214,0.010906059606082735,0.07688006600665137,0.0582694346683827,0.08391382901432114,0.14794462152036397,0.1603711365525381,0.032490626086808895,0.03820067108286494,0.02746016104895328,0.0038441585890597587,0.08192121354061006,0.002825632562989034,0.014116163007832274,0.05095942849032752,0.022499830921840106,0.033766253293828666,0.049931198973422984,0.010991736711346761,0.08772600982210035,0.048210055579793555,0.1285807482014801,0.041848063006622666,0.08157659663192454,0.07690233829252255,0.0270104753149298,0.011624873804911649,0.003693760654507255,0.004099353197069502,0.006299074908683951,0.004188861228837039,0.008161339544621974,0.0328406957427261,0.05127328486601347,0.020951891008773274,0.042288669827304524,0.18833010350424834,0.008785054938742685,0.0039527756842434765,0.005180520655253945,0.04781877466823979,0.025266793336930087,0.05606288247735354,0.011185893243866797,0.023642121616215022,0.03471857576251936,0.015251398922090336,0.07098742362707502,0.01509289220845383,0.11404410057810933,0.0,0.0,0.015009327064504824,0.024774642740321547,0.06499520693185712,0.21473947612506028,0.18685428095007192,0.08777549551895472,0.005933396537669947,0.024037232569355967,0.10212062899869265,0.013147540406526215,0.04369830115676033,0.11837195094301035,0.06044901898428708,0.09425648424238722,0.08394098674779028,0.04574981573926715,0.020158842029578634,0.03962350473766835,0.007419876129288756,0.0032472913183422907,0.08938182380912746,0.062394247908278064,0.08981126813755139,0.14468286546625198,0.05487652541625118,0.05624902402704728,0.0,0.036433515854966896,0.0727430365898306,0.04148051524552912,0.03296154476691889,0.04478481210874368,0.017809390818508325,0.02204352610587261,0.06907178366825426,0.016669408502075288,0.11008844491674077,0.17336355597229797
441,0.05366711433364476,0.11648212008135676,0.1592324527324863,0.020943061332961387,0.07765132898234832,0.05745437130701016,0.34941988879619484,0.037554086225110236,0.10472494277925362,0.032033575778848015,0.05281919851259838,0.2418764365948441,0.1424673366377675,0.1033360119348486,0.026508092203308267,0.0,0.04242748989848993,0.24905174628225768,0.028801398577998204,0.040154134248298876,0.36945871737359953,0.0031856345391651545,0.10797907116588959,0.16645027433351153,0.20838372427690027,0.004178326176568261,0.05362181504207983,0.07467860149249346,0.1596023332356246,0.017432666861241633,0.10583549289016297,0.05462237376182402,0.197059304908745,0.21776909655844265,0.05744491958302856,0.2228469096364958,0.003659341726496488,0.1361514570607999,0.05087311555509451,0.11273041330842083,0.07285521263581778,0.2997216774351408,0.12871312734618828,0.17267308976707596,0.16652678692813366,0.1717037100347966,0.062301323360480616,0.1207590325187245,0.22588692308635705,0.10442324721601977,0.0037522401156884397,0.003270021022304743,0.0,0.011829604980248199,0.004828130528116568,0.0,0.004250359339318083,0.0037709598001468172,0.00532457246309273,0.0,0.024306727480275653,0.027568612725422124,0.055858402666251056,0.002410514796511884,0.01142651912200799,0.004043962372479403,0.012800534448469146,0.009739008411989873,0.006447005950234472,0.0,0.0,0.02348182483489524,0.0,0.0,0.0,0.0,0.0,0.0,0.0,0.0,0.01413103973341006,0.017539301031621907,0.025420842013720354,0.0,0.0,0.0,0.0042821634805771305,0.030412229153666967,0.012223265183795868,0.0,0.009040731823926448,0.0728710199297058,0.14433519736019793,0.22235965556627674,0.16041322805036948,0.3883847334091471,0.09363791232567409,0.1693322447175033,0.2207492324768961,0.10254488867577496,1.0,0.002939862795250134,0.0050451195111848824,0.0,0.0,0.0034582357970277732,0.0,0.02257707832974671,0.0,0.03232996442947343,0.011240191364157989,0.014814319158611186,0.022635590795953536,0.0,0.006766424257811586,0.14275121849211478,0.011786351407910279,0.0028352301914798964,0.0,0.0,0.043057997307390884,0.0,0.18954486949372945,0.0,0.006556187968571564,0.015112363890096708,0.017222954773496186,0.005146153153868109,0.0,0.020564774640300095,0.02556842325199077,0.02395745147067739,0.08865048364327913,0.29508348187557787,0.053718554759867365,0.11177563132965117,0.1091857121783312,0.006770450987152819,0.00841594508583731,0.004058641448026047,0.0,0.018319924467827854,0.0,0.0,0.05705677992382815,0.010232540714077278,0.0023454922111878604,0.14075952865971084,0.005386855094230916,0.0509753766967759,0.05513558137146833,0.11829677972492307,0.12498626977747883,0.12990541400680175,0.047929054699413956,0.05764865672415011,0.11802247538595402,0.008515492826728525,0.019827872705107157,0.0,0.022687565157809276,0.016679135477944623,0.07474504287024727,0.13786963059147794,0.18546359595192624,0.1693318234311792,0.07782908601470093,0.0,0.0,0.0,0.0211837590046468,0.014584321694176566,0.015898270576474548,0.009572503463571316,0.022394938708115705,0.058052732292067026,0.004559407614003299,0.14702253832999237,0.018482039438320413,0.07642312857343421,0.09203480432519408,0.019032031247025388,0.0,0.0,0.021229138412089094,0.12900284748458815,0.1934301541704866,0.06439743693034394,0.09552717927463288,0.03140384760481552,0.04064449255691707,0.03626445240596527,0.0,0.12910286349434894,0.016501488725717686,0.06222411025906615,0.010073676144762393,0.04282184723705599,0.015387133911548851,0.018918841041558953,0.028893568554286115,0.005663133399406996,0.0589167953889083,0.01459821922134979,0.13707707234217817,0.13934061027054265,0.062071174103495344,0.0945106352280203,0.0,0.030652738939442536,0.1857521300568681,0.006884573698289369,0.006022475705778333,0.013466190792964522,0.0439123467079585,0.0028313240473158024,0.022291776626478032,0.008052226474088904,0.07189856367406612,0.04264556065222927
455,0.03544246459536891,0.0257424161449146,0.0,0.12749115967468416,0.01271881385346061,0.0037045232066524143,0.003139210499482109,0.0,0.05043833797157704,0.19010336462495195,0.011488015802472148,0.01083124372895504,0.005476917511495362,0.015179291670503695,0.18488131195026386,0.06433354531181022,0.0,0.004883048139237858,0.0889235117034136,0.17667070048732714,0.009170294228951138,0.14683104030098387,0.0061738540297704625,0.030223977519716047,0.03067014049636961,0.0,0.0336449929151372,0.031940809459853864,0.04827308105108764,0.019548072792831897,0.030902230238967505,0.016056239146386403,0.0035922877361603644,0.0063042721182536956,0.0,0.03806190072651085,0.03523584489971435,0.0034052567658941577,0.005289007782688888,0.011905110661154813,0.030156889693675616,0.004997622331971448,0.006398912686138319,0.0363246749423288,0.022186926002210117,0.028893954281581147,0.06203522547260389,0.008767744321780143,0.025664615928547317,0.0,0.2039507817559145,0.0810701902528656,0.11681532292962082,0.1742731224860596,0.2725474185446508,0.1481780596178586,0.16259311699879117,0.1961447889713104,0.12269842589466085,0.13190313682083268,0.1985814109882663,0.2208001769168872,0.06651124038101973,0.16853093434030242,0.15157135289685927,0.10230270751450525,0.1628209398553138,0.15107511982662714,0.13571889091388814,0.08057562523183272,0.09272971438351646,0.08402372867412639,0.08486923058764977,0.16461166021574672,0.16780401430830505,0.11507052246755355,0.04046159995640804,0.16747024829831234,0.19000669186516556,0.1007222117922649,0.2734550275906381,0.0752780185630239,0.16405702262394362,0.08343875714235154,0.2529066801204887,0.08363654391326047,0.017309085523688747,0.10744805330980352,0.12589219571519045,0.09718550623039862,0.020710567632899024,0.01885213004631553,0.0017160131127814053,0.01639671097958594,0.007760025282744183,0.007912568767229521,0.0,0.011753328802880336,0.014367465577751884,0.027878376737161797,0.002939862795250134,0.9999999999999999,0.09597657374528566,0.13073437133366475,0.1221317161084864,0.12938685482694204,0.15963334912029692,0.07835734508542908,0.11866133517693894,0.03467247071082213,0.04710382230401493,0.031040789309285263,0.08253036842559527,0.0067987706835336194,0.004724111767961765,0.04688523479166845,0.013841773731992954,0.046160750346166915,0.10315986534068251,0.13743681438874217,0.0,0.08546005871219857,0.015400684968366362,0.04077572167819232,0.0038672791571889406,0.13600318540606285,0.04718571588629205,0.08471558983377316,0.09617048095925057,0.1280676351275541,0.056801086257021585,0.003776248618471142,0.0,0.01048554460066291,0.002252984585376709,0.0,0.0,0.13715528477935296,0.10045030788364073,0.07525446114178258,0.0630922856431724,0.04780288207379037,0.06338605336139766,0.03127201191864015,0.015633730828685157,0.02044483118756453,0.14761884370710307,0.0051725568232110246,0.03560370914688588,0.003952979602400146,0.001572621898439,0.0,0.0,0.003734913994930328,0.025197522407225045,0.006697756434373169,0.0035863923183155314,0.0037989229596499794,0.0,0.007431236316636978,0.0031178641409374003,0.0,0.006013647160929171,0.018036711566529084,0.0,0.004365679971662699,0.07388584589918433,0.15410090231391543,0.14372208783383572,0.1834765044076524,0.003546258120835845,0.0,0.0,0.03675909144666819,0.11873914657193227,0.01753846610076937,0.090886496915687,0.0,0.052707995797851556,0.013708621236560373,0.024265569533566667,0.025521947850457485,0.050415801758875826,0.032736661080012615,0.041502646485775924,0.024668664247451424,0.015505551592777316,0.02361408454013741,0.02431016190201614,0.018719563330982063,0.027227525764791923,0.002882268113092607,0.031660362349451236,0.004222341908420945,0.04566897201247225,0.08225505606848163,0.060286569611712956,0.03319241032476686,0.0,0.0,0.0,0.0,0.03508667011119742,0.039295733213445296,0.0,0.006623697002979238,0.022007715669426685,0.0,0.15725602157247753,0.04521135932325676,0.004130176366492238,0.03736690371193667,0.01325547738901825,0.03601643177116957,0.03464414611249647,0.006753601590956219,0.030332014517378634,0.039101123880324155,0.0032175421961155074,0.0629913467259674
458,0.014530543242928178,0.0,0.0,0.09917023345273754,0.0155098112230415,0.008952300196046922,0.0,0.0,0.02887940095732012,0.09992254954927847,0.0,0.0,0.0,0.012556393810440316,0.2751167855653488,0.045408048612410934,0.0,0.008383569083269402,0.02009589658890737,0.0936073208942016,0.003557883606776323,0.2762170797013844,0.0,0.0,0.006619007989950493,0.01890609774334031,0.01895313462883443,0.0035624904452158847,0.029211631443789236,0.10454731078999792,0.0,0.0051454648706851435,0.022197410672014507,0.0,0.0,0.018786940546388426,0.05112188185514209,0.015661541796335932,0.0,0.003171954791461309,0.028532327256944507,0.0,0.0,0.019389861378762755,0.026771653433726204,0.017799954350223336,0.06301118663254969,0.0,0.033658598070775814,0.0,0.12780681528158525,0.04608061850482601,0.037606997816191576,0.31503643479881466,0.265408414129734,0.15473082932788856,0.16602813911263092,0.23242083804004182,0.1530029319528319,0.08651513148363141,0.23395978532195097,0.04228659984078326,0.10907547295377909,0.16491590784889462,0.3648412177449747,0.11943161779802959,0.20316647307401814,0.29003135384420836,0.07717652568230847,0.07920803728206084,0.10513624928906275,0.05528432067895539,0.09205609958515873,0.10761803420202207,0.14776545010410044,0.35173122703413834,0.15482168734987503,0.29507645274053285,0.3262545141992432,0.24703119392463918,0.12091150420626895,0.06015816747723132,0.2767145189957195,0.33670061018632325,0.1632625833212445,0.14169216320915856,0.02315378506279741,0.09947021001963716,0.05050792128978443,0.142626555611274,0.036617316975447976,0.022366139691480866,0.004273140240826778,0.020798433764737317,0.02075755320820429,0.0,0.02038489299528413,0.020222850086019567,0.0,0.008186304604575078,0.0050451195111848824,0.09597657374528566,1.0,0.41944965024407227,0.2527780469951407,0.38930858878538294,0.16416826637061152,0.13903823398811352,0.11501120192543297,0.06897053157662753,0.005232105601271689,0.008334154940546254,0.15739426149927707,0.008598788500941153,0.022515310875505942,0.0,0.0,0.029833765265411077,0.07604055993110627,0.10234953528571818,0.05221089505347692,0.2125178720422768,0.017392885845009268,0.02752691282569998,0.0058570740370820105,0.07818417175287086,0.0636938624608366,0.06308224426008192,0.1479539027307027,0.16989922764905976,0.016856246396771885,0.06066344549018544,0.0,0.002185589217457941,0.013664554333942647,0.0,0.0,0.14590219031516247,0.2236010596563149,0.13530192897148738,0.3164368655135964,0.043587788815874835,0.36734751728471804,0.0718921363664952,0.09428765659720999,0.15701123318163107,0.21477898083171976,0.010474492714460647,0.1244747222827999,0.018279007083935678,0.003869690891492086,0.0,0.01587494510579968,0.008929978153406765,0.0,0.005748834287979277,0.02870767387071749,0.024698616129358204,0.0035960342246358925,0.003907769707517653,0.0,0.0,0.0,0.009293303509435072,0.006857936371586178,0.016945555850805833,0.07098702377392008,0.16153668832860588,0.21054193151014794,0.050849110804832176,0.0017893057858373446,0.0,0.0,0.004020107226502362,0.008709235784340737,0.009152701176424059,0.039089465897553216,0.0,0.03524185768602987,0.00877875349967877,0.0,0.16575426213490127,0.31279057645652286,0.158223792608866,0.013193205303211176,0.018927680022062132,0.02494077690987414,0.010048630777293763,0.0,0.007431977113371992,0.0,0.0,0.01644252909059044,0.01604760602119309,0.053953184038287604,0.007995925758706716,0.05660484183181234,0.0204356724998698,0.0,0.0,0.0,0.0,0.03332538539763739,0.01756046149657576,0.005982552388492239,0.03375397866970064,0.0,0.013393012923609605,0.1181648554101304,0.01596627575493517,0.018070172682685254,0.04766849542309549,0.018176621917269865,0.08303618471364124,0.04270002427395722,0.008894091898987452,0.011450667269908784,0.0350461584916161,0.00922625296313476,0.05815131441663531
461,0.019974153800786022,0.0,0.0049473615632289235,0.24763815255603516,0.030396235030043395,0.019451011979214165,0.0,0.0026245428292078956,0.10940050586471214,0.2387812148163981,0.0,0.004029469489572581,0.005993447134839236,0.023624164246713854,0.47216159181803447,0.10306638382031501,0.004474656208208701,0.01181352204898278,0.036970294013960237,0.1494994895147333,0.0068462208847279524,0.25180281822227313,0.005362820655655403,0.035643556434493844,0.03779997104935827,0.04927330353823989,0.03812755252485598,0.0065194547513434935,0.06681411332272687,0.23006393550776819,0.009896261142947607,0.03084959806184704,0.015707416564898033,0.007769097718468974,0.0,0.025565069391338437,0.07435250387088256,0.0023541320865743155,0.01107717784990013,0.022201175117007983,0.05037533923638151,0.0,0.003354916635887821,0.03899740542486644,0.06766588433964749,0.05771051533912251,0.11400149204298499,0.0016795951465945805,0.049297909340475295,0.0023381089713656387,0.2875607089691321,0.14984421580010787,0.07852420662789023,0.5165192589919619,0.5323336531274997,0.2574599009445651,0.4217694725604142,0.44304372369884937,0.37382492910441484,0.26886102377823573,0.3773109477569685,0.1401713119145268,0.25506403665317806,0.33150241913275064,0.5640405667094036,0.19423750772514464,0.4043930503681041,0.4035997247396852,0.21643261723493948,0.2319996195107258,0.21137672129716126,0.08613320246900254,0.1484883019804481,0.4207213706302295,0.2233605537071119,0.4512806792510377,0.2648410795616952,0.5657671530955354,0.24285082358414348,0.2749327603523117,0.13943724507146052,0.0951490953541223,0.4745381860339193,0.513635160624616,0.3681459749713386,0.32619119193027885,0.01581415989564164,0.15119113080708207,0.14600931603650433,0.31108030822014243,0.05998907890658679,0.029768683892000835,0.00557211053433581,0.010117831357630322,0.02492280961723203,0.0,0.06527283286171598,0.01594532488564583,0.0016850554644439024,0.009252753893066077,0.0,0.13073437133366475,0.41944965024407227,0.9999999999999999,0.3357224155051935,0.6058938507068047,0.1813747431359667,0.18376904598376162,0.12704861291216019,0.12941446251344757,0.019111020869112077,0.00847682396946982,0.3336221992617407,0.009308380018459544,0.019234929285340048,0.010659090362530186,0.003921345517516915,0.06839695276424479,0.3659527320030105,0.19813317555502474,0.08746696091690415,0.35865057478882906,0.028483426197972887,0.07739046698940039,0.028643880351723505,0.1514103381749954,0.10361131439009351,0.1983963683398502,0.2787362212302307,0.3176986524843876,0.10996265489153853,0.1344745168406009,0.008532112131276592,0.006664804945522913,0.005927943035867169,0.0018615956003070967,0.0022071209171860002,0.25308295024281435,0.37920394051500467,0.2927206526234359,0.5213111665835208,0.06980419066429719,0.5797355426797393,0.11734478403213423,0.12617371903275537,0.1595370353966647,0.39116320736766935,0.019062722527002713,0.2763136023045429,0.01961756915444983,0.0073005339260746585,0.002464759336840743,0.006342923387132047,0.0,0.014474577731441764,0.04371980063917973,0.030647681105097063,0.010688693725728664,0.002518859557879706,0.017915995974605848,0.0,0.0,0.0,0.0,0.007558830031450319,0.012715622370806163,0.1315775476421038,0.2293808491840648,0.43009040586376796,0.11377033693277115,0.004088905470345733,0.0,0.01294624601124113,0.030273016787605557,0.04791758629316657,0.03498625513421694,0.1380653783778386,0.006643968136608808,0.14456876933865642,0.021035994655901093,0.001986330646245191,0.22240143459233871,0.24356402681339903,0.23050073940047963,0.009872072966479033,0.05106602046252625,0.014095450268918284,0.04151081054134744,0.0,0.01861840391004664,0.01836662776664552,0.0,0.03975755880689403,0.023312971731380295,0.1194464990566879,0.042650857329725345,0.13641594362811735,0.03518482043811736,0.0,0.0,0.0030323057491244603,0.0,0.03802164375952441,0.08481126364442619,0.027505455772582104,0.06728911610409452,0.010606504618582733,0.009228791552077828,0.2829133230804092,0.03313816250614384,0.013862878074210666,0.06931497581981266,0.02823190664477916,0.15872778200661258,0.07193924543456262,0.010312286566747339,0.015282344360986007,0.09515374523148078,0.034444373994832876,0.07285703174223056
464,0.046899387777945445,0.0,0.006704671733784358,0.14169316324577758,0.03646528869409952,0.010795654742240897,0.0,0.0,0.10797646767632885,0.13523163331410035,0.004779500717577878,0.0024931143655158926,0.00367874734586465,0.012971176471241293,0.3980021002423662,0.0792751002184582,0.0,0.011329951619309643,0.027788306301032625,0.09594591374581257,0.010257039993316598,0.1826281849434918,0.006024626932024468,0.037253733539949194,0.02561622988451551,0.015424448151437762,0.031445736131544715,0.0032230872677800047,0.07420868480321512,0.16542838624578488,0.027004513607094792,0.05165917339720137,0.028457331035204335,0.006562708188934745,0.0,0.0566012171306681,0.13678978224790123,0.003918964084154674,0.0034293718228611565,0.010701753612781936,0.04778507635621195,0.0,0.0,0.07340127382578104,0.08052501844514816,0.05587496402125444,0.13095710042864847,0.005423947150592517,0.03560580191826812,0.0037202476023603616,0.10830351554957376,0.0334095069414682,0.01986468975971168,0.3696758099397494,0.3167195567270821,0.10624030867547453,0.23741995947319422,0.27614999927952866,0.1534400082680089,0.10800822886923035,0.23664610113062987,0.08577946154508478,0.17812435770706236,0.12095253699126131,0.42441895865992935,0.07695558083843636,0.2446381439076637,0.3737032604564513,0.10234351645355427,0.09184626359454115,0.15200640173029306,0.060769902369035025,0.10808615117411095,0.18413495959606885,0.13036597501161795,0.17100444374753052,0.36289940584871727,0.27575629115754824,0.1663371575447482,0.284952261510091,0.22551920944796178,0.12106114465075203,0.3245670123230361,0.2483703910214178,0.21355457183896173,0.18677308919690744,0.05243920661048318,0.15451743976123802,0.13534331418619255,0.2150797742567144,0.12738735123886955,0.09315305641397158,0.0,0.030020553516790546,0.02245731624647537,0.006658675422686529,0.09936552017089316,0.006722555703437699,0.0,0.033353009833314566,0.0,0.1221317161084864,0.2527780469951407,0.3357224155051935,0.9999999999999999,0.4832590249648892,0.08500488042704929,0.16073922779330618,0.1404787388682628,0.1363482251237755,0.052730935827238715,0.04299307459635386,0.29971869686251673,0.055691544470589764,0.030984084833480946,0.01640746180371011,0.023248242786504142,0.05108946032413361,0.14684375694575336,0.10661850432405541,0.12718860391606948,0.25763815592153827,0.04164538657499594,0.07881090601366522,0.11141134318523649,0.14170945346171493,0.13142733469811224,0.12839604740597976,0.17059383159453073,0.25251147116261924,0.1596309137231198,0.13952464622177427,0.0,0.005347291192879006,0.01860766418581698,0.0,0.00603296935786973,0.17430140800127267,0.34124029138969936,0.20930076307482548,0.19778989355277207,0.06960938137584938,0.2960906920372509,0.22941695117315516,0.11485643476836303,0.18807966402259713,0.27326150569907387,0.04957582943705125,0.3243720911030694,0.037657004119019434,0.00723059863225778,0.0036758914774635723,0.004258890993792686,0.01297927886791441,0.003924201485229312,0.006143196654728531,0.015317019434899604,0.19077818874692876,0.042721364303860074,0.14652127307845544,0.0,0.007810103910335335,0.0038220945690210883,0.005097207108949604,0.004648684597400408,0.0,0.10101068349146526,0.22197675834860506,0.1204856594318684,0.03157601059910488,0.004269982433857172,0.0029516400314632185,0.005792987708711757,0.015414103810475711,0.03784952575938199,0.014171809401695679,0.06663594892207705,0.006087025836004626,0.08092613895226014,0.029009205383238135,0.0,0.24063333421821542,0.23095577442762533,0.24542060556746703,0.09848905212929725,0.03315809380179822,0.030752436938835486,0.00243995981926308,0.00594999800968964,0.021943585329037542,0.013064840183781061,0.0070296308019937625,0.08604696161175261,0.004973093742983443,0.09554083246600523,0.028592639956213993,0.14415532367023337,0.04157616620765656,0.005092491681705304,0.0,0.004269534764420638,0.0,0.024618608575182103,0.06295569761285931,0.08067381664624022,0.053234155588216946,0.013363212328805076,0.020846990083639282,0.1257418886764648,0.024088855234538388,0.03745144692385194,0.08568810335124014,0.07242640321256189,0.11907932653375451,0.07610610093859359,0.0037019119129404667,0.0039222417342609835,0.07681478272750379,0.01950697899775326,0.08919664453441406
466,0.05977239810292484,0.002952501394652255,0.003418765773962575,0.4015610175167468,0.045334385466948054,0.05236759600425148,0.010418535984156003,0.005825681526923405,0.10383658722791217,0.36794113344262236,0.014680608513459476,0.018535059450205532,0.0022226411381384083,0.030063900569852905,0.6343239753658156,0.18392228434479618,0.0,0.01843665403302854,0.09062990416396997,0.19004603551448004,0.018374147038521707,0.309405834497186,0.006041188141523834,0.02596585387484502,0.032150698363325216,0.027439942824816,0.03417116106988104,0.015330157594363538,0.06998188512380121,0.2134127933821964,0.009940706789016573,0.03425503216325988,0.03380365702365021,0.009190251578991279,0.0024007208950735503,0.044516777973451854,0.11395718146544041,0.009769950767123827,0.003991873391526214,0.02015019877812638,0.04743891890414502,0.004908836014249858,0.0022542718280398567,0.049161687786909096,0.09869741662746075,0.07114196986427886,0.1376384008938614,0.008368804144947683,0.0560177386082833,0.009055257451095897,0.3050131942297781,0.15596174157866138,0.17573066336973422,0.659867114243175,0.6175560233429539,0.3092081737061581,0.4061958032596548,0.5529918141563924,0.3500285638509074,0.3057347247187979,0.47477520778570614,0.22173429312022017,0.33608989249303717,0.4186059933865906,0.7070411935047372,0.23020514655555635,0.48401023646297997,0.5644622159601734,0.3097142632863796,0.2506306772072695,0.30184574194883884,0.09280874484392362,0.2483272095614891,0.3810095644595184,0.2883641676115402,0.22304245455407026,0.2761946240498976,0.45712682200714977,0.28854566541719323,0.40595340037893163,0.28918460032949145,0.16007237733812255,0.5115974209774796,0.4331552651101033,0.42260164682050044,0.4539367499780125,0.025021648187945895,0.1690760049892747,0.20351668068110318,0.3589632173780943,0.0822803228719643,0.06424306165556352,0.008062135776878903,0.021875087470541406,0.040982294851134915,0.011683504013547239,0.13313743558506896,0.011125072863789252,0.005783220048542179,0.024418426939003268,0.0034582357970277732,0.12938685482694204,0.38930858878538294,0.6058938507068047,0.4832590249648892,1.0,0.23739620458139948,0.2743987938226095,0.13854398486341749,0.15768430511146903,0.03930502618168687,0.042735904279043245,0.34137072610847097,0.05561328637392072,0.05332854873109996,0.02106236928517151,0.012144813386225327,0.09961622018453002,0.31330115195074176,0.2934480225845986,0.21496625705725175,0.4737448339949785,0.041551344399724986,0.09444487822297119,0.05032707002893107,0.17409955065314678,0.09948497791527959,0.19690410620312074,0.3778507631388246,0.4145311747921677,0.1866673694342729,0.23340123072249036,0.006984952531061423,0.01034677949707897,0.01131932369252185,0.012217390500694564,0.011257038085110426,0.23606281327609774,0.43288619003608236,0.27483223931533485,0.3264026615693104,0.05111635749720936,0.5336808413008711,0.13693010460304908,0.17746945648903162,0.21326493695345747,0.5027746612770353,0.05084559809158874,0.3303004417373896,0.03588130664426212,0.0195072892382959,0.004728609765816097,0.003974025213439247,0.0,0.02239410999250472,0.025252241937882194,0.022330463401803124,0.0735819259101381,0.020023375790962996,0.05023926800038526,0.0135093071927927,0.010491236186581373,0.003696880679473526,0.008821322637795524,0.01276318824264089,0.01219991219224037,0.17350299035524577,0.2719647604997877,0.25291005292709,0.16133042554113508,0.008743439050499091,0.01194630240605316,0.0,0.05025473288104432,0.04192680402353552,0.03618342451049097,0.08586481703787757,0.0,0.21320285930994518,0.03284114833550794,0.018955587417880688,0.38478201640843657,0.3459098128807332,0.16592485372199667,0.053882530563894915,0.03261423369780401,0.01819610091105742,0.0651238308211495,0.018802326784396424,0.03196992251900771,0.010332978425279247,0.0,0.053596583202160514,0.014272259480035018,0.15122415277558598,0.04567613918345996,0.13307950801832563,0.03889799688232325,0.008233791444401272,0.0024537846294428087,0.009167501358077623,0.01179287956327044,0.04782835958758552,0.08420931815147471,0.035138988535993315,0.07662039675054268,0.020453442931475267,0.015796124423616532,0.18587881348329555,0.04590225523830348,0.036475756429610956,0.1261992751285233,0.0566366155101444,0.2103987307357084,0.1943891696123576,0.0069118814966367004,0.010575922942085359,0.23699064890576102,0.03992252968643516,0.10159972505901797
468,0.01985693613562302,0.01566279978294043,0.0,0.13299679350973587,0.015028682655881916,0.0,0.0,0.0,0.055225073381250704,0.13745069565456547,0.01257128700944706,0.014945102340129572,0.018649240158249085,0.009325670173369641,0.23933133695288847,0.04384720733030666,0.0,0.01431502542933943,0.06264752742874005,0.21878389256193412,0.0026650974781503092,0.22654804374431312,0.002438947782818317,0.020507194877355597,0.01282026361642722,0.005957354162490692,0.015075924779213188,0.010347883189067143,0.03671537504377308,0.0898593061754083,0.0,0.007315748520574428,0.020990459601935248,0.0,0.0,0.007176820353221734,0.008415962391398281,0.0,0.0,0.0,0.02820722223497526,0.0,0.009321989631353124,0.01440700094670869,0.04572551420957727,0.03242533945285221,0.05643091496567226,0.013349665889617144,0.021134566759664835,0.0,0.2996777472672968,0.04898645739788011,0.17464554880499436,0.35127036418259217,0.27458523986474126,0.14277055335773667,0.1383280500969694,0.23619589751598136,0.09268319448999908,0.19187726570819386,0.3547136106628478,0.06261137950722896,0.08039249681448245,0.2356118564348826,0.21985414059415084,0.27454758757711617,0.16913578710680058,0.3125032328406668,0.10950537074208667,0.07670909787741033,0.29303575411654675,0.0325433431010313,0.27912294684434036,0.10782764702230757,0.17711288142031315,0.11074358952229685,0.07437180622250082,0.10901439390545366,0.4955161357194414,0.23183826947777372,0.24630986108610514,0.2636005927942433,0.15499973436635958,0.11302706278451564,0.25456375153151717,0.14956883914131136,0.0062169633474474335,0.09398829267831015,0.05902512753572182,0.08192097197399713,0.015501110782304865,0.003383072716008684,0.005965116002442787,0.0028027341301918632,0.0,0.0,0.0059551556477099,0.00645329455878502,0.0,0.003591025830007342,0.0,0.15963334912029692,0.16416826637061152,0.1813747431359667,0.08500488042704929,0.23739620458139948,1.0,0.1955050165397678,0.1000456280555638,0.05215455466772883,0.017223944729321997,0.006022967454537334,0.06180371908812379,0.020837437777253567,0.0051811004659582105,0.017128853140928175,0.013232848259951732,0.009410961366948408,0.10284364009234123,0.09717400126331487,0.012806829307474581,0.09373108487491197,0.01082697508657413,0.006478817492484725,0.008550772418839668,0.18711603417806294,0.03556051231785965,0.1232033214339941,0.19845379754374007,0.13847358547535163,0.04808955196005272,0.04741244122236482,0.0,0.009826064944035708,0.0063989099033538825,0.0,0.0,0.03663575022803209,0.07657254153991397,0.031046279652752418,0.09853342213788785,0.038982897259584925,0.1613143065719863,0.014051562007810405,0.019936620969710085,0.07745840253941269,0.19654404617923008,0.008499490918328665,0.03588890405799513,0.009296894026102221,0.009921060756105876,0.0,0.0098765078429899,0.006769267074646488,0.0,0.003496357193496374,0.01515700824342912,0.004746484305502314,0.013632703482033274,0.0,0.004652435860595112,0.0,0.0,0.0,0.0,0.0,0.09447723126505081,0.24187642046130708,0.046474316578965,0.2927068932708349,0.0,0.0,0.0,0.0,0.012657074763720997,0.012094454223362219,0.055987730671310215,0.018361633921700076,0.04730262846986122,0.009700253447534649,0.0075657645983450966,0.19702348819598292,0.28719186687049575,0.013248142841009175,0.03492790275810638,0.005447020936963279,0.015000781140204608,0.013497976177266167,0.0058191376504130735,0.017357788771835404,0.004592024956271703,0.0,0.0,0.0,0.033837303958391865,0.017735191197590514,0.013707951610337306,0.01066610019259218,0.0,0.0,0.014755016161532832,0.0,0.01590432837675217,0.05354074440069537,0.00835138024422588,0.015790311730709754,0.011658900887848652,0.0026718828317830803,0.06863867862981682,0.007569992016354934,0.0,0.15904788469921272,0.031091055201793102,0.0772313279988539,0.07758875521044283,0.0,0.004856399971810243,0.06256205956281141,0.0,0.006046636457029185
475,0.10181125004918613,0.014415560969714695,0.018991953236985333,0.10315075102833464,0.05659710858996635,0.01760665173527716,0.010942439117730724,0.026105118644766043,0.11023648239083206,0.14020966932474138,0.06013176706503978,0.025221340122126283,0.013007996784945214,0.061938732305119246,0.2304185678779429,0.071658062455716,0.012190786518105986,0.05509014425166816,0.05303447328667805,0.15067164864477,0.021684340609769835,0.15388734061417528,0.02795336599715281,0.018180601191662763,0.035609754609414554,0.02969219269104916,0.04454947027307239,0.0241540144079228,0.08363014992190003,0.1303341183505968,0.005492577711823918,0.10655554949894941,0.040057453266555895,0.036313426578929615,0.01728402761991649,0.05419402276237808,0.07927475165290526,0.03495072058306231,0.02810667499585043,0.017231209792356567,0.07635997981802792,0.011347855394425786,0.02693136986260818,0.06596896635012842,0.08342136585392297,0.05885733673599609,0.19306713093312264,0.015027918699609996,0.12563983185616914,0.04457273944309523,0.11466931934624248,0.04317464352205659,0.05665466642330257,0.30487276040329403,0.2116057291138141,0.0817515032242272,0.147573480006065,0.20084029461503905,0.09085055956201511,0.15729730909194412,0.20243157567466094,0.10058393737704081,0.11387350734106233,0.16001298910284026,0.24208368526759239,0.12078394909397358,0.24420122666111652,0.2599245063383556,0.09446837027939697,0.05010440240584372,0.10914459002865441,0.04121696255550022,0.12534821091931495,0.09072995268225083,0.06670799639204822,0.09030434380974668,0.07321309548550058,0.10924482527194154,0.23022661838333608,0.2104026904480126,0.1514896569256471,0.3011023981237355,0.21737694916551864,0.11529337396827934,0.1645150250228217,0.1503144705217332,0.03270553074720006,0.22605266758764692,0.1205215536944444,0.11524784283478029,0.04281637487693794,0.1301334350356956,0.017707209658165295,0.015493670935944044,0.007600520168749266,0.019011494039477432,0.021798897226318198,0.027818748645311957,0.022561920885467792,0.0180694749908009,0.02257707832974671,0.07835734508542908,0.13903823398811352,0.18376904598376162,0.16073922779330618,0.2743987938226095,0.1955050165397678,0.9999999999999999,0.08387707331788258,0.09475850541643903,0.06327220343529708,0.0907213744120241,0.16199580612605255,0.08819070314378367,0.03627365414635662,0.03244618667688027,0.10350916873534803,0.07991025369489706,0.11256458326815472,0.11454104564959205,0.06297811538217007,0.09775097694323003,0.022398114453867142,0.07934396321838762,0.018783147478889144,0.09614487958633722,0.0670711842444091,0.07438342113233998,0.12369743437647497,0.12535446984619694,0.052926198321595695,0.05431856601117092,0.03582202887507445,0.033038302211449426,0.06928451251000102,0.008301932058955635,0.0027583875382419906,0.07114719145742118,0.10780256042961728,0.10204378455309282,0.09517889216267669,0.011575494162684823,0.13222586778398432,0.05795772265897298,0.06809049705391818,0.14904566495041507,0.20429648038611903,0.017762318539692352,0.09626692828992861,0.05339386805778917,0.09506767157796778,0.07402605197446593,0.049933431449103165,0.015998141013365927,0.05728042852624641,0.035557658416332294,0.07158037755920175,0.038034228659739634,0.06584845560379883,0.044616781248519206,0.014699812414573979,0.033725233180668425,0.022199366282650776,0.058676754389999364,0.03199809620700289,0.04264958334091517,0.08100938095341027,0.30093561112840395,0.06473046999670296,0.08060635846066795,0.03143571067721015,0.029270788932479443,0.011764365176166226,0.08280462047708592,0.0630613608926232,0.04501347782879651,0.07358390703079994,0.021352048094054447,0.06658733801545151,0.050837037263673154,0.023933009835448396,0.22853671851014065,0.14569766759850208,0.04968982489564006,0.13565375618340852,0.035600560559881485,0.049510825083468483,0.04478152403626836,0.03352184062640412,0.05543176291051012,0.022765077039345265,0.029373860379162585,0.078229871703245,0.02399654699620601,0.054485994373894585,0.02717957744604478,0.0582004910943336,0.06488430588206595,0.031125611216045058,0.0,0.027812872074731244,0.0,0.04767433773502548,0.05829373898760727,0.022087353357652887,0.04933357054642583,0.12777088050956678,0.033154895822048246,0.06144251612023673,0.013606894308416318,0.03067092945126219,0.3702462396321319,0.12838872794600964,0.10704305303431977,0.0642179834663169,0.00622685993914206,0.03270688682709591,0.049466746059435865,0.029133170201052064,0.018524819863102733
481,0.0663189734138333,0.0,0.0,0.038220557670881346,0.044701445154775823,0.0,0.0,0.0,0.09965686848543337,0.05160200648594289,0.04922188948199408,0.006131589653508035,0.004643116431214976,0.0,0.14998516117085467,0.012250391427225964,0.0,0.016754966906217653,0.021179931184478272,0.06646608176895002,0.03443567063032387,0.07456561374054989,0.013672573208357372,0.009570121873622594,0.04641001438442651,0.0134772129911654,0.05185536770373918,0.0,0.10303065819408014,0.05844328147694661,0.0,0.05097458914186415,0.0169134517136687,0.004706471382218632,0.0,0.048832490353639055,0.2788934363504591,0.0,0.0051845113681134114,0.004973985370718202,0.04011382488697847,0.003615262883807565,0.026627562438308244,0.06181721049118816,0.07078152570482216,0.12862747899083307,0.28151738405904053,0.013884082899145524,0.05580255831997988,0.0,0.06725216229215784,0.005246027253875233,0.009514925586069669,0.12426666634569491,0.12561101068020658,0.07411095064863508,0.1660910503172575,0.08852800307309809,0.059446712997754926,0.06598188517219723,0.11879019999155073,0.0,0.0705500110895371,0.07094442015173581,0.18222664306805442,0.06628241679570329,0.10849801636692531,0.10594883279468484,0.029320521019330588,0.01723578078767591,0.04397442052886938,0.06534440107386963,0.033851324194224486,0.11453510958044284,0.05642988037016036,0.12575155170553257,0.13234235940273192,0.1352077497224317,0.08266823924685472,0.0864802861395081,0.06917218363268757,0.03236104202029526,0.29548420948285326,0.13413469775720185,0.10189400047300441,0.0394366339655564,0.014034133531554653,0.2571857850987042,0.22993218007590105,0.04816910051747586,0.2672861144297845,0.1689110869364786,0.0035086574677767593,0.043329245934815214,0.009547625415824545,0.0,0.03645356084109179,0.015855629309791945,0.01743343972041974,0.014595481220354827,0.0,0.11866133517693894,0.11501120192543297,0.12704861291216019,0.1404787388682628,0.13854398486341749,0.1000456280555638,0.08387707331788258,0.9999999999999999,0.1942360461039692,0.17373676327731616,0.17965982666416233,0.28115768721913725,0.14502733824038472,0.13902503204993047,0.03373496133850909,0.03844764177519239,0.04631611894301478,0.04327629499056258,0.042849300163799675,0.022473579065847776,0.09147908050999082,0.06488292615058164,0.3117276502992654,0.16069238355244844,0.11892379885587956,0.3382703218384402,0.15419110244113257,0.024614956144780955,0.09263115056095124,0.03626279478192586,0.014703098147081083,0.0,0.0047672958257610224,0.02193284975991178,0.0,0.0,0.07708637860350988,0.13727569675879084,0.09382234184669172,0.10893716720367205,0.04740702925548681,0.08092647547992414,0.2602109738944522,0.03649745683371748,0.10058631918492432,0.07149987861104645,0.0,0.09174880599611102,0.01924244070691934,0.022158574599516673,0.0,0.009053663682958539,0.033224780984634564,0.006608486812303715,0.00399490589871784,0.010956778965507036,0.10935769979262057,0.09073066200731676,0.15479955133330695,0.0,0.0,0.015801906202258773,0.011446776768297355,0.008324724309587408,0.003408845341528434,0.06266646956098125,0.027271356956860976,0.041667014876032644,0.043497055149335835,0.020652043881115394,0.0034972612172686135,0.0,0.0358294048003093,0.07843394729655302,0.05721790438345941,0.18474857854232274,0.03019626069250817,0.0661102839649568,0.06422434265181143,0.0,0.03797974665740211,0.10607737654235476,0.30706411715673565,0.07409591086879187,0.12666162444582396,0.0322310174008433,0.0032946764126486473,0.0,0.03975303484003208,0.026571970423976576,0.0,0.22871040512334376,0.02821648260183312,0.10757382993891969,0.05298263797384732,0.269860528435911,0.024571864374117184,0.04431468010731199,0.005334062552004436,0.003925730127500485,0.009437510817998884,0.08308037940495348,0.10818611135309422,0.030312697186471976,0.05730149853706708,0.1041263041463947,0.0,0.052508061675578414,0.02384451691689781,0.03005997615679715,0.027051432639138152,0.1398231565335148,0.038375959890165776,0.008992899574733983,0.02014994733015566,0.011826935756525589,0.0,0.016282386975770117,0.014297914860931082
486,0.1961718930130778,0.027927762942181678,0.019001539657383167,0.07038169618462525,0.04264607764214379,0.01670421503068968,0.012716344931717999,0.03725768894692422,0.1549208819827638,0.08000662461217173,0.06530119887051672,0.09146794902988506,0.022122676469398708,0.025305647512160273,0.17881926565694975,0.05615820560470018,0.012205103418334301,0.0715512194971546,0.06756696729488523,0.08545414067096797,0.08974746945216558,0.06967058545942281,0.04341403995999432,0.0581458509189573,0.22246666047344962,0.06541189967292042,0.09056205644773721,0.057831038965313476,0.26158141127034906,0.14881962446572236,0.009586092884754201,0.10583023686920015,0.03703463252127504,0.02403742338725703,0.03888369522485213,0.10706956295975355,0.3343871347999738,0.04907772975148245,0.013315735377395598,0.0364120946850783,0.10660705114334544,0.05458865647396732,0.034614156511096346,0.07681857677778088,0.1372959820103605,0.21352599557946672,0.19028165129639366,0.11115517273450413,0.1306431199645419,0.03302693386651133,0.03861185993184563,0.044395614412028564,0.040060234777072344,0.1605233225596574,0.12418714805193365,0.044546776253957164,0.11059766697532321,0.11343808959228428,0.06051555676358935,0.058756597034333745,0.12603128471085434,0.008826794651897526,0.07711856684771791,0.056676751709636784,0.19749271343597286,0.04322164793099379,0.11027052819935883,0.13616287234290175,0.038056224744641994,0.03180355291112541,0.0477932245620669,0.07053351214243546,0.031459549731932754,0.0541004107445717,0.04371831032406292,0.07082862081026052,0.12712328071897694,0.08417252519300747,0.0427030611396269,0.09557380551319186,0.09289488401403548,0.07370886987618142,0.20411280111978244,0.09285313330747925,0.06653933559662642,0.05632518440020009,0.02586442793633375,0.3498640910089799,0.27434774193723493,0.034634857430606805,0.20336748751495903,0.16557445560415182,0.039097392909936905,0.07025908945419151,0.0380604742997902,0.03719651172964049,0.05033757918075575,0.05739442232683752,0.05891106154551445,0.03499672428921399,0.03232996442947343,0.03467247071082213,0.06897053157662753,0.12941446251344757,0.1363482251237755,0.15768430511146903,0.05215455466772883,0.09475850541643903,0.1942360461039692,0.9999999999999998,0.2151955510175949,0.20102447037631496,0.37338492987922306,0.2476628393250567,0.19491701236550132,0.08385565447977789,0.11930547756027973,0.15243782973663536,0.059422621125729005,0.049907203202390255,0.04461765792162105,0.05827008046454078,0.08914120364326693,0.24941377167051504,0.26176464592377574,0.12417816786632135,0.30471248255185923,0.07844602402879591,0.06547364852098154,0.16756869701672814,0.07747586854960156,0.047993425604718976,0.02340107552983762,0.04570640196106486,0.038115306782664574,0.01836798813114328,0.006286955722004846,0.05868694354471791,0.09553771897138585,0.21528460270234467,0.0694720134631151,0.03824948276333269,0.05292685926147011,0.12141207273954041,0.10322412940263284,0.053534101887900254,0.10007162317304566,0.0400011022069056,0.13427527887192903,0.051476284990325125,0.055039387015603014,0.03862868021051144,0.01279725723179073,0.05420198573365572,0.020730876523569735,0.01394573695415818,0.04185126133012128,0.1727491306757597,0.1483476653221823,0.10964090888606881,0.005188700606077736,0.007795015881788789,0.013339403603333735,0.01769488047833272,0.010824859104505605,0.0061720555722289995,0.06525649092508877,0.12926904902641248,0.02270264423782776,0.033377570644699636,0.017344324658178062,0.029709604443226026,0.03204331294861688,0.08497226193638552,0.08949379111614568,0.05835558457514967,0.25943054342893496,0.07472256676323052,0.07511447885692747,0.14058130443238573,0.05160766319128052,0.048634256159517136,0.07165003449789183,0.23402968846048827,0.1662041917637599,0.08660604888710577,0.07363582530678009,0.04312463358430755,0.05762012793711736,0.10396636696491195,0.175136613365107,0.052159413543703015,0.1625276640336357,0.05816978932289785,0.08465052397561003,0.04208732337332507,0.27295696139462583,0.06294768849129292,0.006782111794506412,0.0024780369257973367,0.005536415377135771,0.006856821534910242,0.1773154795837652,0.1290822998704781,0.027654792890953118,0.05902669562591044,0.07035376014707481,0.03342985285917013,0.01928192739269781,0.04181886240169838,0.02632018781836009,0.03005328208258361,0.15026604496650683,0.038153311409324674,0.012868670437076134,0.03466062669443005,0.052310136402930155,0.04853370393569285,0.02350040877456199,0.04982209995111297
488,0.1150249734385508,0.016073204430350256,0.0044041745759743805,0.011765818209614956,0.02829839970025988,0.0,0.009890343265574841,0.027917571048564217,0.06557268065538306,0.01760273121092023,0.04672702702792518,0.027659118017592167,0.0,0.04151071237244103,0.03759535474124715,0.0,0.019378463275291694,0.022510864950518888,0.005346442543507875,0.026577042408735582,0.03270640606873327,0.031364627367343995,0.014450757158506706,0.02086488086481303,0.09552975529900098,0.05871626507310176,0.03664887437151777,0.012759071883643494,0.1121216616056377,0.06009225287820301,0.0,0.15400673289709826,0.004036606943419308,0.005249793548152455,0.020673015715846517,0.03778988329451654,0.19482655434037197,0.01976295306710932,0.01729422519960521,0.01084929285531273,0.055023186459686534,0.022261524628379534,0.045063248482203076,0.03465148517129684,0.06921635218783716,0.09145915800127755,0.14313124909556627,0.06938638907210168,0.044991051461418574,0.022281219525053582,0.00887109310958888,0.0062265914307126306,0.007481380191182581,0.03137767547265012,0.03390072039552348,0.01777334563033558,0.059048395714901024,0.0312554681337204,0.028633515068966057,0.02019947351712916,0.023195930008818973,0.012047192358639627,0.02564575505830292,0.007713112121994629,0.0346698535093913,0.004478401325035787,0.03479966614903332,0.021697767613536645,0.031076896182584097,0.016648353900324993,0.013778175842546805,0.03698525076559715,0.026792298945089246,0.021530379901775254,0.0,0.019608612499745767,0.05146542348542493,0.0035190643619808456,0.010456612729769254,0.06767342464925367,0.019961897058062707,0.018424954709886532,0.08658981105577407,0.031029049607023323,0.015275620316087132,0.0055505382227608955,0.028101046903097344,0.286078201120311,0.22592595089123185,0.013930113470905031,0.17567667039355406,0.11321430347771534,0.0026578639599580955,0.03472859332718327,0.042940091434589614,0.015387891042967514,0.00958549605485577,0.010717594943878153,0.008018354898515814,0.005851540343468571,0.011240191364157989,0.04710382230401493,0.005232105601271689,0.019111020869112077,0.052730935827238715,0.03930502618168687,0.017223944729321997,0.06327220343529708,0.17373676327731616,0.2151955510175949,1.0,0.4309353120687248,0.18555552984607895,0.3171483289481543,0.19769851342532913,0.05529130975937872,0.175896270910481,0.11016401080726254,0.020088902770556645,0.0066598264553687355,0.02591583879162029,0.010196439629923112,0.0335787168405513,0.24390651441587463,0.1857268521076756,0.03527979469449645,0.178039913597222,0.011218185811847631,0.0,0.03763587065354149,0.012093210230158458,0.02235773348243557,0.02493857461005153,0.003422405376123586,0.056454053582897415,0.0,0.0,0.01750928524414083,0.004787844392113588,0.049698864026557085,0.026952244495577142,0.06985156916144769,0.01423936146876878,0.09450157707449443,0.01526880666717112,0.014738932779757994,0.04884249346989748,0.07230532852305208,0.05172083218586417,0.056606915330322874,0.09578642590897138,0.012020168917755338,0.0,0.037903472289962326,0.026891668038457436,0.017933506343959793,0.005270525259732914,0.13451655926555195,0.24515641209745048,0.2335874355230233,0.04692331763894825,0.0477499802644957,0.06324891938702905,0.02696270837257278,0.028182554775257038,0.019085405051256166,0.01911680650833052,0.03637554543129743,0.004709100028720286,0.013080237483500162,0.0644980984867228,0.040090565931874024,0.01677079307862441,0.05841223573040621,0.04985446041548416,0.031152922096202934,0.2666354400499842,0.039176951888229186,0.05425755116402258,0.1034842134333805,0.004009076719359423,0.008961926452570509,0.01221284260160602,0.06844919480034765,0.19782118336799795,0.040938399961880874,0.016938595875681244,0.002506381144808991,0.03884078345742974,0.19906890093688007,0.06715891377855483,0.03915231838826651,0.2045993308687282,0.07809058387399762,0.0,0.008066642143343952,0.13345327379884245,0.07382094901519197,0.02213072786462296,0.010753023098545235,0.02501316431587719,0.013565376170521514,0.05714854822761237,0.11047628609027138,0.007599536389191613,0.015999014959778998,0.10359975602738662,0.02513259722880974,0.03267979095121286,0.0,0.047760932975123516,0.005770800343452576,0.2795151335091947,0.013928715062480761,0.0,0.02047325700486506,0.04884252430712499,0.0,0.014009220617083911,0.0
497,0.20749730672184336,0.011465580616765676,0.023633718964077274,0.002641527332414276,0.026021727311661188,0.0,0.005538665362632335,0.027945591110273928,0.06548015132367116,0.00660009774486766,0.0,0.015357601341087377,0.005824633858753624,0.027543673292326296,0.040136294183074836,0.008234970322861156,0.007821617890624346,0.018097020024487216,0.01748068101401396,0.006517966864068196,0.016287355363728506,0.00753399912779802,0.018005091818073898,0.05488888502266941,0.07397445635030914,0.036199445469720745,0.07992499064539524,0.005130569975135458,0.11466992286963296,0.08304431532672571,0.007286709916139501,0.1731149571404641,0.005295591579733878,0.029496220721978474,0.0,0.03561375814852972,0.20604567286452283,0.018271444639333057,0.029234666580528198,0.016958143403910723,0.08907374671165011,0.023911356133335924,0.02013556025561246,0.03953384649056086,0.07123749969577906,0.1159976460727529,0.21754601623651193,0.059425633591663196,0.15285097949833878,0.0139570639072988,0.0,0.0,0.0,0.027264284825813296,0.022767096620910667,0.05231142449333099,0.06127907312454082,0.01970130347617484,0.026864945891826045,0.0052766227002627565,0.018991379261886106,0.0,0.01074704578884382,0.0,0.05817302798324128,0.014336535869992536,0.06273969557819907,0.021404792039044735,0.021471189909395193,0.02098270485831375,0.0,0.029322262012309447,0.008958061026452625,0.00463436635795126,0.0,0.023446143428886748,0.060399463281601826,0.007080432930094993,0.0,0.05453825898367991,0.015412294770213582,0.015699731605989108,0.07149347437369354,0.0324219985742024,0.011975427081298215,0.0059728087756882806,0.00888144715524669,0.2546245773880822,0.17174993728066537,0.017830084741610183,0.1602655956534844,0.13114619614142242,0.0,0.0139578168691976,0.010266609110844201,0.007692636597319875,0.02734131571762053,0.015258171568587222,0.017955549891547733,0.0,0.014814319158611186,0.031040789309285263,0.008334154940546254,0.00847682396946982,0.04299307459635386,0.042735904279043245,0.006022967454537334,0.0907213744120241,0.17965982666416233,0.20102447037631496,0.4309353120687248,0.9999999999999998,0.18639309813037763,0.33226696435490355,0.12052841286648536,0.046044874145207804,0.16224737917521284,0.14875546757592573,0.013567208763486025,0.04072752796847777,0.0,0.024291321303029727,0.061638249658650224,0.21715559240270013,0.1932760912336018,0.04777705346738467,0.19778983365197456,0.0,0.005926771965894423,0.039853106465899436,0.016693978198116178,0.023610267492699184,0.010069025060910921,0.012185393066750209,0.029184848471704015,0.0,0.0,0.021590750465338704,0.013861158966528533,0.05522790452453169,0.03437801541219876,0.04543264296835429,0.014430207939879303,0.12785632084551607,0.01245437375882005,0.029744345108597747,0.013415964954580112,0.011816857034573544,0.046414933750516446,0.07041693319709035,0.11604407299114759,0.08076832477312954,0.010879376261237934,0.02431012697043803,0.05067129688749848,0.02192091885065815,0.020159377684240726,0.1296765077743838,0.29317726400910515,0.21933865864009017,0.017336775933159312,0.06093131894984182,0.08625338683665175,0.04658813835353923,0.0,0.05767724996941981,0.01121931308662043,0.019659716284268207,0.0,0.0,0.05944131280477022,0.06662291633422426,0.0716262426513694,0.12136031345758252,0.0911217519357708,0.057339291106466815,0.21986221285653387,0.041724405240618316,0.02833478906741254,0.12470164288457684,0.004972825214692472,0.017297429883729662,0.007478272397862428,0.11087792310698487,0.1783526492068967,0.05487621873187142,0.048506274700163735,0.0,0.0540529978323569,0.1339310268900375,0.11571249605298663,0.02046365222382631,0.258779166450692,0.058236885724375465,0.0,0.039591826258046935,0.13118210842440448,0.09412092272587039,0.013234452465592215,0.02637250863713704,0.011206555605943618,0.019159726638629984,0.07479202984121047,0.0619677497814215,0.0,0.0405031583145164,0.21242016913002643,0.04246622473190109,0.00839519988949656,0.0,0.07407514746075862,0.01821541155931457,0.30449531842775507,0.013476054625958803,0.0,0.03368364194729909,0.11202545821156748,0.0,0.0,0.02585448824102987
498,0.12685474362352153,0.0037585566432502757,0.01090816491570526,0.11539333863340763,0.061390014308034334,0.019687124150007007,0.012074900401702358,0.007178899966453028,0.22284629558319308,0.12466315481308858,0.01884169140669736,0.027670922634909285,0.03245596156049031,0.0495036994619958,0.3367793392729774,0.07949150830576576,0.008174701703229877,0.07119743913841706,0.026483103883468914,0.09371284657517548,0.07669273884937342,0.12312785061324538,0.0328636206434294,0.047081260407958764,0.14195658547300444,0.06473981806155112,0.1334918354632552,0.02550833312416474,0.23226592877068236,0.13229386231803608,0.013083449155163851,0.13854886579877035,0.048148838841081655,0.026591600658679472,0.014719633019582564,0.1564095887093765,0.2819597311091187,0.04128825204967205,0.02034994013540553,0.0812745232544168,0.14009043150141182,0.04038916826215445,0.04017760335275187,0.13176918795030906,0.17668426637130638,0.21607918880583102,0.29904452856120073,0.0594016980383502,0.15860565667157817,0.018074946753983107,0.12431415484314526,0.036850636740134717,0.022998218718325962,0.2955695065927873,0.2799189595602622,0.11205443583266378,0.2623317698122839,0.23192770733822188,0.18659157309890118,0.09321245227782347,0.22380074354811885,0.04082671519690004,0.24298379300471185,0.1114247694784066,0.4053924591743194,0.0858921417344883,0.24675394178694834,0.2380051561246515,0.11602672778716518,0.10385581945776938,0.08817982202674104,0.14531944935287813,0.07793294971606761,0.19064253309421583,0.1097447977151062,0.23254751099875914,0.2514597141642417,0.262666952072629,0.11179810915229442,0.17038220133683654,0.13523280964164008,0.06830578686738417,0.4366310790730046,0.29088538553188953,0.20686737335881897,0.11172078542916038,0.12152456165318463,0.3212147680336245,0.3490897001560215,0.09946705083421704,0.264959083084529,0.23033736456491932,0.02770928168832744,0.09165311280841791,0.08695429429386736,0.04253269085059364,0.11999398306645698,0.023672396805661775,0.04928953313127366,0.08760445041080879,0.022635590795953536,0.08253036842559527,0.15739426149927707,0.3336221992617407,0.29971869686251673,0.34137072610847097,0.06180371908812379,0.16199580612605255,0.28115768721913725,0.37338492987922306,0.18555552984607895,0.18639309813037763,1.0000000000000004,0.2366142902376549,0.08981436452703011,0.06412776991218505,0.07461229734110883,0.16004793283940966,0.16797802070385423,0.13379222144562714,0.09019764973680208,0.22351901886859954,0.10388890725218312,0.3160880778842038,0.25388834416016964,0.1917436124201297,0.31399601308587505,0.25227244309617436,0.10931557132624994,0.16357866711394106,0.20290701277786896,0.13275884615221142,0.02585010438168249,0.03160332336892772,0.054449099401176156,0.03658724310281107,0.017194929101353923,0.19799519967738077,0.2701365587725014,0.3285247604350028,0.2853964204686257,0.13706695777398417,0.21320191993989185,0.27495063185606206,0.15815028489781038,0.18308364285450707,0.2191936003853154,0.09690233540033807,0.3004934649719601,0.08947713604051982,0.058190778294544984,0.049234815239201965,0.014871040729008782,0.08066661692611297,0.028346378534179876,0.03166738969775089,0.043867363507466554,0.23383874604688726,0.1473435584902385,0.18646484597285443,0.010054738052316417,0.014489603723478905,0.03030576580482896,0.03118231198948229,0.01619001779669989,0.02111401070525466,0.13566460681013875,0.10316144750973918,0.14131119094060537,0.053201970119715995,0.03204793834771232,0.020621532744944007,0.027118453316233283,0.14036635350114274,0.0771681090511566,0.05187924406118325,0.19729549805771096,0.040869102584545736,0.16695513068160833,0.1836147171585465,0.0066053223816707595,0.11631750404792197,0.11876456707839537,0.3116897640130225,0.16692649793098224,0.12297238514288059,0.07799615049120083,0.047585052591431296,0.03410899845524154,0.05878725683903642,0.1838406195784257,0.04161432126622021,0.22274736243309912,0.08936721436473304,0.12131739641514555,0.05646262926953362,0.3303358114472183,0.08587139759856026,0.014113578818070127,0.007937069106869922,0.01293787885533857,0.00399555204279213,0.10276827137465455,0.16942822261153503,0.0857526429399301,0.12345204169498689,0.08190917080672033,0.03171436425054796,0.11001956171186937,0.045103295570936085,0.07867507203858483,0.06532825155647937,0.2085632588934118,0.09699831268580848,0.048923637924400104,0.03164777256069323,0.0893863466793881,0.06508312655861426,0.05733139183044256,0.13660623267627275
500,0.09414354791809477,0.0,0.006295204510564482,0.0037912091544456236,0.023160151809814383,0.0,0.0,0.0,0.04277909370373304,0.0036769478615471035,0.009180115773290032,0.014748677302122738,0.010890793388441783,0.017147303760306896,0.042768460344111324,0.010966938163280203,0.01821745023087226,0.015788201404627056,0.01464644390813405,0.01221899870160302,0.01868950783888478,0.004706964725995418,0.02828015799758248,0.008315869994415737,0.055341218473039695,0.038834100737484153,0.021568979495922964,0.008292338229340798,0.09448823937306569,0.027807918504628357,0.004487583053395479,0.17383133986535154,0.0,0.0,0.0,0.0250803178905205,0.2121316391332492,0.02050636367595246,0.0,0.019387068582411987,0.11986650001406884,0.027731988510391797,0.02377749519124389,0.022129278839486077,0.03674585524230685,0.05234814295073984,0.17403940560182363,0.03627347046913273,0.07773718700225532,0.012587032388060162,0.011515041817046556,0.0,0.0,0.025639965029345967,0.02278421960038456,0.006997483851043359,0.016236563349663106,0.009413359931171495,0.017659172735556655,0.005543864612383873,0.010069112167691288,0.0,0.01329098565618363,0.0,0.030302928669425175,0.0,0.02289727659543659,0.018002404487212728,0.006266573845253618,0.0,0.0,0.010815194805768025,0.021976547015347903,0.009402659636550403,0.0,0.012771901875490911,0.025003348710609007,0.018653272057979193,0.01434238870413809,0.0631259910356334,0.04014196555068652,0.02257311530071053,0.0614613086075256,0.012553902674625628,0.004997544183560657,0.006275310002063483,0.013723979121001217,0.26051951531712225,0.14086799708120215,0.03284486367649973,0.12607160151704022,0.17335517259398833,0.0068851375900343854,0.0143822863658721,0.012647804595746333,0.0,0.0334952424964991,0.00837573639617381,0.007148000244279207,0.029621658252719257,0.0,0.0067987706835336194,0.008598788500941153,0.009308380018459544,0.055691544470589764,0.05561328637392072,0.020837437777253567,0.08819070314378367,0.14502733824038472,0.2476628393250567,0.3171483289481543,0.33226696435490355,0.2366142902376549,1.0,0.18122461444173174,0.005606810747052052,0.15727551453228417,0.06081232287365659,0.0,0.0,0.006740558102703245,0.02163062712585672,0.021388322664833488,0.2447866707790028,0.24241631151753246,0.08933256083526611,0.19848278743027067,0.005200992278931073,0.004998952082485479,0.022920994431424105,0.013402406747217216,0.006636850553723309,0.0,0.0025282932254553606,0.02114222166043769,0.0,0.0,0.012377131023025368,0.011489165475469222,0.0796566625199743,0.017924296630267005,0.0,0.009423330128287936,0.16246227328622984,0.02223696576073446,0.025823449795468707,0.017665003660840478,0.0,0.07210797589867611,0.08552247872860595,0.1294546522126159,0.008734855395025878,0.0,0.01791037526724603,0.01043345822125913,0.004289605420157951,0.005388814518238274,0.2234646751240751,0.32125797961619673,0.29916957306251063,0.06400589218684527,0.06618833117642019,0.04955175878682797,0.02646358068236991,0.0,0.005060457060491822,0.010425193824821278,0.008564064094794023,0.010596806621178258,0.009074195949122158,0.09430482001598861,0.057600461478735605,0.035253527684686786,0.08529916270970986,0.09971143531230543,0.0028701431511339746,0.13520219896375224,0.01165248705216548,0.007024588681579055,0.08529811874019104,0.0,0.024990621223806707,0.02034601137918713,0.07253853939914713,0.2676693140691872,0.015501328264268196,0.016697917830666344,0.005690685830185397,0.04335045232089534,0.11710446223569469,0.12902212097433835,0.025989266168658674,0.1843572641398163,0.0054924052332357785,0.0056272181148363685,0.02548254786399233,0.15075157769487557,0.11268402023821246,0.049084072042763396,0.044441291195381094,0.04632278285998284,0.04786189159133114,0.014973103478347405,0.034330518424510875,0.0,0.007857536162170184,0.08505219496698345,0.02271970619809823,0.011517492501640721,0.0,0.06442557266880214,0.029212066666509714,0.4999301723161704,0.004458347056689395,0.0,0.06393667828787561,0.06861803105633954,0.0,0.010158402935586187,0.023647133384129118
504,0.12178593841537448,0.02345462708457067,0.0,0.0056657009235142036,0.0327314216049003,0.006261324064714371,0.038691962212725015,0.034607085627969617,0.03609884941413057,0.015947311338009973,0.03757547542473294,0.0681384075898448,0.010222121674208093,0.029179075273690472,0.05853099364823739,0.055862609314567636,0.04745838180321969,0.04657149762672022,0.022146195900702766,0.03429068654280924,0.0697629299972537,0.018110836426984314,0.030487919868471037,0.046713953175483484,0.12400032729634188,0.06112573624438988,0.025135318159537845,0.04506492405656948,0.08772237552480024,0.011970160037560667,0.007605762685935632,0.09166393218087404,0.01234830364252275,0.00741455611369235,0.023760029841014017,0.03345389024194668,0.11756402443709386,0.03619921498302128,0.011536381321264326,0.0,0.050067889389175266,0.0,0.06057460705909972,0.035204905189900194,0.03876385709606272,0.08866801170317878,0.073336430147774,0.08627918533855974,0.08690018535931106,0.022706476875191558,0.00666743981792398,0.010256950237071856,0.0,0.04262257869820167,0.03177949524264279,0.024375398320454177,0.019269957534818943,0.014201676361062777,0.0,0.026587311437556996,0.020450717372247653,0.015896349058080607,0.008186496259561998,0.00578342606261775,0.05531184694913995,0.009635410659645202,0.02357462553956802,0.01720935221403681,0.017921517413007258,0.0,0.0,0.024285102194925703,0.0,0.0,0.0059261261971168015,0.025439495339741186,0.05879447154231042,0.014657167906125042,0.03413750926428377,0.027068566778002137,0.01238300867793601,0.026450101185913726,0.0242119223447965,0.029797613779675547,0.006946709580658022,0.02523833578970128,0.018231409478960073,0.17371460843906134,0.11473471887632497,0.0143038117140978,0.03578149650834393,0.05905420753014417,0.017218013858222865,0.024401535594841275,0.05455043478261077,0.004387785551174273,0.009463882159013469,0.02304676895349026,0.05690285302290781,0.04221206097234688,0.006766424257811586,0.004724111767961765,0.022515310875505942,0.019234929285340048,0.030984084833480946,0.05332854873109996,0.0051811004659582105,0.03627365414635662,0.13902503204993047,0.19491701236550132,0.19769851342532913,0.12052841286648536,0.08981436452703011,0.18122461444173174,0.9999999999999996,0.041092643380550714,0.20956467641177426,0.07794234565246852,0.0,0.025109336212268615,0.006860204361716165,0.02229069067651753,0.07248615246050616,0.13022714627443668,0.07332031048929162,0.05024229911986767,0.07838741528426786,0.04001878905946203,0.0,0.058449306479553806,0.0,0.023229446271967026,0.0121725135814277,0.03137212603195546,0.0525724166335652,0.012106826564980456,0.0,0.0,0.011779041056387532,0.05294610401176564,0.030911962499720936,0.022163126722121267,0.006929504111301865,0.06320447438488667,0.024075744390636415,0.01646482630694599,0.007975444295725798,0.004839857198550416,0.019734549732931973,0.05638098909226619,0.09017596914218372,0.02553005996330446,0.010646441682432572,0.0,0.03369501573677934,0.006631753305126366,0.021725055318852975,0.03476397037675405,0.0932538711982836,0.08135652310588291,0.04002833511553745,0.05118790392887146,0.08853961773863213,0.010759311128633924,0.014387482115126185,0.009642921696085454,0.028163592326415472,0.012620133168859446,0.0,0.006392352621708433,0.06666727324224615,0.07615590751804349,0.03813792810973097,0.10396164430536306,0.04935305305988186,0.05319710274927281,0.16014551645258912,0.024567697727011395,0.009016355880762642,0.07874589884547488,0.04122479980946484,0.023390345482422192,0.0068704897385837,0.035017575125639515,0.17242665988606012,0.03375410699485379,0.025780028544540316,0.03451369681072115,0.05298475939704753,0.1265393675067258,0.055676727957605705,0.03976357942240214,0.05764605436013508,0.02048884150820938,0.033525798004380256,0.053837242086298226,0.12081940551067673,0.09800361436196321,0.012865362408069183,0.011057581475750096,0.03012183236407347,0.007470734834642435,0.05433123377212219,0.05833985837306935,0.018667702219765867,0.02876941770835584,0.09598195760117745,0.02476754622292457,0.00718376162828102,0.014238923864372942,0.011922711604082214,0.005883420948421553,0.22263321588408197,0.021519829353293975,0.010946996634738634,0.0680770341014604,0.050690264083320696,0.02611693409968479,0.015232264604524082,0.06148767780083822
511,0.05875674504795615,0.18604293079839357,0.0406095539849376,0.03857999093830628,0.07661672029964114,0.11117228290662963,0.2417442163356407,0.035197739603590066,0.3152962306244099,0.13474776641695535,0.17319097847841167,0.24327459629259762,0.041972769856868604,0.08361970504660338,0.07094581219898131,0.008901184119632555,0.023760803991895743,0.19371671736279852,0.1351435796256822,0.10636939882656285,0.20606023170984028,0.026514873243364902,0.15191202717105556,0.11580407634104199,0.10536723873142516,0.0711193184055636,0.20972516461167653,0.1525440215384912,0.22003982908553427,0.05801445498501814,0.033479870704847925,0.0402822706025912,0.13777359337891806,0.1515296796919965,0.18950293955019715,0.1263449977677899,0.08290889866826598,0.07688729650232726,0.09437932887208056,0.08853346704296369,0.22311810601027512,0.12280180199186795,0.0942406350844907,0.21111639857683367,0.20125120498596713,0.22609104564931182,0.12667485192903166,0.09805534198636214,0.10290861787109841,0.06907155906433012,0.027283060648353313,0.026699105113360915,0.030077077033944143,0.05186218102773314,0.04620804941985166,0.007346215145239652,0.025401833212841556,0.03466441002612889,0.014378089182429724,0.010798136762713711,0.027201483250903234,0.02148122346849271,0.04944417591242842,0.015154143852237203,0.030936055888216005,0.03677837818539428,0.06569551950890816,0.03989299079286118,0.05872803280075861,0.0,0.0062921223688156,0.10740599399502809,0.0,0.021045647965838042,0.02755662028317745,0.01550184526091005,0.03669748339384392,0.004106974121357772,0.0,0.025804391888337636,0.0462597507786153,0.016596789696362635,0.05495577448290956,0.029962317767720698,0.0322133793422693,0.006300859902830865,0.11502176741081956,0.10520169552926675,0.06091165515289422,0.0,0.10092043728595711,0.03635784688280598,0.09957766133079048,0.12063189606462402,0.07955757162887009,0.15080114063135075,0.020009298685019314,0.02315870475641539,0.10933215990174518,0.051451370892674535,0.14275121849211478,0.04688523479166845,0.0,0.010659090362530186,0.01640746180371011,0.02106236928517151,0.017128853140928175,0.03244618667688027,0.03373496133850909,0.08385565447977789,0.05529130975937872,0.046044874145207804,0.06412776991218505,0.005606810747052052,0.041092643380550714,0.9999999999999998,0.05105723942833945,0.042239496778752744,0.008302908055048193,0.008287535987842955,0.018976338368687985,0.012738993517142735,0.23856275318467396,0.018362160624495572,0.04092999789808429,0.10665131857094316,0.03865791656920451,0.026105318050778398,0.0,0.03288064048101075,0.0377754554044383,0.021456770175327794,0.09557238138874627,0.21188039831628236,0.18572859726862903,0.06831070039449376,0.06518984355042823,0.003687669715385156,0.07442594219996893,0.01600139663605698,0.03527740059895941,0.10097448581030882,0.0,0.01930024796327062,0.06534755599591176,0.016798982980714285,0.030641823014845956,0.016315838869371945,0.01493142807732006,0.12586062978121537,0.09654331298366943,0.1563331850631058,0.3052775178502786,0.11138538673299692,0.08988853997485688,0.17611934123991657,0.045963340678968685,0.004837873594274671,0.00646536056366773,0.01073115164845823,0.015506475701748321,0.009620423418995126,0.06808364304584245,0.11207811964843034,0.061106348064848305,0.1391498244622553,0.030592813141485296,0.011658420813083917,0.0,0.04100212621040421,0.06324702337574012,0.048105958580366474,0.05812047726212141,0.023780528663750022,0.1202721556010146,0.17088156880155742,0.047198662361237945,0.18097475696533566,0.03700000590624043,0.1670261034973659,0.1907514251216167,0.003125503370242909,0.015013782394142403,0.015798141905174458,0.03694692457209098,0.07992347247505086,0.14468591893666002,0.06549510166233613,0.04862451531285565,0.042731969499994776,0.0806422790841486,0.07557109604859734,0.05143044925792917,0.0791053526265404,0.0699597774759537,0.14741390910451965,0.032387607686408075,0.12549859357676613,0.02321948884033613,0.014740126304861954,0.025438771328892475,0.04638506996358354,0.21074304840020458,0.11847846074499499,0.053922040912711834,0.03987960739507069,0.08729867362690721,0.14545015840884903,0.01649243123904283,0.08687641824274958,0.05960222190057345,0.012777878623055964,0.0348975610598264,0.031169436996624767,0.02961449765373232,0.030859405769697982,0.07249541891632938,0.018024243355266072,0.03153492175551897,0.038756935489687026
517,0.25761145321040757,0.014184996232953086,0.0,0.00972037350229072,0.028617880355601467,0.0,0.03416265019462417,0.025974440785337775,0.08876008465524356,0.02387477787867249,0.05026664934195306,0.03946544855425291,0.04022964891651589,0.07919915464629823,0.0376589588060952,0.02516372489802461,0.039668249160003534,0.08866304263036935,0.01523965641654033,0.03793299664485163,0.03354576385208411,0.0051923308809870995,0.05328683019313303,0.025284302253582747,0.12375510096094554,0.052805591943760194,0.06877388476296716,0.02884074902657545,0.14296916633337015,0.02185310066406281,0.0043775621739907,0.3205070850719383,0.02989863651655828,0.049604755816941654,0.02044338566176235,0.052648334330294005,0.05161684152681739,0.08292195570951331,0.010774657361443746,0.030109876590736502,0.1260319393027342,0.04004448293411945,0.12411368494019817,0.0732953785538378,0.06942333952197603,0.0750818120012803,0.08615374771646293,0.2271692896799976,0.2118855245283156,0.04925587216455333,0.004335776428729465,0.003933669615230197,0.006424512463854167,0.015188157818597095,0.017645559734232152,0.0,0.016756856629524863,0.009574643853616874,0.0,0.0033637545947441927,0.0164610682180608,0.004176762484106163,0.056731058234385574,0.007893763986333404,0.021142847088932517,0.008360082136460733,0.05069857563685708,0.011039935979343024,0.004155158152978351,0.012279828042281365,0.010933439228298867,0.029919121040917842,0.006661518696310465,0.010147994839795442,0.01081764935997388,0.004555391812115831,0.004342941070909606,0.0,0.009024422006743794,0.026668305839590317,0.013025020892033043,0.05997406843216439,0.029752841810259386,0.01446584494261972,0.01585273265089248,0.0,0.008614743438835067,0.2328729044881771,0.12031370270435186,0.0,0.04299509867357549,0.11419895774145328,0.024434471962170037,0.03772812788710774,0.03492413299930327,0.04318482413876434,0.021491470245186196,0.056702867967872855,0.15124610183552561,0.0558935403040892,0.011786351407910279,0.013841773731992954,0.0,0.003921345517516915,0.023248242786504142,0.012144813386225327,0.013232848259951732,0.10350916873534803,0.03844764177519239,0.11930547756027973,0.175896270910481,0.16224737917521284,0.07461229734110883,0.15727551453228417,0.20956467641177426,0.05105723942833945,0.9999999999999996,0.06944748527902077,0.0038221647519800133,0.0085045457797534,0.006399655500832961,0.0,0.04042715495888652,0.049334762359512785,0.08042095491322417,0.06008334745849486,0.06336498039280418,0.02872246205157665,0.0,0.031067954445277383,0.0,0.0,0.06593312682257875,0.027775185606182626,0.14711904567766093,0.007880428396836166,0.017276434231740405,0.01804590938829134,0.00827173348545277,0.008143476788514462,0.0,0.0,0.003348554552830554,0.007534510676774918,0.014175002584044749,0.07679345491863038,0.027529853915570692,0.019957442203189037,0.0029906682491457576,0.07105018040367923,0.2715801790280362,0.1312068483252262,0.047169741284845336,0.035623887856702126,0.05304772597463607,0.057355817999282147,0.022044462045111537,0.07919512833698719,0.08940495954946337,0.046865761787215424,0.18364803868296614,0.32037379124897863,0.15456340341775096,0.06681597113812668,0.09457638275386843,0.06764777467876162,0.02819456883976048,0.005388623197886483,0.0,0.010826404521031945,0.12101222702985685,0.10966236921439734,0.049118337505757094,0.06445280531991186,0.03437935318235208,0.07726286419792674,0.12746901735237176,0.041404412338363526,0.022870269256221633,0.16201045283734802,0.019357789451619395,0.004632632444503003,0.0,0.005266278239665544,0.35121864345913656,0.05718484481029816,0.027927240919884775,0.050991442995176606,0.1044245798346057,0.2045728536204593,0.17379008860491246,0.20422140632499225,0.05489841466999885,0.026130328394981937,0.020849161001584796,0.01710269895194922,0.05275854974519493,0.1185852244163845,0.045486605854951664,0.07934879949791282,0.07694842911067563,0.02941528290453511,0.056774725260084244,0.06994924007732084,0.012370766585704433,0.03731345326971563,0.12563990743693787,0.07203119641765357,0.004171864858547746,0.012104472352678308,0.08605898999776804,0.05615624300791071,0.10969745347795677,0.004349042948435056,0.01675922591720289,0.025830737495608387,0.07831016300625127,0.006161897071202322,0.018927942666983957,0.028258982444567562
518,0.10675269747678666,0.012182714723802699,0.04369713155251541,0.07755476094218516,0.02408925608049299,0.016996682342980494,0.006453358004963077,0.01836733843677655,0.07058805835419266,0.08694908585679624,0.03847905947185343,0.07826417099497247,0.027965348723686112,0.011689256223481933,0.15282825466868166,0.061391992006191394,0.031953638907416676,0.02995508480918109,0.052744553836207596,0.08410577851196904,0.056693368636285574,0.07337292466189475,0.03512956403647876,0.07578891105979216,0.10505557036728093,0.03368965336391978,0.03062146141597652,0.042306903734390056,0.11522804621001732,0.07909959868866705,0.0,0.05245080578820256,0.03533234052302129,0.0,0.007250233471274239,0.02386914347446781,0.1743942613887918,0.01408003612751569,0.0,0.01462539124600647,0.03614517211914155,0.00441012018814543,0.0,0.007366539785995825,0.05913581245929907,0.05232158009846561,0.09778850913293619,0.04047402891143522,0.05823379892527745,0.028253888843323242,0.058777696100862926,0.09876246523770388,0.025065164116697607,0.10362117776276442,0.10714366807854915,0.022835728040836133,0.11725331847420811,0.10519270821595336,0.028500872579519308,0.06274734446598915,0.06978319470571352,0.030423048463341415,0.08243017995621181,0.05793601521375176,0.13838067281894487,0.05059572499293107,0.1377810558131928,0.07926315930364819,0.04051113712814954,0.0674447305261822,0.009445910298893198,0.039580672338326975,0.023887186066212485,0.034227239965261495,0.02227765415065397,0.029427057397695865,0.07557577038874666,0.019675525332934908,0.012690443057092887,0.07570661879482965,0.03217719019852177,0.024318114806505423,0.11620759109805862,0.058064919584970225,0.06085617257392491,0.035005049764519555,0.0278674362063956,0.1512147362813739,0.34653991922055577,0.08538845443743609,0.033405675236511834,0.04405250583946093,0.00970611850354136,0.016979968965929425,0.029677514249766633,0.0034649999273430837,0.0,0.00428811915425509,0.011988286062699343,0.0038397920268538935,0.0028352301914798964,0.046160750346166915,0.029833765265411077,0.06839695276424479,0.05108946032413361,0.09961622018453002,0.009410961366948408,0.07991025369489706,0.04631611894301478,0.15243782973663536,0.11016401080726254,0.14875546757592573,0.16004793283940966,0.06081232287365659,0.07794234565246852,0.042239496778752744,0.06944748527902077,0.9999999999999998,0.029265306466761915,0.0555630756028329,0.037925845841178495,0.011086320169265045,0.01787218058783511,0.06446858903653864,0.07799493247039645,0.025409721411290005,0.03910989568126626,0.09089842014410193,0.014731990956064828,0.11129284402161752,0.040341961912897205,0.03419919730494495,0.010745433794865703,0.00785038146203079,0.01708801051855112,0.0,0.0,0.02872091696800806,0.07054213927012419,0.11238565864273402,0.043625409940069894,0.013081205805685605,0.04200579021368632,0.06211316407478754,0.06672193571544148,0.06433874133444847,0.1250629302617903,0.01338373340420652,0.07898811080012423,0.05719875779421696,0.05108947154116511,0.010270444638812805,0.011965406604506382,0.0,0.02683637049157023,0.002775975361799708,0.021526249675658114,0.02271356822117066,0.009616611844471015,0.021560397202165814,0.03582960156587021,0.028626642998077136,0.02623815060473344,0.0037553361186158417,0.0,0.02863639560278393,0.0804290172657392,0.03738226771521017,0.013393326388450113,0.03573839198426935,0.07800250983746788,0.026379154763703734,0.06997863442163481,0.5256668043419315,0.026109648579338965,0.08451021419266934,0.11604599587142081,0.010739402324619545,0.1339533339038507,0.03779428172458867,0.038596993352755536,0.015305250060915265,0.02226399304604028,0.016682075031026432,0.06673733073176326,0.027448612909619613,0.004780336867419659,0.08192819217380279,0.004804982192750857,0.10308622468839787,0.08283821052760329,0.020305646513788852,0.055224675724154584,0.0,0.018177808398564418,0.026065833769469034,0.10322443357722919,0.05080700335647974,0.056396700557255985,0.04638051731122993,0.038066107902384946,0.010856822133510273,0.04373465512075724,0.05118424975085519,0.0,0.024009022879285878,0.03936709723230972,0.016653319858948076,0.039842542508323836,0.029865176779731824,0.010992701681506073,0.04325456458094021,0.06894330639600324,0.056583489962367964,0.015171241278082646,0.06718556963014811,0.04472430140675216,0.016847267001943687,0.035005544899515684,0.05144858011312559
523,0.06760193781488126,0.0,0.0,0.3252321816491478,0.007781072778589923,0.010625898240607784,0.0,0.011318381834258522,0.04047044816044683,0.2916905837752459,0.0,0.005695741147256051,0.0,0.013810441766605255,0.29424725276282,0.12194562110004248,0.0,0.007602000400849964,0.033837236859062134,0.12478221981289167,0.018118487377703444,0.14629938244624927,0.00725630173679895,0.01322655011935204,0.046961246973983226,0.005350106743328894,0.03072669445921196,0.0044219426874598546,0.014992222869736043,0.08376850663364174,0.004719187367880171,0.012981402964931416,0.0,0.00420902163954739,0.0,0.00967856913817114,0.0419764891688662,0.00474333864780126,0.0,0.005819570637834836,0.005744252959377878,0.0,0.0,0.02798033514012014,0.02148169944482281,0.01718743235523064,0.051558514475714266,0.0024212881277268757,0.026099849567671665,0.004172338832419697,0.262760565399703,0.1299232402993555,0.18834083048311237,0.3932939007383025,0.5113871846489637,0.2052725709926739,0.3456872860682437,0.43008955930124454,0.379290933163103,0.21236118207794286,0.30892553628796005,0.18309172707161164,0.21924389248215737,0.35889019339348327,0.3275743338233443,0.1226676460177526,0.3217811438831138,0.222307064142253,0.2639922178044608,0.2399523727198625,0.20157000853855972,0.12996914912244997,0.15881948122520442,0.528061923234656,0.27856626705881415,0.1241403642362301,0.1455496412271471,0.3948302782368927,0.07731289218777723,0.18719357727347918,0.20258201056364755,0.084929170566133,0.35391069716190904,0.19990108236878434,0.3737551496894385,0.17816482037822223,0.0,0.0719987597222212,0.15152310257374874,0.23010672375423408,0.027621809033483977,0.019044337821228406,0.0023004456523358354,0.008486158462028529,0.02627573888001251,0.007624712296855745,0.03878051346492926,0.009905837939010568,0.0,0.0,0.0,0.10315986534068251,0.07604055993110627,0.3659527320030105,0.14684375694575336,0.31330115195074176,0.10284364009234123,0.11256458326815472,0.04327629499056258,0.059422621125729005,0.020088902770556645,0.013567208763486025,0.16797802070385423,0.0,0.0,0.008302908055048193,0.0038221647519800133,0.029265306466761915,1.0,0.302298000284209,0.07291429414370962,0.17939179852420103,0.013193320815506625,0.05989714177157966,0.03495106814866563,0.12949754909698902,0.039457667396549254,0.11712034569746155,0.2132937357010125,0.17014159147064067,0.0433004341023656,0.08866109259291523,0.0,0.0120214094200258,0.0028584950097316434,0.0036476907878823014,0.0,0.2145816681857795,0.224761134247814,0.19061464153221683,0.24371905712981967,0.01803694707709536,0.2819566573566813,0.02253867180016201,0.054100008239080614,0.04107199013210368,0.29615752293155406,0.023320924352174636,0.22721410661355546,0.013369539320573375,0.0020672825718329175,0.004704653546435275,0.0,0.0,0.0060795875373396745,0.05539954884939907,0.004904657861308543,0.005456209611948825,0.0,0.009905282302237623,0.0,0.0,0.0,0.0,0.0,0.003998736369137121,0.13425633838649456,0.17104130846054466,0.26967592465065277,0.18769349373908173,0.010599671462581246,0.0,0.0,0.041754966150732264,0.009294907373016269,0.015237262481114988,0.05681704021151893,0.005960841574943202,0.20690961919346168,0.017896167258802814,0.003965537909150258,0.10996043162298634,0.05021770491495235,0.06638523112678749,0.03738603257488389,0.013539413766457023,0.0,0.03588227081643875,0.0,0.0077910734122818,0.0,0.003826385301577415,0.02027101616010056,0.0,0.07277521036513832,0.016006212876653242,0.05488372944906598,0.05131604963494558,0.0,0.0,0.0029702441968279306,0.0,0.015006700800253885,0.046585151392332894,0.009751908269260543,0.055333182831942156,0.015274312723940621,0.0031067809404662396,0.15692197375156522,0.04359226452277052,0.0,0.03778351813262846,0.011560293785217479,0.1196824631483208,0.07718579663303117,0.02869730131118179,0.024657196450665983,0.1285376565138849,0.015970425989890014,0.05943012595035618
525,0.012840331118807398,0.006035547303701406,0.02332500218102717,0.3360802090244498,0.03202829745507661,0.10418710743542893,0.007369615690649658,0.04121104765592599,0.0644307718429479,0.39044524284425164,0.011743528708280448,0.017805066747629147,0.004111601631893549,0.031721776052232226,0.3407264869526131,0.14129366118713463,0.0,0.014389665471063469,0.12920324638554345,0.14551121557235874,0.008407522305667213,0.14680435552301715,0.006442621611191135,0.05373687247232789,0.037821805914068696,0.0,0.055930426553093854,0.018364940773006492,0.04618519711166466,0.012601956642739998,0.009396327468958753,0.015817795121134817,0.01463520306058327,0.02823731471482434,0.0,0.03316983452579095,0.05285531565987221,0.018244370334399438,0.005164898712359824,0.011924380206753491,0.0353547225170862,0.010546835897758856,0.016143267904463954,0.03660396623104113,0.03677680894007474,0.09197404097681953,0.09569460449593274,0.014688162566254331,0.02551781727503241,0.0,0.3152166176928309,0.16702532110096888,0.2865814678218641,0.3641087756467354,0.4179248333655248,0.15273211271979922,0.3076203424990762,0.3858902686333779,0.2847749728093021,0.2611109845223355,0.37672673480339225,0.15070211450767373,0.306956144395193,0.3508297692139389,0.3246487777082245,0.2617928992135821,0.371310407822327,0.31324967028395934,0.43904765537394386,0.24867012469208724,0.22690111144822392,0.14343201555408125,0.139841924518497,0.3160472900471409,0.41659759421310927,0.10138235003302501,0.07120047213127921,0.20908229121290953,0.15323378544612876,0.19995734567954299,0.298635316877041,0.1415107110900504,0.25898104365178987,0.1493682785828707,0.4074846643371625,0.22227300497734226,0.0,0.08387201522061702,0.1454829041866208,0.12990789359147636,0.06084194973914099,0.023632717083574048,0.012860647939120659,0.011945818294967665,0.055713844165405056,0.002883912190717705,0.08454051823950798,0.014681650014049329,0.013416267076055328,0.022121974073585498,0.0,0.13743681438874217,0.10234953528571818,0.19813317555502474,0.10661850432405541,0.2934480225845986,0.09717400126331487,0.11454104564959205,0.042849300163799675,0.049907203202390255,0.0066598264553687355,0.04072752796847777,0.13379222144562714,0.0,0.025109336212268615,0.008287535987842955,0.0085045457797534,0.0555630756028329,0.302298000284209,0.9999999999999997,0.13042427059869424,0.15823148849627597,0.015424862945014786,0.049842986993098186,0.007906732950431553,0.1305321362709631,0.041918039430777015,0.14251009150152996,0.16593605827869368,0.0995267483596098,0.14795001347652176,0.03758898153965368,0.0,0.02015528524524607,0.006924128135451916,0.0,0.003820554360469531,0.05691731527795504,0.11917553668770965,0.14433496394111986,0.1057709679582851,0.01897123889788838,0.17689081134688298,0.020684284472727296,0.10725038023717495,0.07032461222516466,0.3346749484617037,0.01862855365677125,0.09980502228993503,0.033197419221452945,0.008425897769913674,0.028825480204279677,0.02015763191909461,0.01269342355323591,0.006905934217700131,0.051091016389721924,0.027797613875068142,0.005635940063688516,0.0,0.0,0.00397002718387589,0.0044197443715584895,0.006269970664528638,0.006077939776750356,0.0,0.016431657664229216,0.17446855201652123,0.23015119438813297,0.2254699473212782,0.24521363793403103,0.009336142443522967,0.007408083844289561,0.003943748780568554,0.036200366715430275,0.012723914059671191,0.04237802720578389,0.08498357070110547,0.004509693831388205,0.18373836960409468,0.05288805798316211,0.026072935220651912,0.13476629231086293,0.04995449965788866,0.06197391443323453,0.020852473990956917,0.01725149524455957,0.02779192073300373,0.08781398681387508,0.00694882143829365,0.01673617734093773,0.03799528142881579,0.004932215684431463,0.017367959518959763,0.007900700823481866,0.12743578121412252,0.03277301540757904,0.054460016324944946,0.027907841173950364,0.00422493435062112,0.004008633123045162,0.0,0.0,0.030250532583689344,0.020983836499199264,0.012530786152241399,0.02477963779925809,0.00930215032612702,0.01993519550263144,0.10195044376353873,0.05687578012099932,0.0,0.12604765505283894,0.007081887483579084,0.11218452471784893,0.18158028642898857,0.02076418633107996,0.051262168719479015,0.1698004060693073,0.06335741976234265,0.16259841503606623
526,0.06066732845274708,0.010086224373229136,0.03644860246646951,0.2458689532996059,0.10585700144177987,0.12433213033007501,0.02432736613608892,0.12476820480456066,0.1032687555787786,0.16711223395046887,0.05890218929995991,0.06873013067307367,0.05983648129999311,0.05854563814213304,0.31231962535110286,0.07859595817097385,0.01039801013374965,0.06597380973162399,0.025530944773983513,0.09217089627534185,0.021140005327054297,0.04403717350659336,0.020685230792682363,0.06014959670115047,0.1151295830449259,0.010890769158188016,0.07623639499612751,0.03193393679768851,0.09722673612679683,0.03894059468635795,0.03239437788533204,0.013511352752411731,0.019684624105832813,0.04633462288704815,0.023961119375122013,0.10428008263702576,0.06952896847867727,0.024436897414423203,0.012877297013972442,0.026556498876413013,0.016048764640597655,0.05420068836333382,0.04983996233303915,0.08576695247737197,0.12356464784793872,0.14583093543492862,0.06309939690681515,0.028339657176940775,0.038266206811763646,0.04550114084869908,0.037864502421719876,0.024333563506396275,0.04783201170216057,0.19729015490293544,0.14614182956451396,0.05053281306917111,0.0742023893144635,0.1705632151245254,0.05028983944587267,0.016924299850715273,0.15519233550671566,0.0504161794374136,0.2870530517036431,0.036687023079775914,0.21426404789705492,0.05783848069333431,0.1666244642525831,0.20211829366734702,0.09509085430337354,0.008088800563841364,0.09359243242828355,0.07817446942609534,0.04194766655347264,0.047763639108218535,0.05752523131301196,0.01298662663789974,0.10608980798442884,0.07702940971281351,0.034813709504916385,0.15404500985824357,0.09694543333723658,0.06936740660849762,0.11366821194125487,0.0329962628344913,0.0836527082299657,0.14836658354918675,0.01438023180543302,0.04147363112327191,0.070864791101583,0.08394205624923176,0.034909372276673484,0.0317883372282032,0.009923699874261227,0.0811803173487861,0.15396787859991215,0.05045444273709185,0.13740779534684014,0.09949310444325438,0.01883048812948157,0.033636587678927785,0.043057997307390884,0.0,0.05221089505347692,0.08746696091690415,0.12718860391606948,0.21496625705725175,0.012806829307474581,0.06297811538217007,0.022473579065847776,0.04461765792162105,0.02591583879162029,0.0,0.09019764973680208,0.006740558102703245,0.006860204361716165,0.018976338368687985,0.006399655500832961,0.037925845841178495,0.07291429414370962,0.13042427059869424,0.9999999999999998,0.15798401306430152,0.0414115953078016,0.055549291235652345,0.02467613563348888,0.07454065466818595,0.04430456929110657,0.10777999236469998,0.03631550116679043,0.1693800479519887,0.17859483823140915,0.23723934244263556,0.011454034623661985,0.039381184324663865,0.011795802317636696,0.057255528942454365,0.03347685324708176,0.07172718730591136,0.14518490205515894,0.07295586373498056,0.02933015331527046,0.012729324138445033,0.06338941371237511,0.022114864062331777,0.2710096795284737,0.10697876190257377,0.1405764511994915,0.2791157816837009,0.12102533065996549,0.02815229504448643,0.0054056521433376616,0.054574680607043256,0.019337605923912222,0.05829068114483809,0.005835517686294791,0.008048459031486745,0.14637028308954556,0.012263437321195048,0.014329861341017314,0.0,0.0,0.0063402485256214775,0.0,0.012099873796875521,0.040106102138760105,0.008575347015525784,0.11369046820490263,0.0415420940166613,0.016109883615307297,0.016672631607510646,0.0031905043607292323,0.0,0.0,0.017778882545482388,0.011468477140653195,0.035514502567091426,0.014085208720345325,0.05406355865028046,0.06870204544566667,0.019220185440077774,0.08466235138991182,0.07697835438736625,0.07588378136453602,0.05033727703940653,0.020260440510464446,0.07197658449597336,0.08432042290276415,0.15908754040550888,0.06866465056101632,0.03884014564064325,0.022444101673829164,0.014378161813086507,0.010779894668910744,0.030040066515584614,0.1443622341225507,0.005766867500463602,0.08339143288718302,0.013799704621391965,0.007082001891584147,0.008440834150280642,0.0,0.0,0.06164024443396313,0.02529045855550002,0.11659120621515835,0.19619771197258806,0.029698610934801955,0.007078788632922514,0.008184909395654473,0.061116039355697635,0.013773757756954252,0.04507008158477567,0.003908772717249186,0.11902056269316776,0.2000355444543323,0.0,0.005615552394899633,0.25100448115848967,0.13238624685149772,0.19988218199019742
528,0.011836260204770056,0.0,0.0,0.20613247474040652,0.024210247932400293,0.018067686713966552,0.0,0.0,0.035708763673640724,0.1601687206043785,0.006875782149888804,0.0,0.0046384810788001616,0.0,0.3393707283744916,0.13899132000830844,0.0,0.0016623588346149107,0.025725966760698146,0.10283648388539439,0.0,0.20242372899921943,0.0,0.0,0.009510796484867065,0.0,0.03716419851731304,0.0,0.03790418906613818,0.12695718998329428,0.0,0.006651483530559268,0.004854922103829073,0.0,0.0,0.028872494620527957,0.08192411253456673,0.0,0.0,0.007203975567767408,0.014139676102282266,0.0,0.0,0.027476883159651983,0.057321921161659975,0.06305358637688262,0.0643452148877411,0.0,0.025467181192033367,0.0047377162535264415,0.1981057037455624,0.04214369815776211,0.04288955479475589,0.36754010438030504,0.37328799072398,0.23032266588178463,0.3388077691098786,0.3816176265641052,0.24639401797141802,0.18982470254879258,0.2953542203952998,0.1359606713238074,0.2562566107882078,0.2588109486682566,0.46009324446559774,0.13073211122153489,0.29605215963927733,0.30600281419053416,0.13280290851004992,0.2763976003508385,0.22198879987725878,0.06823885045615652,0.1683724028735794,0.29001703168840065,0.1453820779517657,0.1475641418298386,0.21806885589897682,0.36270305849573276,0.1469445869909697,0.1660705900469927,0.1111402642748769,0.04273988311318665,0.3451964936402701,0.293721316138936,0.30677422664104703,0.37211988138358115,0.0,0.06754802812096002,0.08755975965144477,0.16914802799414308,0.03912788393339946,0.04777837121655613,0.0,0.018172188245884492,0.02351941429043727,0.0,0.11244537728586149,0.006325180179654616,0.0,0.009109982307091362,0.0,0.08546005871219857,0.2125178720422768,0.35865057478882906,0.25763815592153827,0.4737448339949785,0.09373108487491197,0.09775097694323003,0.09147908050999082,0.05827008046454078,0.010196439629923112,0.024291321303029727,0.22351901886859954,0.02163062712585672,0.02229069067651753,0.012738993517142735,0.0,0.011086320169265045,0.17939179852420103,0.15823148849627597,0.15798401306430152,1.0000000000000002,0.014229376999183443,0.023413434030651083,0.022303176370304365,0.08460524457223367,0.046224278257567634,0.11464471806784647,0.29254528420154435,0.23946463603823462,0.08798812559642838,0.2540377151030653,0.0,0.003101585354256494,0.0,0.0,0.0,0.2039122315925263,0.3026392223445253,0.25432400579476827,0.27750007334948756,0.03630305958933296,0.3782194491188586,0.07609767882950358,0.15941591393777088,0.1631703458884771,0.27333527389175366,0.0327338099865171,0.24811208651464012,0.013942041455958403,0.0,0.007658675966922957,0.0,0.005744405158943115,0.006741610174525849,0.0069006444177786945,0.010092444252508947,0.010858363172222468,0.004684140347401126,0.012329788046404732,0.009273698882398197,0.0,0.0,0.0,0.0132280815443044,0.0,0.08402289617268478,0.1132908733461193,0.1869730904964692,0.0932498822316826,0.0022872641809165714,0.0,0.0,0.011566166977041853,0.0063430529376240444,0.01766560301978705,0.061400598670552684,0.0,0.11878247351675922,0.003767048698314869,0.009385791092300127,0.15220372160600737,0.15062351801757126,0.1277581869403342,0.014663660086368682,0.02854293414599612,0.017078004130938268,0.04706028956672931,0.0,0.014989194485806195,0.005383133749105085,0.0,0.024540357383724565,0.012971991873122162,0.10085168079275539,0.023406275177964612,0.10343029866640388,0.01223640729038159,0.0,0.0,0.0,0.0,0.01541370748813996,0.050145191610638074,0.01629537143985295,0.03834167333233598,0.0,0.0,0.15339403418370748,0.024257466874606923,0.007165418757208808,0.06580268248452946,0.02704115889584767,0.1811285352203154,0.07121254401199942,0.00440594938974723,0.004716541426053505,0.11446817072933062,0.021154636966053072,0.04596349322821016
533,0.04745152884062926,0.07670931900133574,0.0779374756845268,0.014535746983471666,0.09682310191550277,0.08189539039657112,0.12597527486311985,0.0792387065113469,0.3270521504282348,0.052010889276223056,0.07891738804125287,0.15035665961204583,0.0714509494795871,0.18510447980892802,0.07561954559705894,0.0755674008955452,0.03131704256033816,0.28519406668280933,0.09009757002205426,0.07556982184864107,0.13905211232905326,0.009698370278278383,0.13828084982265182,0.11335961655648644,0.20414484063497218,0.06538834137007998,0.19814039005152118,0.06515513950154501,0.2897325123361017,0.045498300812678694,0.07832716882387611,0.07451671054850573,0.18546389895632376,0.32704813597325116,0.10300903564363921,0.401215679113005,0.08625633727281572,0.08060635677494711,0.1259309914965546,0.15363660651701783,0.2238467608544434,0.17002519188777998,0.1443221517468677,0.33265600277606205,0.2938122818192788,0.3603202281266905,0.19059839455927674,0.09299486952849294,0.16766396475215467,0.07990739868920183,0.002555311263817824,0.016461056447857877,0.005584071715962311,0.02345203822992656,0.03576398449159028,0.0,0.01944565169916175,0.021401924615347657,0.02156954332056931,0.00895370916548727,0.01991611216248822,0.0028083776787055903,0.12652432750865467,0.017155664050546693,0.07167840573295303,0.03958312779333076,0.029371576531108747,0.043046189763354656,0.013092763757173323,0.0,0.0,0.06532836370219684,0.0,0.02092905688751996,0.01297926444787902,0.031169291912346644,0.038956602217709996,0.009755932043316262,0.009910859799949186,0.04244478831655292,0.028067761643609287,0.022664033892992416,0.055846361103921785,0.038652823027535366,0.014322766986601211,0.007941956471042087,0.07802849009574978,0.09893919861603195,0.05156107221087183,0.00288772985286675,0.07385175224826873,0.1006190430884888,0.10053196003280586,0.3629011384045307,0.14015417263038477,0.20335918314149073,0.07271917793613539,0.18665038212238708,0.15058778302148823,0.19661080871866524,0.18954486949372945,0.015400684968366362,0.017392885845009268,0.028483426197972887,0.04164538657499594,0.041551344399724986,0.01082697508657413,0.022398114453867142,0.06488292615058164,0.08914120364326693,0.0335787168405513,0.061638249658650224,0.10388890725218312,0.021388322664833488,0.07248615246050616,0.23856275318467396,0.04042715495888652,0.01787218058783511,0.013193320815506625,0.015424862945014786,0.0414115953078016,0.014229376999183443,0.9999999999999998,0.05266603130669607,0.05581896381992234,0.10369126139925322,0.10916442365040727,0.02116331976404355,0.0024880570795173173,0.013068892224084248,0.15029294781891364,0.02854821845098724,0.11042665490520914,0.10482331402745165,0.18711618890493256,0.10082362752222958,0.10084808739280156,0.014709482276224473,0.04136347587277196,0.012253769295003962,0.027351454974498327,0.08428153777016321,0.0020060171811733768,0.027538875831640806,0.08584382174572547,0.04462001884398857,0.03054650707249929,0.09521073039144043,0.03887128232879609,0.15044058824475864,0.11773246411018265,0.23536467437140204,0.10455403848652654,0.19383797853729434,0.08639084538123729,0.13453790436550206,0.10533821202347717,0.023316336601119314,0.03685201272401902,0.03885443265883849,0.01966023501377591,0.033345615319444966,0.07305200334363306,0.11806842624521498,0.09311295012518096,0.11386021724479228,0.0918778957112106,0.006870447353304247,0.021032975751473632,0.0,0.05645524341114885,0.037558960186526304,0.043239628643488966,0.03550985915636149,0.10842940840834636,0.11985750686653655,0.10344107244745648,0.326597745294288,0.014200033350222775,0.1868366868280127,0.05963832541406175,0.003209974904813465,0.05092478647308084,0.05739049174054626,0.0379138465139386,0.2768349450435371,0.3242265309179173,0.07597919983612009,0.06746670684150474,0.07245847208642653,0.06983326282506243,0.03660327897216301,0.0861337147263257,0.1687310532766856,0.05124771289492887,0.11192806096054361,0.11718206793285456,0.13663807354843024,0.03193323914774895,0.032430265461073346,0.03304315737794893,0.0320488812272928,0.1833257829534183,0.1611426341208663,0.16126318981962887,0.21063431899113969,0.06757587272318852,0.12451872500037156,0.0,0.023183067175738828,0.11692136644559176,0.0157656690915662,0.05762571053739022,0.036433168039084654,0.02998384580409519,0.04814884657934977,0.12816121972756833,0.023160795521557347,0.07303847763418575,0.09970321186992924
536,0.11549098699173509,0.0,0.0,0.05292819256413039,0.04881419329035995,0.006083777286505291,0.006263756142719705,0.0,0.05469163205479273,0.06457302585636479,0.036545285854482856,0.0178156669013523,0.0,0.02111677240496867,0.10363342761388615,0.006967289036230571,0.0,0.02433213638028778,0.030559710629764463,0.039673449998347494,0.04011826198051744,0.04437539752125374,0.03650646445217297,0.033559305162752906,0.10250655800269044,0.033456392524296656,0.061735920358766495,0.010290253210956203,0.10245146980578185,0.03371401061608602,0.0,0.1231118894374085,0.01625324263347954,0.015115207791269578,0.007469916264016036,0.05589625522753233,0.35885867576187447,0.01910836376960268,0.0,0.02355367066301868,0.14516685484131264,0.019309441201252754,0.035065648019045575,0.057015510168440205,0.05839848180819371,0.14515387617505557,0.2742706175579456,0.010733009728607034,0.11226188147870364,0.0,0.0384999259893709,0.005701881698638673,0.01666943545755607,0.0732411514489026,0.09204351835170055,0.059945085388586145,0.111489798547444,0.059914349448106405,0.12476001096415,0.04008745901283366,0.04951608021832913,0.03828749668913314,0.06299853142553535,0.04304006128923338,0.0941008729607027,0.015504332989882018,0.09372563482421982,0.06884070669716495,0.037891705032529074,0.037799513123529756,0.013069902249746924,0.10237717369204938,0.0,0.07710501568593608,0.034213098824677275,0.03442455987563536,0.144960106189864,0.10850955492947197,0.029239820414753124,0.05751008151043205,0.05386924226840978,0.02503714742949475,0.23672450804702905,0.08763122031126737,0.0770724665709838,0.012268125419336355,0.06864028885761324,0.2672174196963572,0.2041150784825227,0.018766986642044195,0.27422551356187486,0.24622390577450998,0.013884109725535911,0.052491928520563974,0.012023069877105459,0.012334534748871955,0.03183771526849718,0.023308725449476757,0.029315947686643425,0.02230146044530056,0.0,0.04077572167819232,0.02752691282569998,0.07739046698940039,0.07881090601366522,0.09444487822297119,0.006478817492484725,0.07934396321838762,0.3117276502992654,0.24941377167051504,0.24390651441587463,0.21715559240270013,0.3160880778842038,0.2447866707790028,0.13022714627443668,0.018362160624495572,0.049334762359512785,0.06446858903653864,0.05989714177157966,0.049842986993098186,0.055549291235652345,0.023413434030651083,0.05266603130669607,0.9999999999999999,0.2328526845381996,0.096893243276922,0.2626633763038292,0.06880165746494077,0.03061090401786519,0.08419077401652054,0.04132762966126558,0.04436446345942693,0.013953461990184525,0.00358399057790405,0.016718438585684278,0.005344939553122408,0.0,0.019048792763993308,0.030485398530911777,0.14412412125704685,0.05248829023984817,0.03288328540114911,0.0346600416937952,0.13183832366048154,0.06089244224809745,0.04367276436356325,0.05214345214122185,0.017997497760066865,0.08751897248629974,0.07140505397695758,0.06716907716113439,0.027546991463201012,0.023640886019412565,0.042090558596140054,0.01479318492318362,0.004990542103507564,0.016076669369643977,0.1295900750983387,0.20217516780889777,0.1653631375384278,0.0,0.008884679262020011,0.030547449154534008,0.01982547056934051,0.0,0.022211953971227015,0.03898019348535336,0.03040126068161142,0.03586204987439993,0.025414557593477296,0.02810640866188449,0.00717779898423241,0.006590032392862017,0.11294644960262235,0.06786512409820256,0.02890959709709944,0.19972493586591517,0.030153331953842698,0.05368718370477406,0.13672281666555205,0.0,0.0,0.0,0.21708551527278125,0.1685228473579505,0.054233250896301995,0.030870798069097715,0.0029860636214481388,0.029986256384777782,0.0898525918393169,0.0769465252627204,0.016909396360415132,0.29817568813602185,0.03544294260392636,0.052537000833249456,0.03405867343160777,0.26181048540050283,0.06702649645350896,0.02655745704516991,0.012015638403835516,0.00888230775452162,0.014605417669180302,0.09586964505666484,0.09772263889575539,0.012586083172314418,0.032124158742113385,0.1857420618395738,0.02668987111967447,0.026025347061316144,0.02588419443359193,0.020585974034913735,0.03003639067716249,0.30817712843446465,0.022441967462720976,0.0231253357704982,0.03923842429011791,0.05574892688490273,0.0167361429877619,0.023282303985677034,0.03370149937488152
537,0.13734988095925338,0.0,0.0,0.016671402260506712,0.07378238381162436,0.011253325174566623,0.0,0.007205067838497235,0.06957270851647185,0.017406361244424896,0.008884876666798228,0.022817661043635487,0.011831539258315137,0.044026233446388084,0.06651064910334846,0.0,0.01816988107067763,0.04784582713938739,0.03606245289203251,0.011974560474812854,0.03801895305433743,0.03977385880143779,0.0193629304362709,0.019049535706972258,0.12671557413729523,0.005066461029084607,0.04266542707632162,0.0,0.11622941125625189,0.05487520984967121,0.004750839766727085,0.10808121285705008,0.007565402701520626,0.01113119977136351,0.07535525072928699,0.05831153115033449,0.34296027509051225,0.027106377069655338,0.008617687926545404,0.06753179403305727,0.06178854357400036,0.02845083980361865,0.03432668108517446,0.08783196658777438,0.04737466872469608,0.07327042469850864,0.12728246620218867,0.08776115268102996,0.11969861971470692,0.008054118003856203,0.01254942709810463,0.005406114534311448,0.003851116893870936,0.033270568664599584,0.042517425212318875,0.0,0.05729152702005785,0.021527046558277092,0.046788154462126405,0.0073190890275386476,0.03115735816430109,0.0,0.07316072667642344,0.006195620186892271,0.04049030751548059,0.014192738635348486,0.022598392789306847,0.012493078483284657,0.018704573651652623,0.0,0.011099786613336559,0.05639197204464135,0.007743958946712517,0.023461420824602362,0.01766530610289092,0.009572026102016422,0.1369040735776277,0.03555120777758153,0.005708440783858545,0.018456265616841248,0.013425134071955218,0.032100215778963284,0.12336620448245855,0.02286959883270202,0.016022422437776292,0.004168501895990094,0.005262320772728881,0.1477364515592663,0.16183296570512745,0.0,0.20231601542381517,0.19960294627378233,0.02782277473089293,0.05188603441535849,0.04478564824447543,0.04671093267019294,0.037328758687947355,0.006393446745235829,0.010780111054294918,0.04396046379889222,0.006556187968571564,0.0038672791571889406,0.0058570740370820105,0.028643880351723505,0.11141134318523649,0.05032707002893107,0.008550772418839668,0.018783147478889144,0.16069238355244844,0.26176464592377574,0.1857268521076756,0.1932760912336018,0.25388834416016964,0.24241631151753246,0.07332031048929162,0.04092999789808429,0.08042095491322417,0.07799493247039645,0.03495106814866563,0.007906732950431553,0.02467613563348888,0.022303176370304365,0.05581896381992234,0.2328526845381996,0.9999999999999999,0.07220256623987283,0.27866373396618793,0.028435232036292127,0.009916256357060498,0.02568515759081049,0.03211241390863052,0.05165365375306216,0.012055148533265204,0.005291167747545444,0.0,0.0032291698572629577,0.01212224893440801,0.02159213332852996,0.018755800354723795,0.10922270093432261,0.017888700224976312,0.039816374998539045,0.016554004252845256,0.25732671771951693,0.03221180877320702,0.088726711492263,0.044574173999498576,0.050443312828799235,0.08753216025178022,0.0187897101167293,0.04274572990643787,0.05496518424780139,0.0,0.019296153718276875,0.026945337532681628,0.01782306319496435,0.01857870049247129,0.1810622079009667,0.17356915438712794,0.2255704671399294,0.007715174725347129,0.02818030023931304,0.04570184975537281,0.0,0.009055585985476417,0.004246397074313261,0.016294087494021205,0.04667274850904603,0.01150634479475459,0.027216365848525277,0.01880898373923879,0.02397864809380382,0.028224595382479522,0.0428508204459278,0.050517784557507654,0.015608041496624056,0.1232897113261497,0.016165062503599753,0.04791273107742781,0.049613901621283735,0.0,0.006766824570870499,0.016247844145548668,0.18946358167819827,0.09027837035666621,0.03248414365789332,0.012125976220431302,0.0322114571046321,0.0475184611393185,0.037958106907502585,0.1123684034483422,0.027073553550321473,0.20064659923467704,0.08286786806977198,0.04112506954342692,0.012969117272034428,0.2719577203069322,0.051696422803602135,0.00598085880787004,0.0,0.0027048529028804017,0.0,0.04697691060287891,0.08868183397943752,0.03425907964257339,0.026705703433101427,0.04294356207533876,0.010722568083578111,0.0,0.004818930269265046,0.027574425270238005,0.02315276315598158,0.20776338142574644,0.0,0.0168849509800692,0.009056469159937994,0.03288245813407997,0.008186431838742783,0.02553001112383961,0.04960368862258288
538,0.09712505231804702,0.05349102694416479,0.026417941258129966,0.1700117520204429,0.056676574051956516,0.05254003220483805,0.0144482133930283,0.010985702472173928,0.21911630549023403,0.1752943200539279,0.07465973929154936,0.06437727739620111,0.026401717985113454,0.07298125258971995,0.2244193530591636,0.09756035431976776,0.037688841398912945,0.08938331218310522,0.1378301699993213,0.11467966773392996,0.0429166665980397,0.12012245685367666,0.026486196947537188,0.11007077099731509,0.07604347909393451,0.020921047176059658,0.16761915585215514,0.0685802246573948,0.15111926869282874,0.1122144129996816,0.021947359667662727,0.0693031877508124,0.029529265409809474,0.0488437048327768,0.021018487609095797,0.13434417775799537,0.12024184570609844,0.0259196773914522,0.007357783206015243,0.03163089188890707,0.09469470352829874,0.019116569976826914,0.044214442634638335,0.08685867102663955,0.10313936181967383,0.18322510759976285,0.11548211438588098,0.04726750882546074,0.0965462837130431,0.016092816538753607,0.16770436100322317,0.03996041472497221,0.06799724638403855,0.25528698395892496,0.2646750819907974,0.18874926066642825,0.22872252774263804,0.1774548020217386,0.1532203543874461,0.1616019373111492,0.21851198433113483,0.04221990744968851,0.1871226322394573,0.14825818295065704,0.23095484601610464,0.14423233996847606,0.2131394998440452,0.25516566458716644,0.22490038355810937,0.10441813009725137,0.09860297392617864,0.1524110319943238,0.048226603544178764,0.16688021607209327,0.18088798093869696,0.10100192583055274,0.15381546366748067,0.13609478124453114,0.15020460891378828,0.22540225702273087,0.22369729890803738,0.122836079066098,0.22774586543217856,0.14941450799532138,0.22620905429544555,0.07785176631519475,0.07649739044133509,0.17076308542012109,0.1698730843846451,0.06328576883843966,0.0765175156339697,0.09975216924689165,0.023762920530220905,0.07048565754283849,0.06406686731321463,0.04920856479053216,0.07819189738355757,0.04848909242191165,0.028146836145583467,0.09004720630075706,0.015112363890096708,0.13600318540606285,0.07818417175287086,0.1514103381749954,0.14170945346171493,0.17409955065314678,0.18711603417806294,0.09614487958633722,0.11892379885587956,0.12417816786632135,0.03527979469449645,0.04777705346738467,0.1917436124201297,0.08933256083526611,0.05024229911986767,0.10665131857094316,0.06008334745849486,0.025409721411290005,0.12949754909698902,0.1305321362709631,0.07454065466818595,0.08460524457223367,0.10369126139925322,0.096893243276922,0.07220256623987283,1.0000000000000004,0.15828612240345008,0.1165188648973121,0.07986127468060181,0.135570492720984,0.10797794193627525,0.08005090031215845,0.005917079534812093,0.027564588553724165,0.036038064720782054,0.020393891767143537,0.017220252917398014,0.06766855426984815,0.16571434159664453,0.14030324178354328,0.10723595318868709,0.10866002024747604,0.10545860039768046,0.04416062394319341,0.08570652437331769,0.1263135710475037,0.1911307175680984,0.04530520428689468,0.07664949393228523,0.03586680183462516,0.04329053447614823,0.026688795929644186,0.04162802998904437,0.056291316893581994,0.007384310845033244,0.01541970115381724,0.04213364878426523,0.03365714485979043,0.033037187741105596,0.029612916721106032,0.004377477992657632,0.011968570165705605,0.03750458677770928,0.019973639018966503,0.014372834107477434,0.0171734621140294,0.14593295978433218,0.16404168547635123,0.06036755054251976,0.13681892561314757,0.00938910734508379,0.0,0.027277686408753134,0.017172897730026462,0.02770692155147775,0.042929734925124786,0.17756328319071107,0.04439739829389687,0.056114628335277895,0.07198149097215714,0.026963638686839077,0.06103854103809231,0.1316873115274344,0.0840497310635611,0.051382271441042,0.09741059870223293,0.07649213492922408,0.052144631768162,0.018625343492924207,0.046806891776564136,0.06885467679642406,0.008576282519142024,0.06313066505315948,0.031553207347080045,0.13937354079618192,0.05210556544084375,0.15874053149804132,0.047311385827184395,0.013913455370057759,0.021689716994328777,0.006927713088818434,0.0,0.15576891219798145,0.14119686911514923,0.06287530437160443,0.05438148516156413,0.03708996718888733,0.03019292764643653,0.09173158412759157,0.09794218746388855,0.027612456133568008,0.06719181823571918,0.05445433540792497,0.10776963465448326,0.07933608240467863,0.0,0.047404612392367144,0.09269182513976801,0.05411660187369767,0.05667053728333125
540,0.12391875798395947,0.016216471622497043,0.028341654882470212,0.04649796398671978,0.04472858181165763,0.0,0.006451896031615458,0.0,0.15273674023814937,0.047077782716206294,0.014698976344888861,0.02414182888650782,0.03884355745323291,0.038801360463888684,0.11019999756897539,0.02417975751106694,0.004691350873044714,0.04329758650890836,0.05363153732665661,0.04224155406056955,0.06339985812303484,0.03370468025750485,0.020424182158246172,0.018015063841704135,0.1396290145607645,0.0,0.0995806323771124,0.00922974307692676,0.1911329881840722,0.05211319209028674,0.02867229945185299,0.1317451468954225,0.024332449784522165,0.011772313998183764,0.065724294477343,0.1551970303419771,0.3491850828392826,0.07626278827395379,0.0032206650025867582,0.09555314909085522,0.11852003150428961,0.0324050558282909,0.05246107141239767,0.12796279183616877,0.115808193118368,0.22554685777224107,0.28354886853759204,0.07182100552287467,0.09075089330067093,0.005387068330630053,0.04692267514191924,0.0125891975149924,0.02501015984955341,0.07031736925945722,0.11897601274463886,0.044955854997565506,0.09840932000525084,0.06727912998600896,0.10078999095459851,0.05353021767022477,0.0546662080343686,0.013803900697980404,0.13982524883040523,0.047805840564359964,0.1419221362509239,0.032695148271033876,0.08442701553579132,0.09259673300686484,0.03481083315711027,0.016311876906451847,0.05197009875326205,0.04407777753308194,0.03139348466498512,0.08048301171646782,0.052754296034607365,0.10949502982512391,0.2367498305775419,0.06635307652305124,0.01546499039770139,0.08434372531599049,0.09346930832928169,0.04320684150896013,0.1922961642617286,0.09463084520836754,0.07157543445164513,0.016385435166437017,0.06360704085030329,0.20962610010974814,0.17594670260361647,0.024874797337384884,0.26910964174179175,0.30269298841324616,0.005083854403180358,0.12089904975277778,0.053400137755160074,0.031683796255799146,0.06826883737048511,0.07939366028880464,0.02638681852785168,0.09218402543132756,0.017222954773496186,0.04718571588629205,0.0636938624608366,0.10361131439009351,0.13142733469811224,0.09948497791527959,0.03556051231785965,0.0670711842444091,0.3382703218384402,0.30471248255185923,0.178039913597222,0.19778983365197456,0.31399601308587505,0.19848278743027067,0.07838741528426786,0.03865791656920451,0.06336498039280418,0.03910989568126626,0.039457667396549254,0.041918039430777015,0.04430456929110657,0.046224278257567634,0.10916442365040727,0.2626633763038292,0.27866373396618793,0.15828612240345008,0.9999999999999999,0.06447985840330758,0.03205823306031574,0.0757974577121205,0.08172920633109791,0.025565796780602095,0.01324189300478814,0.019613266329752417,0.02858307292599659,0.01596533718677492,0.014513927817352345,0.02751151145481602,0.08414870504208795,0.07922605544652696,0.07200850577138755,0.06612911868166317,0.03760695723424354,0.2641727970615672,0.04006668162758773,0.09491939809964331,0.0763902757379823,0.01591489791739032,0.08727575673534721,0.04229433302660004,0.07036470148359078,0.059398705517444514,0.021089467621846592,0.0798095835946254,0.02863629013657612,0.008539739107106346,0.008120672173822173,0.11310360571248007,0.15865422087591624,0.18006110358122004,0.0,0.009950078699181547,0.013258999438315095,0.024238643822277653,0.028827040132564832,0.01529900667163407,0.06437589324590348,0.0882852208990698,0.024880457364602853,0.036256888755932394,0.01780986498730432,0.0044007359942017715,0.0,0.04022775983249509,0.04535185750579864,0.07470215779905924,0.15222721471267125,0.0537797964242996,0.023629867736319046,0.12018474815558552,0.0032179483720811064,0.02431435611623515,0.028941579818259868,0.2578128880644114,0.09962558618617706,0.1389487634178986,0.08018550636126565,0.03183940358956841,0.06575561474982214,0.0829716387921038,0.15305396135101088,0.03036610573828378,0.2040670656221666,0.06507877479766312,0.061281483958894635,0.06759048614928119,0.4946523122236665,0.06049170987702998,0.020965933767573414,0.006686136773753337,0.0,0.0,0.10937028011247235,0.08605580311441165,0.03251433617740223,0.04455367617306312,0.1202220183788976,0.012005663224948445,0.0198716467805679,0.02318216656251107,0.06062379099078558,0.05648864177056731,0.17261863082444545,0.018199860487319423,0.009550912851099639,0.012756746142250742,0.02977524112441762,0.022045833236470993,0.053243451374027945,0.07500421901873755
542,0.06694871882499126,0.0,0.0,0.11673755393586065,0.0,0.014009768463366592,0.016174916236302402,0.0,0.10890975943558791,0.1565256982484085,0.0,0.010452922161204949,0.033433567867217975,0.0055274477731477,0.2551460108270223,0.10391563495773225,0.0,0.010586582686057985,0.03570916710139645,0.057716710521125605,0.021365126180725648,0.08175135233757613,0.00999218078390749,0.055184898431735685,0.05605104596637889,0.014654192071206992,0.02108446838692863,0.010769744647881337,0.05601611921246327,0.013817325610926048,0.015501030557302058,0.027076534500729138,0.02238322132303583,0.0,0.004977092682002244,0.050612493467396366,0.11914732788856393,0.00943329936118365,0.011476613728249131,0.01499809604356847,0.04608889289818662,0.0074967537854796875,0.0049239084106055715,0.037737310663142724,0.04373070019791912,0.06602708590107059,0.09342967563513878,0.02465303636928602,0.057395716704526895,0.0,0.1283005895201083,0.030335160949875824,0.019279498867720134,0.23025605651111217,0.21841917598112487,0.05976839795370577,0.11822715611546315,0.18089478607204273,0.111224296519281,0.05237456628319783,0.2968878250855629,0.010807796310518777,0.18424969864552368,0.16531876649896346,0.24276165573726474,0.08803328570520355,0.2121151403903106,0.2127399771782487,0.1261105140331456,0.09302151783263195,0.09864899132921284,0.2070618577272021,0.04811325635021916,0.11913487884561988,0.1321868452566398,0.08485655096951658,0.04412881463205026,0.163898563332351,0.07624111894823976,0.15055119926505492,0.0904363024023352,0.0044767017332351606,0.3009160008486644,0.08727722780659877,0.23882487503908786,0.07134165477646484,0.01854634524296116,0.09716778001760892,0.23352704762576615,0.0453658649211364,0.02300208816519279,0.028114932800375442,0.0,0.006433556322465195,0.04168939553301752,0.007936554450997188,0.06545784115069757,0.005444012734981285,0.022291175804620332,0.06586758163245579,0.005146153153868109,0.08471558983377316,0.06308224426008192,0.1983963683398502,0.12839604740597976,0.19690410620312074,0.1232033214339941,0.07438342113233998,0.15419110244113257,0.07844602402879591,0.011218185811847631,0.0,0.25227244309617436,0.005200992278931073,0.04001878905946203,0.026105318050778398,0.02872246205157665,0.09089842014410193,0.11712034569746155,0.14251009150152996,0.10777999236469998,0.11464471806784647,0.02116331976404355,0.06880165746494077,0.028435232036292127,0.1165188648973121,0.06447985840330758,1.0000000000000004,0.13366297854454698,0.15456401334874334,0.11320477308941043,0.05540047138079321,0.006545950553755015,0.005678524896673098,0.012921837206215255,0.008783925880003512,0.004256255461286121,0.23441256779028358,0.15010353040677957,0.09173795156757902,0.06245318012144859,0.03912607786892733,0.13181042046908925,0.03505744204663759,0.0809185624314141,0.005749617357300147,0.19899858400086587,0.022102024837754333,0.10721276850741017,0.020237896499361543,0.02077001493286215,0.008362768262075026,0.0,0.0,0.0055320592064085445,0.0,0.0041757696303774345,0.04662861332838239,0.01807839358812973,0.010373437129522281,0.0058897093734706675,0.00546893585165157,0.01605595371790923,0.006648484705089284,0.011700270545822209,0.003355614443894947,0.20250058577386726,0.04850765810203258,0.05017517618762489,0.10958574034871338,0.015140015602406982,0.008374245297047125,0.0,0.0875651784548573,0.017921409709859667,0.009495542207865599,0.08879625655210506,0.0,0.1323311030756863,0.05563891925547964,0.0,0.07311159482680302,0.11477612798007415,0.01995437176180785,0.021345194213755338,0.010628595722454889,0.010429234522810648,0.061184993536127504,0.0,0.013438203394976443,0.03567450935250437,0.0,0.012814873447816413,0.012284961770509877,0.11226654544234531,0.032876223049678646,0.16078292562152696,0.04980657270959671,0.009409618028992409,0.01850804058596398,0.003389848951220938,0.005188210354013656,0.04538428319486205,0.01905874013728611,0.0,0.014153261316268545,0.05003475929559974,0.006554804401381557,0.04339870397341919,0.02784007010402808,0.025102964220237306,0.04678380268406043,0.03120014419533739,0.035804677957647954,0.030403759436907728,0.0,0.03204196645129216,0.10478267938121566,0.0341017207160205,0.129477642056
543,0.020448828246761825,0.0,0.0,0.2853981010131302,0.018378680428413622,0.022145428414303524,0.0,0.0,0.03195775817118766,0.20951256310604618,0.007617631703750814,0.009813447398172455,0.004395648191479741,0.0,0.3343454772055015,0.06312897059670501,0.0,0.006517250292905869,0.03242644729770602,0.0830617282081427,0.0,0.2684410313355904,0.0,0.006281114441203346,0.009412730461257696,0.022298321834814103,0.01394564545862147,0.0,0.011737928148818327,0.12238577534363136,0.0,0.02189314102279322,0.024952522237984685,0.0,0.0,0.014263695769044883,0.02596460775974127,0.0,0.0,0.0,0.0,0.0,0.0,0.0014139019629923913,0.033826798604485606,0.019308363265230773,0.018999440400944558,0.0,0.00563657598487053,0.0,0.20275548934494003,0.0686049621869158,0.10150676661941352,0.4100104915627254,0.3653363860720298,0.1444918308881508,0.21281077213483043,0.3830327498518736,0.16904215520168447,0.23493880864913846,0.37261187036312937,0.17975343783158923,0.12767634446059814,0.4199476618184497,0.324870619826496,0.17844131475639843,0.24712212254527804,0.3712991289763962,0.16385932712251394,0.18817798835827415,0.35963327222647706,0.038430374046864745,0.27751954968614645,0.19639864314668787,0.20157229970776996,0.0446806554907083,0.06863665880696321,0.24384905920925903,0.21846128524319872,0.2374130961438527,0.149863344641225,0.09980956787466162,0.27275609836501996,0.16770999500926612,0.4107398110829598,0.36645963622291383,0.011542338035386089,0.0635511675700657,0.08322223641800602,0.20231496272526728,0.03366902748663459,0.003289676989444802,0.0,0.003829520096518884,0.004430961177769321,0.0,0.017306501215081996,0.0,0.003481360555742559,0.003437226966548706,0.0,0.09617048095925057,0.1479539027307027,0.2787362212302307,0.17059383159453073,0.3778507631388246,0.19845379754374007,0.12369743437647497,0.024614956144780955,0.06547364852098154,0.0,0.005926771965894423,0.10931557132624994,0.004998952082485479,0.0,0.0,0.0,0.014731990956064828,0.2132937357010125,0.16593605827869368,0.03631550116679043,0.29254528420154435,0.0024880570795173173,0.03061090401786519,0.009916256357060498,0.07986127468060181,0.03205823306031574,0.13366297854454698,0.9999999999999996,0.22395312903605474,0.05675504038286443,0.06925719469610765,0.0,0.0,0.0,0.0,0.0,0.1993250739616151,0.20295925569422726,0.06184683690104641,0.11921285088307146,0.014695087042369152,0.31276061945654726,0.040232037616114,0.04896434356967695,0.0,0.32167931421692436,0.0,0.1537371690967121,0.003021940132220009,0.002267275058545621,0.0,0.0,0.0,0.0,0.0,0.004710912718472675,0.0,0.0,0.0,0.0,0.0,0.0,0.0,0.005554603271761259,0.0,0.08095888812780717,0.17181266039773369,0.16728529421264487,0.17677017660086733,0.0,0.0,0.0,0.014008379262809383,0.010095591198531269,0.006837531567313195,0.03844862285051381,0.0,0.04990844680261498,0.015682337983157005,0.0,0.22505213123489698,0.15032415912090613,0.02768631096555327,0.02090684460342331,0.012568652712126701,0.004458813305646785,0.014095709897031275,0.016319085240276116,0.01887246817566363,0.0,0.0,0.005938801350692589,0.0,0.07504363426806442,0.0049050631792331,0.08130460086910778,0.0033329766490549726,0.0,0.0,0.0,0.0,0.0,0.012110276912808825,0.0,0.03353298907592586,0.0,0.0,0.10108648171324736,0.012144170042182205,0.006034330252475021,0.0799245683384361,0.02001546019602222,0.16588193870562873,0.09527556346678002,0.0,0.0,0.15719928338121952,0.0,0.005136464751473974
544,0.0913002346753363,0.0,0.017948110687606517,0.204299231302391,0.028757871638764487,0.02967772041228909,0.0,0.0,0.0665744815434419,0.19114182736087337,0.007158662038431393,0.020759925725708006,0.00443664365805291,0.02169852909154405,0.363184544987919,0.06870441566633845,0.0,0.02359379621278807,0.09612266693600985,0.18953640661514579,0.012239869705473331,0.19514683091770602,0.018302168519684157,0.04533228808166323,0.033926235196693515,0.01130193569391927,0.011511926600069538,0.04752778860156165,0.08100913121805425,0.18351691809490803,0.0,0.008093593154275887,0.015725753560280217,0.020770754905026098,0.022916603799934973,0.03326438759557825,0.10640297569589093,0.003736036171644395,0.0,0.008751670713284806,0.015296336774690526,0.0,0.0,0.056706509644896284,0.06139938488909997,0.0750261330462662,0.10335717698365114,0.043104768928464376,0.033415098556459286,0.003615153449955922,0.15445720943630403,0.0630902534527575,0.08045666698526235,0.34598512296533473,0.3269788907639069,0.1809021699068154,0.21864306859879976,0.3439177590411358,0.1517107564051753,0.22008463530749722,0.2730608764997951,0.1270261140274713,0.1754870371902335,0.24368819015312687,0.3444409398185049,0.12350999554173106,0.30791373218835294,0.29467764549698094,0.11531895530205782,0.11820652395256298,0.11821237502271367,0.02513036243107363,0.06655731181275966,0.17226903758482945,0.0769647337940896,0.165217999227864,0.14094370738691575,0.3007865466477443,0.10487033968415449,0.18650530471196378,0.12500320895583839,0.06261942277312674,0.28941095624762275,0.1964004731345939,0.23392304960855678,0.2716258237914453,0.029112891093333645,0.11883054989109529,0.1401551192677553,0.21301408425239696,0.04242792587482158,0.015286532963009985,0.0,0.016260741178683206,0.04470953446385632,0.01856544341293488,0.027276031763637503,0.01353496149693016,0.009329227326228408,0.011352132762038041,0.020564774640300095,0.1280676351275541,0.16989922764905976,0.3176986524843876,0.25251147116261924,0.4145311747921677,0.13847358547535163,0.12535446984619694,0.09263115056095124,0.16756869701672814,0.03763587065354149,0.039853106465899436,0.16357866711394106,0.022920994431424105,0.058449306479553806,0.03288064048101075,0.031067954445277383,0.11129284402161752,0.17014159147064067,0.0995267483596098,0.1693800479519887,0.23946463603823462,0.013068892224084248,0.08419077401652054,0.02568515759081049,0.135570492720984,0.0757974577121205,0.15456401334874334,0.22395312903605474,0.9999999999999994,0.05304294859327058,0.13302788080368796,0.0,0.04057484658588101,0.00741026766482057,0.0,0.0,0.15857095014516612,0.28413263586055276,0.14393497079094628,0.15914320855795389,0.07603973657644106,0.2772860133370778,0.0797684857552182,0.10077084410505506,0.09785167906035129,0.2768391661464264,0.04632276937818994,0.22858474579929264,0.04741411511878026,0.030928895471641186,0.020916213236286535,0.008226516529382564,0.0,0.009072977595659013,0.015908753826115268,0.03360474852079724,0.016778213915935883,0.006339115312221314,0.021527663646398833,0.0,0.007157416873808672,0.01274015862541949,0.0,0.02882400118390711,0.006291279220487731,0.10663883757666591,0.08311036612295516,0.08779700952940812,0.08750857044263222,0.007116232516414142,0.0028395848331330613,0.0,0.04787346517493728,0.13294740905045313,0.06840444227983644,0.09797897827658507,0.006042371610696963,0.16160635489149827,0.0159053362031122,0.04944770381185476,0.16694960809435214,0.2337583430248448,0.07098199887905432,0.033976603252379896,0.01646111671824904,0.031512739468944964,0.06002496085699277,0.0,0.01703287495404418,0.021641149358564843,0.0,0.06493663048866602,0.017864885395365255,0.14221981679163576,0.054653961972170144,0.08904616788946851,0.035393015978876875,0.0,0.010354458952295316,0.0026669711162266773,0.0,0.017389413664026604,0.05274001631500402,0.037397266917981946,0.049329239041971285,0.013936590258483041,0.02137502742064183,0.08031038996281283,0.06052602754130335,0.006313102988060932,0.050803435214397175,0.02928514740285473,0.129399265225687,0.09828729863802117,0.012988069325802355,0.028487215565915706,0.13124945352195438,0.01771502366798791,0.03626138612617074
546,0.026028611734180303,0.026691317709261447,0.03806555070826642,0.15963130506862794,0.09595411442281139,0.11813742591512519,0.008501623899300223,0.06292695603043286,0.18488254752399125,0.16200388192674148,0.02387474561929348,0.026495333188714266,0.041687421557414985,0.08020846215756244,0.2537775548415449,0.12546492814928276,0.0,0.09978064352040528,0.040958923494881894,0.07403518277803965,0.038804152903890846,0.031234001267451326,0.003169057354583016,0.0992239262197172,0.0933221138049474,0.010781788380454316,0.10715799132473303,0.016656502866197253,0.12264620611699714,0.0285174688538736,0.061492747551816114,0.018610029596575255,0.0884831552041965,0.06500845257937077,0.030063907071370632,0.1828079297182304,0.05955749778714843,0.05665787255092955,0.0,0.051303668082275725,0.059221446993290586,0.06118239575475973,0.031245883239831473,0.10145676324024629,0.20145165372238555,0.1865358118337159,0.10851054495714055,0.006152709129334165,0.03228828296937953,0.028475149384704967,0.06559457172949622,0.007653865647396249,0.02310477441496641,0.1655923178756483,0.1516374126455515,0.022392182563981074,0.08892034995490967,0.13190900205749548,0.08580297079614194,0.04682748330332787,0.16801110267055983,0.052501717519427823,0.29790956441934013,0.07238477880158369,0.2441086142940405,0.08338048357251698,0.10585648399846907,0.20126040883469679,0.1251683541850224,0.05803969796972823,0.045774393728321754,0.06681203368456458,0.042287303816077246,0.06731167002970953,0.12409282161810649,0.08777544823861345,0.11034634244682485,0.061773521484348844,0.07617620908686092,0.13747852271625727,0.09867600004204342,0.11212629303524983,0.10662518457165494,0.06476008234013915,0.10354859235586969,0.0837150364483184,0.07481879156667334,0.04062955928714484,0.05542224546143486,0.04757311964767378,0.09871586220386706,0.044522916235619374,0.03309878860294975,0.09762460832145105,0.17607177583229863,0.030438153666587836,0.19515798578246937,0.10312133641695888,0.01897141099145662,0.059098153347000214,0.02556842325199077,0.056801086257021585,0.016856246396771885,0.10996265489153853,0.1596309137231198,0.1866673694342729,0.04808955196005272,0.052926198321595695,0.03626279478192586,0.07747586854960156,0.012093210230158458,0.016693978198116178,0.20290701277786896,0.013402406747217216,0.0,0.0377754554044383,0.0,0.040341961912897205,0.0433004341023656,0.14795001347652176,0.17859483823140915,0.08798812559642838,0.15029294781891364,0.04132762966126558,0.03211241390863052,0.10797794193627525,0.08172920633109791,0.11320477308941043,0.05675504038286443,0.05304294859327058,1.0000000000000002,0.0719605262128021,0.005100934763204254,0.03405055704967401,0.008281343925391127,0.011187148588336717,0.007229361249694185,0.043781250638998216,0.1131049415382473,0.07094448427662702,0.08165313360498529,0.04569872355318928,0.03497754828426261,0.01002387934998788,0.13222497753637694,0.06586778025477086,0.14944736673656095,0.09429935246786578,0.07233329037307717,0.0073529414697219506,0.01297024097948157,0.05640697117586182,0.028186792563322717,0.12799769345866943,0.01701135056004868,0.019444448544332502,0.1394283670307785,0.019631134636359335,0.0,0.004370597817527984,0.006406742488894862,0.0,0.0,0.06116177756490512,0.022990918515431436,0.0,0.21825126728543173,0.09829639499354051,0.09263354843474281,0.03155933158641054,0.003090391627030148,0.0,0.0,0.018750661547290833,0.0,0.020481594479670715,0.019319947181787905,0.12270191779817756,0.03924069499834383,0.055415411690058605,0.019810153901918655,0.08207211239631117,0.05553463216102428,0.06627276878410873,0.026928547584297337,0.21673668573519142,0.2349032806106662,0.06410225835095858,0.02518514201520706,0.020277461978770873,0.03819760918070326,0.0105102323762972,0.02114957292813275,0.06892464900188561,0.08863834212433336,0.04350874297422321,0.12916652673113094,0.02434721066532719,0.0,0.0,0.00456527725727771,0.0,0.11404337819237785,0.0338872339296256,0.14248777596869414,0.2809309445205428,0.014157639377633216,0.0,0.005365787843458335,0.02144830194134792,0.054449079709643605,0.11689629767146079,0.01919534334509922,0.08576913981069811,0.09681034647634416,0.020246032000654807,0.027215967792150273,0.09571937789573381,0.11527824557912583,0.29421706120409974
548,0.02990065906692295,0.011179810690278222,0.010180439369932662,0.2659239030558325,0.0383486546130388,0.12101959220124411,0.013793202155851359,0.07460949406129344,0.06483194001947211,0.14767267519411326,0.03743292672447647,0.011313182125901017,0.06370867712351212,0.03855693911692462,0.26312741136842954,0.19790509667298883,0.019070838185769757,0.042451197254318465,0.042205446339489555,0.06788028132394812,0.0194591115743355,0.06605030412581009,0.005591716986139356,0.08411574027863414,0.06651500607264606,0.0,0.04949591673386134,0.005293641343155937,0.04497559970115398,0.11807994697077134,0.03747563294833601,0.013480925462718858,0.058110086859237395,0.025864303935472455,0.004799092449758935,0.03063699085653447,0.02158109118107228,0.005976218575684835,0.009000485491313673,0.0356260622024329,0.003352537079757138,0.003696756116194717,0.0054018921746347,0.04257494952026203,0.10367983160794972,0.06934883190853483,0.026308964892564006,0.003093403536963208,0.016663661858845054,0.02062598771487362,0.112047712215627,0.04045814206969828,0.04631907798989447,0.24095764184660973,0.18880495982365528,0.13429713551989042,0.16451143869105772,0.1876171089544236,0.14413002847379858,0.13989342963741014,0.14376235595468542,0.18506984547027017,0.2151143300654506,0.07376055551746696,0.27804706044729716,0.1264488866381602,0.17573118672702687,0.10156723133254254,0.08788153318920305,0.18301931089795503,0.05190563741861322,0.13412615303614867,0.07473074166616979,0.10900400356802298,0.014821687738088975,0.023511095127471536,0.11757369946575645,0.11119079078233879,0.03080593873577668,0.0875918835320508,0.020062510426376218,0.1406276548502774,0.1452741399626755,0.18424811373166555,0.0663404310339152,0.22551232580364547,0.0,0.0468815922409956,0.020103035650754907,0.08085340001362375,0.0646835227808247,0.010911023078294915,0.026497108819835493,0.0073708847100421825,0.08677130863525473,0.02639189427513055,0.15505494829935862,0.03287215748785908,0.0,0.010906059606082735,0.02395745147067739,0.003776248618471142,0.06066344549018544,0.1344745168406009,0.13952464622177427,0.23340123072249036,0.04741244122236482,0.05431856601117092,0.014703098147081083,0.047993425604718976,0.02235773348243557,0.023610267492699184,0.13275884615221142,0.006636850553723309,0.023229446271967026,0.021456770175327794,0.0,0.03419919730494495,0.08866109259291523,0.03758898153965368,0.23723934244263556,0.2540377151030653,0.02854821845098724,0.04436446345942693,0.05165365375306216,0.08005090031215845,0.025565796780602095,0.05540047138079321,0.06925719469610765,0.13302788080368796,0.0719605262128021,1.0,0.0,0.024113093089494303,0.024498671172623044,0.008170993320474837,0.0,0.024416917383384373,0.17425188283424028,0.09957115099337539,0.13765872959488626,0.060658766889331556,0.14322599511178968,0.04845350951054213,0.43648735662547433,0.15338774520890494,0.1285484419809673,0.2575745924352129,0.1841761266020922,0.0,0.00264299722931149,0.009032753431464433,0.0,0.007719371039921367,0.007949335338668585,0.007514483696080807,0.06319215829902874,0.06463316898917776,0.005130130102232913,0.014852518053653214,0.0,0.0,0.012871038667505271,0.01068755740509663,0.00867902070910984,0.0,0.11478157419664319,0.05300091467031685,0.017997949988319988,0.0,0.008287936975702083,0.0,0.0,0.01871665294840478,0.0,0.02707490754388931,0.05296714320993931,0.028088550719965816,0.07502170380415864,0.019141568011677337,0.03614606762967143,0.13308635692217702,0.06239253836020326,0.042320336800878836,0.006655808443024476,0.0207071574831582,0.029237466804979455,0.1696977407977409,0.0,0.013797057142158071,0.005670143924656748,0.0,0.0219658541711969,0.00592473625647593,0.1208277918143629,0.01358332888504579,0.01994311459702722,0.0,0.0,0.0,0.0,0.0,0.06678614917416324,0.13364096815152343,0.03666005357545129,0.07397235639166339,0.0,0.0,0.06603108305921604,0.03127924312515191,0.0075737720615906496,0.03735000981154799,0.0033340184919907257,0.3951948209930859,0.12051680474732639,0.0,0.0,0.425162178179282,0.08324366943159225,0.06621035615943571
562,0.06440954360124547,0.016744235267871128,0.0117359244863859,0.0020277084751637807,0.0376560671239669,0.028840687173099015,0.037788450860757966,0.0,0.05887739046311649,0.01806765480473382,0.007193272393977365,0.062352574126377194,0.018139497659221737,0.02616190128653218,0.009179368260693816,0.021338909420945008,0.1005666742994604,0.1283010063858758,0.011508158233263933,0.03488861509590043,0.07993902723974203,0.0,0.32402769499666073,0.02683595561183069,0.054511801137369344,0.1019547478651806,0.03201670668556818,0.012339464406643307,0.10924774541334081,0.0,0.02706363074395891,0.08713656768172048,0.09627853343286033,0.09413139841657907,0.11158747178327183,0.11352202163728706,0.020295440914282214,0.0895329049214248,0.21353267818761404,0.020524948427934158,0.17264980035598404,0.08255103417990121,0.22873185628962134,0.3715752924202595,0.1794073600215639,0.0701123765337734,0.07754310055159258,0.05963655176117248,0.1864355771150263,0.03147093424014424,0.0,0.0,0.009453405910903418,0.003171474390962402,0.003119119202715074,0.0,0.002569852411975323,0.004753753763056981,0.0,0.0,0.002142647432753524,0.0,0.013109376900752487,0.0,0.005754670895888056,0.0,0.00705439795350264,0.01595565687830642,0.007166971901751228,0.0,0.004895399334147537,0.021963693618001504,0.0,0.0,0.0,0.0,0.004859664792092598,0.0,0.0,0.0,0.0,0.03505848671583862,0.012196615421707774,0.011152514759419786,0.0,0.004536903554155846,0.07863231078928438,0.02138714905942845,0.014997357224502461,0.0,0.0,0.06244783390404652,0.03156082652476545,0.1269535053730421,0.06355106309963507,0.11630731277487949,0.016315904806802402,0.01081356911663713,0.15840748776991567,0.07688006600665137,0.08865048364327913,0.0,0.0,0.008532112131276592,0.0,0.006984952531061423,0.0,0.03582202887507445,0.0,0.02340107552983762,0.02493857461005153,0.010069025060910921,0.02585010438168249,0.0,0.0121725135814277,0.09557238138874627,0.06593312682257875,0.010745433794865703,0.0,0.0,0.011454034623661985,0.0,0.11042665490520914,0.013953461990184525,0.012055148533265204,0.005917079534812093,0.01324189300478814,0.006545950553755015,0.0,0.0,0.005100934763204254,0.0,0.9999999999999994,0.1926137355566409,0.2199281695162097,0.053359166545459066,0.02375370049008944,0.006170299517202287,0.01354044159751769,0.006270408815113682,0.003083834325819254,0.021558857949163717,0.0,0.0,0.024331939303442088,0.004410426174077598,0.0023289430770285467,0.03223247037417263,0.009032679120904417,0.2252656087062246,0.14874953528690923,0.3095764869487229,0.08073634482505176,0.014634424086607981,0.09610598912693154,0.4373218402517136,0.02219300406380055,0.0,0.036832054063162076,0.0,0.054839364116388484,0.02027658989527472,0.10713552899689469,0.18507878465296934,0.2405445788786482,0.32708318896405875,0.0602802244801173,0.005727410285840019,0.0,0.0,0.10652929800348629,0.07366500135318305,0.03838466630039602,0.010958363585019898,0.07391661286832585,0.2362325632863149,0.036161534678673536,0.0990157764269637,0.0,0.15046567001128092,0.020152708531883196,0.0,0.005854012233255791,0.0,0.056331601570602075,0.07437528844791397,0.10085317493667262,0.02297462907093722,0.04176052793390435,0.02209141120291441,0.021645498007314294,0.15606345716536,0.004681647337420892,0.11981889246556604,0.004886498339609474,0.10449902799135673,0.03361872486180733,0.12157852535490392,0.08454421219858303,0.07512956502296458,0.23234839482879388,0.18789509985709751,0.02337309105991489,0.014756035848663166,0.017611124158209514,0.0661471145834605,0.018774683025733357,0.4203683010934693,0.00838724977015895,0.048198915602680005,0.1621314687938823,0.006092745715181313,0.014563877197500463,0.016191222345384372,0.0,0.1224563535758755,0.10576951212274459,0.0,0.025697001869664095,0.025200130178637592
599,0.08582602077891101,0.23432937421760194,0.09538687877972797,0.023634308645697856,0.07911765256664223,0.06369978114665624,0.28852550969721424,0.027532623335412558,0.09884257331581264,0.08801175758633334,0.12570500320555966,0.24666601145400438,0.08928719337258051,0.10511074487652138,0.07905003543479384,0.032450181927674966,0.05444520891401087,0.18835758799400956,0.09606025940107299,0.11229623693454746,0.3404625546789438,0.010143799060978537,0.22491259989984225,0.13555448649235843,0.15984791158692432,0.02134467555527416,0.05986814215212,0.1495894774748842,0.1318129388151566,0.016798046333065784,0.05170131373925242,0.036371687346032286,0.13019968153099015,0.2321719688042854,0.12234897280487102,0.12313936831532304,0.03410674679899425,0.06668232008621175,0.15335770507858892,0.05910961622194431,0.1320537076376025,0.13173137930336853,0.132197290187149,0.31318403880176254,0.11284407733213699,0.14163955368948858,0.053018217319650146,0.16935376372754998,0.1386433663532606,0.07613447433491391,0.003960069331903315,0.00833238399855266,0.016333149677493403,0.02882517147905022,0.02123584286510486,0.0,0.005039187963487477,0.02166597607225062,0.0,0.0032516498381537223,0.04122261174712491,0.008303615762462437,0.07457039016318714,0.002131738585898035,0.026704558467658582,0.00784962438451097,0.02578035645864097,0.012067560260142027,0.0074954990611255995,0.0,0.0,0.038069764164096916,0.0,0.0,0.0,0.007531212819087477,0.005874712692662387,0.0021736085989516167,0.0,0.00564560834191413,0.022499673868213492,0.024911730304925064,0.03669016600012143,0.0019025267903014014,0.0,0.013172534327423529,0.056221656644291004,0.03291671054853115,0.017638501019445744,0.004836543426398454,0.007534513231320263,0.025580271234599376,0.06771093686802616,0.12752387833291945,0.1255631162060354,0.26377720443001024,0.04952303330158362,0.08021276921416039,0.15616143943254066,0.0582694346683827,0.29508348187557787,0.01048554460066291,0.002185589217457941,0.006664804945522913,0.005347291192879006,0.01034677949707897,0.009826064944035708,0.033038302211449426,0.0047672958257610224,0.04570640196106486,0.003422405376123586,0.012185393066750209,0.03160332336892772,0.0025282932254553606,0.03137212603195546,0.21188039831628236,0.027775185606182626,0.00785038146203079,0.0120214094200258,0.02015528524524607,0.039381184324663865,0.003101585354256494,0.10482331402745165,0.00358399057790405,0.005291167747545444,0.027564588553724165,0.019613266329752417,0.005678524896673098,0.0,0.04057484658588101,0.03405055704967401,0.024113093089494303,0.1926137355566409,0.9999999999999999,0.09923559282925992,0.13618728736029342,0.08140783499098855,0.009770839002433813,0.035936746185864336,0.008103758656206916,0.001988187780955884,0.03826741593466824,0.0,0.0,0.05918339293855117,0.014801346223436138,0.0162995277518924,0.03483984438565408,0.02636043871393642,0.10327213697518779,0.07105489897780327,0.20531468342102346,0.1790826758806091,0.07857237466506994,0.13637261597289613,0.2744293498306264,0.0735599543638085,0.010774682608706884,0.011589842429833751,0.0,0.010365932036081318,0.013825661318129807,0.08955518044520833,0.19623502305398957,0.14166945583180887,0.18822616515343818,0.08700842284095504,0.0,0.003044087115434478,0.008651983860975451,0.051984073288108675,0.044666272414523756,0.032415754235206234,0.008373167102558473,0.05743413320939651,0.26869063146111244,0.0037389145750892742,0.10379644700822153,0.05732466167984256,0.10591150827095241,0.17170649767971508,0.006397325923964579,0.004463503623698609,0.0,0.021571897564889014,0.06227520636996091,0.15242499082122205,0.10088964509791165,0.04372221850349153,0.049456315719229024,0.05758726616020043,0.046945560769819844,0.00977177991866229,0.10256471171140741,0.05531783225263415,0.13410632463649738,0.0383209517202793,0.09062676996273898,0.030463051480996983,0.023365695352499556,0.06891756230957628,0.06500841438793496,0.04466377510982405,0.00663252733240768,0.05917076493210574,0.07590103239837406,0.005472671782306569,0.17321459617629448,0.0,0.1022346728660936,0.11756231697724201,0.01695647445542165,0.006511242357417034,0.031899279160678494,0.0482971810310602,0.09838843873314092,0.05830025370737434,0.03007859489019944,0.04970667657611637,0.0669701342277432
614,0.11014879904568112,0.02996320622423234,0.0339780917128184,0.013597903987485699,0.0779701969946307,0.0314489843139872,0.04339110635869754,0.016188994343430636,0.12569803638922822,0.030176128908624596,0.06367052786484016,0.04882113869046105,0.05267417908157161,0.05146930958440549,0.010732807394827432,0.004331969106203058,0.1061365419789383,0.19548367919543638,0.00966157212456804,0.037306027403951156,0.1266922669722933,0.009148123626629168,0.1893817312771374,0.08513327445428075,0.11447141504803067,0.10748014790126446,0.06188147803141623,0.01083062948920179,0.15664056044811564,0.007491288836713217,0.05122874590898455,0.16166725664301124,0.07332353685986777,0.07336514403310106,0.111766284871658,0.1060652888823204,0.02464235483162899,0.0860549631189994,0.13793566391741094,0.06885035876311454,0.2389341577040123,0.1034324689439236,0.27040043796696,0.2004201202078352,0.20731598452950445,0.13489628042195714,0.14372389654546763,0.1013707365734951,0.2753109502990022,0.038040512023138254,0.01146530873710128,0.0,0.020645017611295412,0.009203264295832222,0.009159174670523742,0.0,0.0,0.012311659197232363,0.0,0.0,0.0035180362381017167,0.0,0.03052331208268813,0.004859296195689376,0.01581787344674355,0.013373263630595617,0.016173223351873954,0.012723856127130216,0.01037672464825247,0.0,0.0,0.06935085184662236,0.0,0.0024491098066810484,0.00495164214812469,0.00712446279235887,0.015432314166997689,0.002668975651699803,0.0,0.015232189259906322,0.003479214944381973,0.01640946909709544,0.019367376290057615,0.01402638171868029,0.002265057882403051,0.0,0.10330022995544785,0.08329867201399539,0.03188701359709182,0.0,0.0036790663351214765,0.0716814758568538,0.06432894281952563,0.1391096851092672,0.03494640075760996,0.050723154723326475,0.010370240156698947,0.011350916278163278,0.2547442500897569,0.08391382901432114,0.053718554759867365,0.002252984585376709,0.013664554333942647,0.005927943035867169,0.01860766418581698,0.01131932369252185,0.0063989099033538825,0.06928451251000102,0.02193284975991178,0.038115306782664574,0.056454053582897415,0.029184848471704015,0.054449099401176156,0.02114222166043769,0.0525724166335652,0.18572859726862903,0.14711904567766093,0.01708801051855112,0.0028584950097316434,0.006924128135451916,0.011795802317636696,0.0,0.18711618890493256,0.016718438585684278,0.0,0.036038064720782054,0.02858307292599659,0.012921837206215255,0.0,0.00741026766482057,0.008281343925391127,0.024498671172623044,0.2199281695162097,0.09923559282925992,1.0,0.06785304553078765,0.050089235047804846,0.003565668166768593,0.028874894121932584,0.0,0.0,0.08806520012649202,0.002504294581786873,0.0,0.03968549998489222,0.0030061019357192523,0.020690853120686963,0.03999492708691432,0.009011166089380303,0.2123197631299401,0.232225634996353,0.20159476740886814,0.15502231868982705,0.04831623188567706,0.07113903176451163,0.17940975771477158,0.02110275867606688,0.01000168373055841,0.09129476274569388,0.009258899720275268,0.08424412797769833,0.15807545053015026,0.44707933051639065,0.11372194943165102,0.17918441430295157,0.1541704098844611,0.0179682645467152,0.00857767364407279,0.0,0.006978439358740334,0.1477335737639203,0.13733248149375388,0.0625795130891162,0.02930890236513746,0.05705673956402858,0.2006987806064389,0.10196302251098929,0.09161899310803476,0.006330753938731113,0.31320340005744185,0.003618336471431521,0.0033357145177647625,0.008204995895168349,0.0,0.09997601078371111,0.05988192104490366,0.08489367981688199,0.06352002760984286,0.028534170138638924,0.06096265006922359,0.18649440133349665,0.26962696932960056,0.057753760098709334,0.10906526263703101,0.003330587915500273,0.08184970912662493,0.020667484459534848,0.1416362199910475,0.09796989543658303,0.07409944206861499,0.14299548230616907,0.13759891787415926,0.11828586652861497,0.0482571197082355,0.029948413615217138,0.0579170715264529,0.11447516162257092,0.21865776837792186,0.0,0.0038566920082360448,0.11343740575217402,0.02566259737975141,0.025747599270813208,0.007214611323459781,0.020538053982308603,0.07780819060687272,0.12673775093906658,0.003916813096354412,0.05788055515191683,0.006100084810798662
615,0.0075196799062076875,0.01784580532504602,0.06587772307714768,0.0035546208162562662,0.03818570763191581,0.03303436570670981,0.038229798546220536,0.0,0.07928845613925702,0.021956222614945453,0.021602510067287965,0.013699120792512542,0.10847741437847506,0.019325694901040878,0.03177395291619839,0.014276243916226849,0.06361082052168271,0.27153986802685376,0.007843388020900703,0.019401220775167757,0.11645997169627115,0.0,0.08626867358460531,0.041449955981187885,0.14759741726724152,0.0,0.033059210458209635,0.003173274778639906,0.08184416082344319,0.0,0.12134097378566275,0.016512585611615987,0.21270708533859575,0.07859009353263857,0.10807575479234138,0.09538078374117763,0.014187161126847004,0.17690064197757988,0.13449741005590288,0.2408388972997136,0.0420937796201055,0.20565815416373004,0.12080460250972727,0.17618209748938152,0.09332769432336838,0.11212890735287068,0.02056361857690611,0.09264095597195246,0.05350429111383831,0.01177170766389124,0.0017948662968224067,0.010072492532536023,0.0,0.007787762998207664,0.002171328984450877,0.0,0.0,0.0,0.0,0.0,0.012816623352105162,0.0,0.027627215958407166,0.0,0.015628927610450278,0.00525820589398262,0.0,0.015021509643782424,0.005294197541476996,0.0,0.0,0.03164482619157022,0.0,0.0,0.0,0.0,0.0,0.0,0.0,0.006179818227209311,0.01247068886615999,0.013310209223810984,0.013362530737838708,0.0037449810415139417,0.0,0.0,0.021327909037588594,0.005349504285566707,0.02473312513380333,0.0,0.009451867734243573,0.04831015876528854,0.1404083193805261,0.1498903543829462,0.12798278164039856,0.19265174810004337,0.055709057816576896,0.028972036320998394,0.13413879676142573,0.14794462152036397,0.11177563132965117,0.0,0.0,0.0018615956003070967,0.0,0.012217390500694564,0.0,0.008301932058955635,0.0,0.01836798813114328,0.0,0.0,0.03658724310281107,0.0,0.012106826564980456,0.06831070039449376,0.007880428396836166,0.0,0.0036476907878823014,0.0,0.057255528942454365,0.0,0.10082362752222958,0.005344939553122408,0.0032291698572629577,0.020393891767143537,0.01596533718677492,0.008783925880003512,0.0,0.0,0.011187148588336717,0.008170993320474837,0.053359166545459066,0.13618728736029342,0.06785304553078765,0.9999999999999996,0.2070113745086807,0.01576948729006584,0.04596869800056355,0.010210912987827224,0.0025843192964539823,0.04450350318590124,0.002930253433286394,0.0,0.056351712314602745,0.00361916007693758,0.0020427261762842276,0.07652125426592646,0.006412400607284888,0.026168550871184658,0.010109115047720756,0.11393083426607793,0.09383697440209596,0.09053936311881604,0.07055591612829061,0.034400984182756944,0.055846458173676304,0.028703325829472513,0.0,0.0,0.0,0.0,0.07938364345887235,0.11451974356130856,0.17400052610703545,0.023930233137625188,0.02874983212936874,0.012760780535289477,0.0,0.0,0.020418864054112786,0.038104928667746195,0.008221839284294714,0.006778211649302747,0.0,0.05222758586545604,0.0,0.007606129544020059,0.007912922305898825,0.046155561637349775,0.0,0.0,0.0,0.007340497719174352,0.009113539248693077,0.08567110786798718,0.08406080351376068,0.0774567558232176,0.005007314409817262,0.020154250593027258,0.039552102240904045,0.03283513795673362,0.01023502649008668,0.12343948435495997,0.04386142361046076,0.022108334305394786,0.022317741676154638,0.006965604527109146,0.0,0.0,0.019507032161852032,0.009641551325102618,0.12639252322360003,0.0399263041503545,0.08189952143860729,0.068442008297494,0.020680205069972094,0.02908377856813748,0.0,0.04301758100773241,0.01475969792115579,0.0,0.017455864909658485,0.01929060959697936,0.018706630157024055,0.00359889048087806,0.009456327415631478,0.011439912662463301,0.0851613691184962,0.020356388267463277
618,0.006118139730860376,0.008028241372311359,0.14271280561573596,0.01660338355118638,0.042851712697601296,0.024056397436162537,0.052868610752751406,0.08748720454067069,0.08097621123852194,0.018725600574128917,0.06121257442421563,0.013409661971449018,0.062059176580423335,0.0622248805781117,0.02763848358758924,0.0254546560029267,0.0031814858184878573,0.22128331212150817,0.030322083269629225,0.009243185674480658,0.14582156089379344,0.0,0.037244257829521926,0.013599070029379254,0.12288117261080878,0.0,0.07163963852743319,0.0034049728295248334,0.07227355090394509,0.0,0.14821639619596633,0.015077238064106005,0.22876856302925286,0.13282297386148775,0.06000650363408047,0.15495673033372748,0.0,0.17163278802651952,0.15065958557691825,0.22699043359304488,0.018038449902719828,0.1844080121563457,0.08131212417566981,0.1887947916949893,0.07217099125298168,0.11904698435592921,0.0075955607756426615,0.029504160576544376,0.016263843287788793,0.03424505083321762,0.0,0.019275989741584038,0.0,0.014826619106393327,0.013799412009762929,0.0,0.003907733487186794,0.0015535280493374308,0.010265465682195657,0.0,0.007270128626796643,0.0,0.06355757229070765,0.0,0.0019897187020809217,0.005150656392722325,0.00571176332619898,0.019645603427097404,0.0,0.0,0.0,0.04863085757219904,0.0,0.003376652561008758,0.0,0.0,0.00480830243487432,0.0,0.0,0.0,0.015512854314925486,0.06315193657744682,0.0080192793387178,0.008504577683835394,0.0,0.003965241372929926,0.058841739673984955,0.007596696793692459,0.0035302474740402144,0.0,0.004579907004316866,0.009285075990974737,0.1555870550933524,0.14038143609415704,0.1487534649433408,0.2663625839886157,0.07543537066315689,0.07294410042167103,0.06984885282523542,0.1603711365525381,0.1091857121783312,0.0,0.0,0.0022071209171860002,0.00603296935786973,0.011257038085110426,0.0,0.0027583875382419906,0.0,0.006286955722004846,0.0,0.0,0.017194929101353923,0.0,0.0,0.06518984355042823,0.017276434231740405,0.0,0.0,0.003820554360469531,0.03347685324708176,0.0,0.10084808739280156,0.0,0.01212224893440801,0.017220252917398014,0.014513927817352345,0.004256255461286121,0.0,0.0,0.007229361249694185,0.0,0.02375370049008944,0.08140783499098855,0.050089235047804846,0.2070113745086807,0.9999999999999998,0.005599671857371569,0.02956546857527071,0.00335680153933596,0.0,0.0612623570795666,0.003619159267996083,0.0,0.06131867411155531,0.00433519497782146,0.01055938679936797,0.09394605444442641,0.003116051058783233,0.03272655809390233,0.007677797416297501,0.10721593573109878,0.1323302388405437,0.09168213378354606,0.08235118838232115,0.04759788403343989,0.11915302259998861,0.0034805231048184336,0.012256876186769463,0.03413305626262711,0.0,0.0,0.0,0.05870890065576109,0.12957629965687362,0.012095003428877994,0.060916951218503254,0.0,0.0,0.0,0.003807796668100521,0.0,0.0,0.010583554934374802,0.0,0.017961079068666418,0.0,0.02087983947582004,0.003834210265353602,0.03890328171652703,0.008899001671267734,0.00630267595846143,0.0,0.0,0.0,0.09343074491383699,0.11733876811548231,0.12045811307572118,0.0,0.010653646125103607,0.012761961096696535,0.0150138436467599,0.02062460653760382,0.05652358761234609,0.019183189136634145,0.03566393254533985,0.008937044370083448,0.026266771407569563,0.0,0.0,0.020253473234951445,0.0,0.09646213396118826,0.004631169843794323,0.130173402965473,0.10938341004940945,0.0,0.009600891423355294,0.0,0.020415200184567196,0.02772704530476185,0.013539885792765289,0.0,0.023594967819692912,0.06883108123894828,0.0052153069485751805,0.0,0.030555912705685057,0.22012691179351665,0.09542345827182346
646,0.022773775855007044,0.0,0.0,0.14797889780504142,0.0064202642076930175,0.0,0.008215672370337658,0.0,0.04799152503184606,0.16461570149344254,0.0,0.001711607101394162,0.008442602280021689,0.005721546256884613,0.24816529312333865,0.07483658003898619,0.0,0.008376805829963984,0.009600239025127683,0.08974650365477825,0.006466247137231104,0.1883389444502194,0.005804988713541546,0.008045737441807733,0.03103327662749355,0.01708464258664193,0.02327298574289431,0.0,0.02429665696260622,0.05135009352468999,0.0,0.012505421826120468,0.011657323576333612,0.0,0.0,0.007852137064544365,0.06216857421485975,0.0,0.004667317917600355,0.01376308909455663,0.006935198999265792,0.009862979695657036,0.0,0.02262870796303347,0.04574845032307778,0.029242954495450526,0.06003503724644038,0.019060140159781896,0.025379821603470114,0.0,0.15146260269385814,0.03534692717111077,0.04088665104273824,0.25063423017804914,0.2968001529152182,0.128110046992217,0.1373555680194049,0.23906358516503018,0.12186275296580996,0.07967655377716264,0.24481124690461292,0.05749061834622568,0.11415716765299919,0.18525804866516804,0.2551629830905145,0.07143730648898572,0.2049946516689846,0.2061276109716454,0.08177867538183316,0.05302788620307853,0.10390373828998624,0.033729747931358134,0.030329766913723993,0.2016344660697127,0.0978992308793074,0.17483946189672167,0.06223914870805451,0.21362900801924306,0.13858720568968616,0.06867511685486972,0.07745242131058669,0.029778150261765533,0.29378933296591325,0.12988664889377782,0.24725153304633055,0.13777340475474512,0.0,0.07166219152852359,0.11165177509648817,0.08993623956352262,0.009006607873780725,0.024032270439576307,0.0030991258925793888,0.007123543094092877,0.011566231386308235,0.010441596141956399,0.031050631094790518,0.0,0.007701099119811239,0.032490626086808895,0.006770450987152819,0.13715528477935296,0.14590219031516247,0.25308295024281435,0.17430140800127267,0.23606281327609774,0.03663575022803209,0.07114719145742118,0.07708637860350988,0.05868694354471791,0.01750928524414083,0.021590750465338704,0.19799519967738077,0.012377131023025368,0.0,0.003687669715385156,0.01804590938829134,0.02872091696800806,0.2145816681857795,0.05691731527795504,0.07172718730591136,0.2039122315925263,0.014709482276224473,0.019048792763993308,0.02159213332852996,0.06766855426984815,0.02751151145481602,0.23441256779028358,0.1993250739616151,0.15857095014516612,0.043781250638998216,0.024416917383384373,0.006170299517202287,0.009770839002433813,0.003565668166768593,0.01576948729006584,0.005599671857371569,0.9999999999999997,0.20798932599519782,0.14720728611536094,0.1765562190478056,0.027696271504590277,0.19627202057287518,0.051837006378979165,0.051811778598694166,0.01847383640222223,0.22907529687137915,0.008176261592301703,0.15508427864399632,0.021308110945235374,0.0027865439961445014,0.006387895466676255,0.0,0.0,0.0,0.01934080121078643,0.007314045977535553,0.0,0.016531709591604438,0.0,0.0,0.0,0.0,0.0,0.0,0.0,0.05872739721846634,0.019686242623978764,0.136699077187465,0.09589935680583321,0.0035186916568265758,0.0,0.0,0.02001563859623334,0.024035935966718554,0.024000027165091083,0.06109223050941358,0.0,0.0974387442168577,0.007593925377998265,0.005129793211977282,0.07233131617964425,0.0888296887975132,0.06840347263612097,0.01817004612481546,0.05440036185243279,0.0,0.0,0.0,0.004304981220563938,0.008409746780444012,0.0,0.021047412089068417,0.006696524226836068,0.08107690135386822,0.01982719613453191,0.10728399522311297,0.034200248314553684,0.0,0.0,0.007445752367798399,0.0,0.010637123378793571,0.013269197509178765,0.006961234859029605,0.015397751401908515,0.010229662079132711,0.007760445304370726,0.062359570407019914,0.023792093484087798,0.010426391469077114,0.03939147579267675,0.015545693550801242,0.0882051400826549,0.02451670783398436,0.014881827306099951,0.012786712431681283,0.01526583484325372,0.007810984271886538,0.05737220100505775
679,0.027468962751865274,0.017365711897051658,0.013662774461444396,0.22726540937859532,0.07415448891685536,0.042262573939431364,0.012191054226882495,0.008542172497482034,0.1405116846904117,0.24176655461712482,0.02518495270151167,0.02711272320875963,0.0063368752284323655,0.03121548023948246,0.4138397685637461,0.16552189712979803,0.004258858724806392,0.03300041570748799,0.08130517078916043,0.12326270719049753,0.018361238031399343,0.22237422944222854,0.01397209724525135,0.04220269199908758,0.04227412885639021,0.024015537377294432,0.051349348260679696,0.03459510671874371,0.09553906160015317,0.11723913498724423,0.02330911540994758,0.031016800044555586,0.05624845100092489,0.011369769307818276,0.013264637435193108,0.04867086869227921,0.0971317586260178,0.00800272106916321,0.038617388692077315,0.046548213901294176,0.03945837588167086,0.04354881813460857,0.0021935973251311354,0.10679103678057601,0.09456148002019199,0.10557647975050675,0.10074818620557449,0.018258829518129977,0.0609874900265533,0.025815336578958497,0.19032649412135894,0.07617861532413876,0.030954655964103708,0.38926776244180517,0.4097402308252479,0.21149062950122144,0.3384141566970427,0.37464654581865153,0.16363822815221848,0.17947331956972737,0.2976082923570941,0.12412457003181733,0.2754208011442687,0.2114570876628363,0.47204065764790215,0.12823991935456103,0.3345916171435745,0.3462048780784482,0.1197279216955191,0.1537743043313796,0.12949796554136894,0.11297706062003315,0.10601897526425745,0.24718221516729566,0.1516988494183908,0.19898584846678852,0.2783443706673171,0.27852223233132417,0.1042731192512682,0.18182543649200789,0.18012789799111567,0.0657949884914273,0.3525270034527362,0.36859227167226,0.2473598067062986,0.26571714619347186,0.053546986981144615,0.11901226747295515,0.14737976594295182,0.18295178774614534,0.09554538399583748,0.07048170115153163,0.021285354300725718,0.03462360706513078,0.03347401134912198,0.030761814469369986,0.09316116771615356,0.011390504753210233,0.022324594402239568,0.03820067108286494,0.00841594508583731,0.10045030788364073,0.2236010596563149,0.37920394051500467,0.34124029138969936,0.43288619003608236,0.07657254153991397,0.10780256042961728,0.13727569675879084,0.09553771897138585,0.004787844392113588,0.013861158966528533,0.2701365587725014,0.011489165475469222,0.011779041056387532,0.07442594219996893,0.00827173348545277,0.07054213927012419,0.224761134247814,0.11917553668770965,0.14518490205515894,0.3026392223445253,0.04136347587277196,0.030485398530911777,0.018755800354723795,0.16571434159664453,0.08414870504208795,0.15010353040677957,0.20295925569422726,0.28413263586055276,0.1131049415382473,0.17425188283424028,0.01354044159751769,0.035936746185864336,0.028874894121932584,0.04596869800056355,0.02956546857527071,0.20798932599519782,1.0000000000000002,0.1949413755898635,0.29617983155801114,0.08396014918254101,0.37772331827101957,0.10464177206929508,0.21969282532684883,0.179875761745091,0.31937828194434936,0.0467840744522127,0.2631659302474069,0.06953348051365763,0.015587517084026706,0.01839907314266713,0.0374376143021965,0.019944646195244057,0.04021628763760555,0.017348552246637935,0.007887728976846978,0.008400597501668852,0.0040013569248106735,0.0030118856201339825,0.00322892696378953,0.0,0.004493659855869101,0.009974206343356912,0.007749248790473829,0.014336201909490944,0.1338924012435569,0.09575143510938923,0.13623522974632762,0.07615531905605842,0.006370811713709563,0.005497172374182001,0.01521411449136561,0.03461437212813894,0.07862821245255694,0.07573589721050052,0.09901564850290283,0.014286030026374508,0.09395108528273544,0.06591935191320823,0.03594463744275121,0.18504059383736274,0.17406136602701316,0.13029242610429742,0.01272204200474105,0.04889375703867109,0.056569985176041906,0.04821278847634784,0.00510862982594256,0.014244776858822437,0.019573550948199098,0.0021987423015020803,0.011893804466232153,0.022809309220595667,0.20150259872925108,0.07612843089233871,0.10223640651174361,0.05345747709335526,0.012745864858106469,0.003530648374444654,0.004559249309479657,0.0,0.056842130848445444,0.09972036404327245,0.06423013895919652,0.06534361740154782,0.013534188972082101,0.03114173581774276,0.17151763185470364,0.08983635919345702,0.01660970715808733,0.03333467186107943,0.01967741833884557,0.22487730301681574,0.06790688617296729,0.011332744477400767,0.03873653202238109,0.13314064277397225,0.07700791175723938,0.09638789773266934
680,0.07796217640895091,0.0,0.01184371565590583,0.14613834963483419,0.026455140618038137,0.015091559179637368,0.004924999600311291,0.004903396086019737,0.06449113110577356,0.1133679110863064,0.0,0.01880511675668433,0.01391917163992467,0.046102995819295,0.2741001239670568,0.06854322475533209,0.0,0.01922517061614667,0.04551525094119626,0.06231359243067144,0.03488610969518315,0.09372081270748309,0.006928687984556883,0.06818687953257009,0.06784744225480602,0.0,0.04241841579867998,0.0,0.08297704027680734,0.16904802623770632,0.008381419568459857,0.027613429846665663,0.00793590110032265,0.015769829635209027,0.0,0.04492172135572064,0.14116112884543253,0.015665358393394332,0.008073228357362955,0.05418777274836977,0.03227685465423127,0.016549233353452108,0.016319848120748125,0.026664210763405145,0.08040890565488139,0.07150805920752971,0.1138680274869286,0.018506133456393466,0.07212307436783454,0.008332728250434783,0.11900170088068006,0.05808058740007753,0.08577185267897179,0.26931562745579923,0.30649229511865805,0.1399949163978552,0.3074570374182208,0.23154990841968123,0.24158381745303525,0.14524166310469755,0.1789904271720273,0.10527301958165722,0.15852663501176167,0.11352018200917884,0.31435061025505223,0.07550439577496766,0.2618820937706905,0.15699947761292726,0.14491401657064124,0.19029794346953896,0.10313406795596833,0.08056988624769809,0.067750052048058,0.28259311262708037,0.06563819700869256,0.19289352751932587,0.18737736100245875,0.29482100423754704,0.0562468060779653,0.12367894799838941,0.056545256101944746,0.024970654455855345,0.33292128309223235,0.2651347246468116,0.19465717851962344,0.10982047043674925,0.032027227407083976,0.12577434309404176,0.2059075865708789,0.1270415680068928,0.15347604255968172,0.06099767978546483,0.008104097451270394,0.022776948113989542,0.07638655857200721,0.01727836275023786,0.05496750609343395,0.01693796660720024,0.017641705261488203,0.02746016104895328,0.004058641448026047,0.07525446114178258,0.13530192897148738,0.2927206526234359,0.20930076307482548,0.27483223931533485,0.031046279652752418,0.10204378455309282,0.09382234184669172,0.21528460270234467,0.049698864026557085,0.05522790452453169,0.3285247604350028,0.0796566625199743,0.05294610401176564,0.01600139663605698,0.008143476788514462,0.11238565864273402,0.19061464153221683,0.14433496394111986,0.07295586373498056,0.25432400579476827,0.012253769295003962,0.14412412125704685,0.10922270093432261,0.14030324178354328,0.07922605544652696,0.09173795156757902,0.06184683690104641,0.14393497079094628,0.07094448427662702,0.09957115099337539,0.006270408815113682,0.008103758656206916,0.0,0.010210912987827224,0.00335680153933596,0.14720728611536094,0.1949413755898635,1.0,0.2703795418983395,0.042005026465462225,0.2463936555910218,0.09957519994610137,0.08946051701392407,0.05814146649299832,0.20160608980954514,0.02241660524875147,0.2757001901609936,0.013066038397988013,0.012088705266665327,0.008173070393463218,0.0,0.008363148664023616,0.0,0.0031949862419192654,0.03407917602286642,0.057195326417917434,0.018366972898793684,0.03003239133476413,0.0,0.0,0.0,0.0,0.006657823816435582,0.0,0.10014697351153481,0.13249063210361256,0.20352965351980562,0.04524243379323352,0.0019010763218395596,0.004070020082531348,0.010006129886391218,0.03943389496599642,0.022868543049514474,0.005923839033138931,0.12811756971875515,0.0,0.1994428309087933,0.0217283789811132,0.008825831597824923,0.07343934117058168,0.08484093918767101,0.1923664155571532,0.035911462221180565,0.04419185941238993,0.016702423816911647,0.03981133610111526,0.0,0.020225775294968946,0.04937438870214065,0.0,0.057032574118505444,0.018297851833906125,0.07442490438193422,0.02442752628271071,0.1467958539759153,0.03393058305916421,0.0,0.0,0.0,0.0,0.04435886255405289,0.10204218743342604,0.010795338829527282,0.03329478063691306,0.008839681877968781,0.007138875991279194,0.12984914307516116,0.03049217448377956,0.01655199365261427,0.06539647832449026,0.033572844941038876,0.06711447640789645,0.034211039150291334,0.0,0.003806007610440325,0.07679261942200191,0.038732115752973015,0.0830844312456218
681,0.014928867873171166,0.0,0.0,0.09262613290680115,0.016788411805408028,0.007639689881656145,0.0,0.0,0.052616170127977605,0.07501896555555865,0.01349486582051417,0.0,0.0035808242377724196,0.008688125472349095,0.22515036183323978,0.04544381399796399,0.00939789015884861,0.0030417989515981246,0.010402557161328957,0.05732938655449926,0.011359087631723322,0.09612202471151896,0.00525185806770233,0.01863733084019604,0.015648196093327394,0.02613929433903881,0.08174776478478742,0.0029460200113406473,0.071212741310589,0.14038226469515577,0.0,0.01368667306968261,0.018235638341142228,0.0,0.0,0.020657310953785854,0.08341499740535722,0.0,0.009378409463618283,0.03695232529955783,0.03610903918283275,0.0,0.0033947699142392964,0.0356928561563649,0.05474662928424494,0.062229347146103,0.1145392571980396,0.005465982918445267,0.033975262283576856,0.0,0.10138672941717543,0.01646090100930615,0.023961637896932814,0.28151339682058635,0.2661792550939584,0.19524686614286774,0.3328162611131313,0.2406652681343473,0.24125416352231224,0.13152581289093235,0.18684902324468403,0.08484133107766453,0.13282718903142673,0.16375520248497977,0.36739163049338286,0.07948080850205558,0.2130967007833204,0.17825969899208535,0.10201484004696625,0.15998384940519386,0.11273808564257205,0.05892676714317146,0.08127019830225796,0.314868439422877,0.11042685946035322,0.58066774398323,0.21490336356687334,0.45874042566983153,0.14948024054158351,0.07532436048926137,0.050683918315643034,0.02686037094479026,0.3517991610994595,0.4447289397782146,0.21513543272983407,0.15936757040842758,0.011534813812436453,0.09694930475084064,0.08548482273758237,0.20799837997370052,0.06493622859787765,0.03908157822121859,0.004374884860821534,0.010271016979562916,0.018672314946956516,0.004425151829774231,0.026561466232685172,0.0,0.0022490584862265486,0.0038441585890597587,0.0,0.0630922856431724,0.3164368655135964,0.5213111665835208,0.19778989355277207,0.3264026615693104,0.09853342213788785,0.09517889216267669,0.10893716720367205,0.0694720134631151,0.026952244495577142,0.03437801541219876,0.2853964204686257,0.017924296630267005,0.030911962499720936,0.03527740059895941,0.0,0.043625409940069894,0.24371905712981967,0.1057709679582851,0.02933015331527046,0.27750007334948756,0.027351454974498327,0.05248829023984817,0.017888700224976312,0.10723595318868709,0.07200850577138755,0.06245318012144859,0.11921285088307146,0.15914320855795389,0.08165313360498529,0.13765872959488626,0.003083834325819254,0.001988187780955884,0.0,0.0025843192964539823,0.0,0.1765562190478056,0.29617983155801114,0.2703795418983395,0.9999999999999998,0.10866254743816464,0.5288845576033425,0.11176253301911196,0.09330339242049311,0.1618935619963225,0.21718711607413213,0.01898296258893935,0.23264071535401873,0.0032309140545414166,0.009541741507862413,0.0,0.005377910082518912,0.0,0.0178171669285085,0.01772685679073073,0.024526769270330442,0.01046846862154192,0.019569693376375815,0.010117063413612463,0.0,0.0,0.0,0.0,0.0045249431165320245,0.0025086216412787397,0.029034725714374786,0.10076406805769889,0.38539832809358926,0.06822349376921048,0.004249863850559875,0.0,0.027190334256267275,0.020501552128000287,0.02649313981950236,0.01254528843386413,0.07012076241022731,0.015161983518889106,0.05726614750655108,0.008121387873083911,0.0,0.10832762423996452,0.1405259254407881,0.18762308430124972,0.011163111608475364,0.07187362709357281,0.024411694648964116,0.027999307870787637,0.0,0.0024661218741136403,0.015977584475131156,0.0,0.036351531326781025,0.036415351621525274,0.06208500603738489,0.02999777661253397,0.10290988389172122,0.022387184679437275,0.0039285201223101885,0.0,0.0,0.0,0.030589793697275186,0.05746467040945393,0.009348138751828775,0.06801086860911537,0.007535060581397713,0.0,0.21488027963594153,0.014888717941574748,0.005714906971440569,0.03734260289110897,0.024752103063235338,0.09741045660199614,0.022545661709252672,0.0,0.012499641955988195,0.049492813314024116,0.02831752811474212,0.05454737299791246
683,0.0,0.02117138783366672,0.02494863117232632,0.016042960228161245,0.03927696114028195,0.018825150326304222,0.00977469745431676,0.02685590068417896,0.15235354740942578,0.03666283301551021,0.024687259367253408,0.04212973256427082,0.006311696850782913,0.008090020042447348,0.055653541675862755,0.042607195237405665,0.02501960375930145,0.07173646434885278,0.01858859613009687,0.0492460442267681,0.050411717742840145,0.015846406181462633,0.03850801592920533,0.04584647588600502,0.04936010186574995,0.0443572775226653,0.09525159136354003,0.03405653385952432,0.11510472514272209,0.08111107287025324,0.023145630297495424,0.012117789448977512,0.0377986587577694,0.0165600124592613,0.03528093018354652,0.08731855753340016,0.030949218551766827,0.04522990552177162,0.04240877075516082,0.15335383706822328,0.09775115997854023,0.034841059659814475,0.045610270967842245,0.09754139724098565,0.11631174642817341,0.1427247307471593,0.0660317002506339,0.021377798167907885,0.04459426900628276,0.006058266706513694,0.061429774117363736,0.013767954802509396,0.003853338733038282,0.053492380301411034,0.051041121941711225,0.052227398661316794,0.07347865414460734,0.054286659858641166,0.044223809447630005,0.03308940127300388,0.0344238740667683,0.0,0.07424528101623738,0.012610082454591765,0.09750801973833216,0.10473376705704786,0.042122533074458755,0.034753574630018054,0.0266394434760163,0.0297927445221365,0.012654124939365432,0.10610518541654276,0.0,0.03568738163695473,0.01463597188573619,0.07051828739209323,0.07457901410219032,0.049193117863571945,0.022983948893430667,0.03338971390107517,0.08284711772946164,0.05318353086753685,0.08835954912995597,0.11097743557706245,0.01083498981758399,0.015422045754273535,0.22892014613492,0.04790052210719579,0.04526078013055884,0.0,0.07740968746463234,0.04495942454494809,0.03866813555003701,0.10948257239817877,0.027268612149430643,0.053730324553439957,0.10288126229371533,0.01748131727278263,0.030501904656230944,0.08192121354061006,0.018319924467827854,0.04780288207379037,0.043587788815874835,0.06980419066429719,0.06960938137584938,0.05111635749720936,0.038982897259584925,0.011575494162684823,0.04740702925548681,0.03824948276333269,0.06985156916144769,0.04543264296835429,0.13706695777398417,0.0,0.022163126722121267,0.10097448581030882,0.0,0.013081205805685605,0.01803694707709536,0.01897123889788838,0.012729324138445033,0.03630305958933296,0.08428153777016321,0.03288328540114911,0.039816374998539045,0.10866002024747604,0.06612911868166317,0.03912607786892733,0.014695087042369152,0.07603973657644106,0.04569872355318928,0.060658766889331556,0.021558857949163717,0.03826741593466824,0.08806520012649202,0.04450350318590124,0.0612623570795666,0.027696271504590277,0.08396014918254101,0.042005026465462225,0.10866254743816464,1.0000000000000002,0.05030070216418629,0.0714461812422635,0.05566759987453138,0.07845141798677494,0.048666489992259386,0.019026948464548832,0.0704959103945046,0.022693243588221005,0.016717022497713428,0.015203334990635786,0.07315547836026848,0.06028358081357525,0.04547664079817619,0.021420685770752148,0.004027645201575581,0.03327165810961407,0.02033025334044796,0.07952784210961375,0.0,0.0,0.0260005191325052,0.030851844108417265,0.026430717072723663,0.03588554794492388,0.07353740019232505,0.04945226823065978,0.028459412012577533,0.013165509665662168,0.003015929774821607,0.009784568799421085,0.021545977629903526,0.0,0.03646240193231929,0.024440060000713117,0.07951213499630704,0.03329711798895853,0.006416044747443709,0.10734499433538833,0.0,0.01128939473815252,0.050418181569959156,0.1431051210696583,0.004135507563695642,0.07708367630530062,0.04879536203802017,0.021718181228300996,0.018896991890740247,0.010890709820120562,0.1866883747376908,0.014602668121902604,0.028460796511141105,0.024888949835250685,0.038378711200357706,0.042898717452284865,0.08482339231996623,0.032551223945924995,0.005978388719976088,0.0060816915937717516,0.0038759485256063693,0.0,0.12709275329542052,0.11128883213622906,0.06303428339696701,0.047681326820885085,0.009685242368929302,0.017342833240682597,0.06635997390136361,0.011914222078077739,0.08926492013819264,0.03128415141438748,0.012818180242544129,0.08808393819909902,0.013495809996583081,0.018656185533512948,0.018520369380567947,0.02026921897954289,0.03925427342783326,0.020487152573210078
686,0.01434999713490033,0.0,0.0,0.2022147668694392,0.020897232490760902,0.03279992830450625,0.0,0.0,0.043953045629435625,0.175177873201429,0.0,0.0010697798165767896,0.003926227916922422,0.0,0.3530758314351699,0.06531191879436946,0.0,0.008920084801057548,0.024317303677284255,0.07838346973407212,0.0019768710217871496,0.17559703555453351,0.002349578812896259,0.019953799672581457,0.007751128152564757,0.015232053541788129,0.02446368960403372,0.0,0.03267318280806907,0.1562492096334989,0.0,0.005968254513536545,0.025892716223786826,0.0,0.0,0.007549030153601604,0.05053514943041947,0.0,0.0,0.016902404605634337,0.022736060790311517,0.0,0.0,0.009622692016868873,0.029861965440918785,0.030899026408478667,0.08130246580562818,0.0,0.02132658028402888,0.003966386217106184,0.16457065427947765,0.08686591903716924,0.09464095002414787,0.4115295149371088,0.4083552777165983,0.22000526273348361,0.318403039474332,0.36668434135129274,0.2274009335763527,0.2195682196957317,0.31151607254963926,0.11188789489640262,0.17384637678486503,0.2907493301056575,0.47422374020588065,0.14742382116149466,0.316906678156223,0.2846787730458755,0.23467843256088572,0.13064392065315572,0.17468220390858183,0.05053539367330788,0.13249446419689934,0.3391301880625499,0.17088821395792111,0.34436440055517775,0.24244329037675003,0.481108646946925,0.19199784065654132,0.20890126546750884,0.13966435875986752,0.052360264397785045,0.35768839072069797,0.47766399900827733,0.24438231773784808,0.36790893006477837,0.00541178040543455,0.08369247855476385,0.06560072895881104,0.2967240710286591,0.036616691937388667,0.011481721738261027,0.006465999122715049,0.002038208483130782,0.01686680385724717,0.0,0.045286418694650526,0.0,0.0,0.002825632562989034,0.0,0.06338605336139766,0.36734751728471804,0.5797355426797393,0.2960906920372509,0.5336808413008711,0.1613143065719863,0.13222586778398432,0.08092647547992414,0.05292685926147011,0.01423936146876878,0.014430207939879303,0.21320191993989185,0.009423330128287936,0.006929504111301865,0.0,0.003348554552830554,0.04200579021368632,0.2819566573566813,0.17689081134688298,0.06338941371237511,0.3782194491188586,0.0020060171811733768,0.0346600416937952,0.016554004252845256,0.10545860039768046,0.03760695723424354,0.13181042046908925,0.31276061945654726,0.2772860133370778,0.03497754828426261,0.14322599511178968,0.0,0.0,0.002504294581786873,0.002930253433286394,0.003619159267996083,0.19627202057287518,0.37772331827101957,0.2463936555910218,0.5288845576033425,0.05030070216418629,0.9999999999999997,0.08657078258295257,0.11694162840597759,0.1085543480947698,0.3141738467378417,0.008420012399005965,0.27450648742366873,0.009567383943604551,0.006676588170720547,0.0,0.0,0.0,0.0,0.002620843534316698,0.020519477442090258,0.023003998046729812,0.006288937768401899,0.007341568004781922,0.0,0.0,0.0,0.0,0.004961415810139269,0.0,0.07065197661204467,0.14269407476314136,0.31643341124717667,0.1164902708276189,0.0019017813386132728,0.0,0.0,0.02072689178722218,0.01414676117268008,0.006315550508692076,0.02947868647903279,0.0,0.12614092679543934,0.005561100684090504,0.0,0.2428864885950183,0.24280975611531044,0.11634438949575321,0.012206845387135004,0.0028484947646317234,0.009448261612740746,0.039789179683512435,0.0,0.0,0.0,0.0,0.01158496547097959,0.01056969383367361,0.06578642515756644,0.008224633765924482,0.04739435358363823,0.010907502358935716,0.0,0.0,0.002602196758565762,0.0,0.02905038732226891,0.02560368507772218,0.019644851155570714,0.032836968007360835,0.003891533894360086,0.0,0.18374411222512713,0.030408576216656727,0.003510355886107417,0.051220453999822606,0.024451903730130165,0.15803798595271482,0.08192496247232225,0.0,0.009060628363003764,0.13952487893523488,0.017430924567714758,0.02487770936467952
687,0.03114123566522694,0.0,0.004301076824552817,0.03150879366968024,0.008622441319030172,0.0,0.0,0.0,0.0489010903495074,0.012089881146642549,0.0,0.0,0.0,0.013384308721286518,0.07966577696689504,0.0,0.013273525284513804,0.011630281190183393,0.023093710410466727,0.023340320505992482,0.02182740569259806,0.05169609188572193,0.013196103891671132,0.004322656717048136,0.013912457040321635,0.0,0.030231639512432427,0.0,0.060021820124468134,0.07373289437508215,0.004129285915250791,0.06068743840963145,0.01364545484691363,0.0,0.0,0.054809146113113626,0.22740997821460748,0.019142401474267687,0.0,0.03151232532363,0.026168019451282595,0.0,0.007031603818098403,0.034681225963994256,0.04902733295906121,0.05302890787695419,0.1902951160353565,0.0022287624595977032,0.024641966110419897,0.0,0.012383988868929819,0.004698830880196939,0.0,0.056571982251901215,0.05784276306278124,0.030620196139797648,0.07377095637774857,0.043765846459544386,0.018368946095258326,0.01978492300414475,0.03293277543862185,0.004709049533858156,0.07213172200251441,0.016372504002315175,0.1231138215726167,0.003782000254890309,0.06914093657617969,0.04840801121574497,0.0,0.006836402518773277,0.007932442888656598,0.011113472283995179,0.02645223703113,0.06042745886042549,0.005151423386807307,0.12054020705638623,0.24197835458277173,0.05298920249723225,0.039400909246088134,0.03346510469046708,0.025798894260426655,0.017490268081083338,0.1885242110614621,0.1299418432367011,0.009863389090122892,0.03800465483957552,0.019441215066798447,0.140028678905249,0.10149032842398502,0.022647038920384086,0.19420988795901475,0.19303175921236249,0.006332081099338348,0.03162647370416739,0.01163082891737793,0.0034598236384766343,0.08045513690168463,0.017723973277154012,0.0029958818764796048,0.014116163007832274,0.0,0.03127201191864015,0.0718921363664952,0.11734478403213423,0.22941695117315516,0.13693010460304908,0.014051562007810405,0.05795772265897298,0.2602109738944522,0.12141207273954041,0.09450157707449443,0.12785632084551607,0.27495063185606206,0.16246227328622984,0.06320447438488667,0.01930024796327062,0.007534510676774918,0.06211316407478754,0.02253867180016201,0.020684284472727296,0.022114864062331777,0.07609767882950358,0.027538875831640806,0.13183832366048154,0.25732671771951693,0.04416062394319341,0.2641727970615672,0.03505744204663759,0.040232037616114,0.0797684857552182,0.01002387934998788,0.04845350951054213,0.0,0.0,0.0,0.0,0.0,0.051837006378979165,0.10464177206929508,0.09957519994610137,0.11176253301911196,0.0714461812422635,0.08657078258295257,0.9999999999999998,0.021422002985345936,0.21232374289908124,0.042670521664045544,0.025733026498205473,0.1220356239912098,0.02877250250895603,0.024274114697518986,0.0,0.0,0.016319268153335446,0.036921631038568006,0.0,0.0,0.17134299994206004,0.13808075044471688,0.37002159564154324,0.005050337986606675,0.010814538713254336,0.004033888677570539,0.009458079238123371,0.0,0.0,0.020330236835344948,0.006822984449833749,0.04012045586531772,0.011096785428344306,0.014801537602247642,0.0039041950988182115,0.023659323105189364,0.0,0.04325603640100642,0.014430533089840328,0.08466740971044938,0.0038230330299114253,0.03700432054481937,0.03066389796551797,0.0,0.09361244978831962,0.06079938779700759,0.3748232620659715,0.11795473754941561,0.05571446509719051,0.008937584225478482,0.0,0.0,0.012716610263013897,0.00920686042846192,0.00925742443064964,0.27529210902694734,0.027682519650634486,0.035862893068712216,0.004025148554831168,0.19590829425860662,0.06608848601217328,0.0,0.0,0.0,0.0,0.008645827322313478,0.022002500619561022,0.025890815290627173,0.011561264880748847,0.031040043082986107,0.007680730100521891,0.017693527116626494,0.0,0.026833130971397844,0.006545344210178423,0.15050422976241107,0.024078742166502003,0.009493017856992293,0.0,0.021078041445764265,0.01682600569502911,0.02828957031004681,0.0
689,0.05370471390646419,0.03262278901843515,0.07312014294004321,0.2116687738210403,0.09648173226679688,0.17103097976483925,0.027320170350865317,0.06130051257128225,0.2130913177487502,0.20397798119237287,0.05224686153710661,0.0738322370566313,0.11218785543715254,0.07939599356029654,0.3076214808666121,0.18116613231969508,0.04252120940823263,0.14526608176283862,0.04781604517573373,0.12250222198194471,0.07126706432174251,0.04498881545349032,0.0341115621380557,0.09879157962993484,0.17267788278767054,0.004968557459781659,0.1233551314410546,0.006085657787376807,0.19165650134211654,0.11076338173696873,0.0917756686571771,0.02045293517394442,0.15245587618968792,0.0774548152846653,0.02281570334466633,0.16465779090531346,0.0771250124276625,0.07176193811024494,0.010736732405299806,0.11669262128712568,0.049937373469389576,0.08374004039379244,0.04022595376762396,0.1243061596064589,0.1988950366936782,0.1804655350911271,0.09544739608240747,0.06506905729046901,0.06652765120711568,0.037469172159903655,0.0741522578383894,0.02438224412972279,0.043659793877537954,0.23811960197110654,0.15660397471972848,0.057250629642657695,0.13281489633224364,0.2015696723768148,0.08289419074978767,0.06488391269342136,0.16606002185774682,0.07382354503835509,0.27014292025163594,0.05028509757689652,0.24870107021061263,0.12778743784581337,0.18542992708424022,0.17214887400470025,0.08448742102777689,0.06515095012115397,0.037493952655020125,0.2046156943034837,0.05668285812290075,0.05117018052158755,0.037256089971017,0.044693229697490795,0.14055967976033978,0.08702799900313418,0.011412595940228658,0.0782550067814012,0.08098378787994587,0.13712896782243417,0.1625196505252058,0.14057665240713435,0.09391964696183804,0.15611356833983428,0.07143990823807926,0.0856707359969776,0.1082072196933205,0.05906781796782914,0.08291864938586561,0.04295999126447917,0.073100574119281,0.12270746383272609,0.2348058075392628,0.04848196315861138,0.2353377196470792,0.13716785767144785,0.09391368429568607,0.05095942849032752,0.05705677992382815,0.015633730828685157,0.09428765659720999,0.12617371903275537,0.11485643476836303,0.17746945648903162,0.019936620969710085,0.06809049705391818,0.03649745683371748,0.10322412940263284,0.01526880666717112,0.01245437375882005,0.15815028489781038,0.02223696576073446,0.024075744390636415,0.06534755599591176,0.014175002584044749,0.06672193571544148,0.054100008239080614,0.10725038023717495,0.2710096795284737,0.15941591393777088,0.08584382174572547,0.06089244224809745,0.03221180877320702,0.08570652437331769,0.04006668162758773,0.0809185624314141,0.04896434356967695,0.10077084410505506,0.13222497753637694,0.43648735662547433,0.024331939303442088,0.05918339293855117,0.03968549998489222,0.056351712314602745,0.06131867411155531,0.051811778598694166,0.21969282532684883,0.08946051701392407,0.09330339242049311,0.05566759987453138,0.11694162840597759,0.021422002985345936,0.9999999999999999,0.08200425959406936,0.16293782274665075,0.2765593282095057,0.2162239413295553,0.04410354765831734,0.017732452543389347,0.07035537204902254,0.037022684882959254,0.06661309259763101,0.007519482108557589,0.004979841158422843,0.18284868755227277,0.04420866789389036,0.014319606016817995,0.0,0.006429997795961128,0.015548459882042832,0.01608237938787513,0.041367344243278585,0.015983976967462003,0.023922657622609186,0.18291405253258844,0.06585951737958098,0.019380115125831272,0.03680975796187703,0.011823929820575639,0.004301187589395756,0.0029698278193176796,0.05923048081813455,0.0176579582249494,0.04238234682935141,0.06863033334403534,0.07829597673351842,0.06355467582598424,0.07320587629550637,0.03688646142530824,0.1420481279535822,0.056445381964262506,0.06369970167875379,0.00813217369146396,0.12082656454193438,0.17974225594512785,0.250938864320644,0.03820451378702866,0.021856771911936558,0.05871043506195925,0.008063358104777764,0.010903010637059573,0.0482636205957213,0.17986842069232573,0.020427503038054594,0.08183097662639698,0.014872891492460776,0.0042113261821940026,0.008760841687259133,0.0030390291605150864,0.0,0.1761976878208823,0.16926069972719293,0.1595785742876284,0.2102816074370508,0.029015560585049584,0.030231495406075885,0.046759925492656916,0.050381328628901975,0.028293977218124537,0.04374384680281545,0.012454983798671545,0.3660226319357338,0.23019128317741017,0.0,0.007538949527122734,0.2643982004212621,0.22780322224513105,0.1122557049185914
691,0.01667967351006464,0.0,0.0,0.07407416390747085,0.07003809182585778,0.02930842569254881,0.0,0.005253107188147379,0.1268596686255067,0.047323347482122385,0.02795683693016403,0.0020337242334793498,0.00652293814519227,0.06902781392813302,0.1361501097248388,0.0485953503607043,0.018753788774602074,0.02742309932354876,0.019920595545047777,0.038549422673757675,0.00748703305680328,0.06255935785260684,0.017783770006087805,0.0,0.013139493339392494,0.005963373366195011,0.12697727197212938,0.03831214842638838,0.06386296936070768,0.1428667790944815,0.008227573521986995,0.03532349748887977,0.028544953114325332,0.04028453976611529,0.011681289529912039,0.031346694224065046,0.09085020816791818,0.054904551010319824,0.0044024586069127914,0.0362272135881651,0.03794689596357546,0.0033744949192998225,0.0,0.06540127027282061,0.050897296410534434,0.08786233134615261,0.1462640379469252,0.0,0.034249817099687725,0.006075745748929569,0.11071380051501915,0.019180131865292507,0.012302913634440513,0.1419077537979435,0.12567577979483627,0.08625262022519248,0.13723984074592,0.08689792853907048,0.08266417837752904,0.09002801789715184,0.08268583919430467,0.022082997336383012,0.15639820971450946,0.050591340723096206,0.20537231555660518,0.05891397358971266,0.1697328990681082,0.14425886005408842,0.03421432854796336,0.11021541187738172,0.040156522194240235,0.015381255319197078,0.0075792383655827545,0.07566173956984117,0.06269202063656992,0.1275630679367259,0.20219562632422938,0.09191059413490595,0.11943966258587917,0.07320714847699271,0.04591902173545263,0.054567957799472114,0.18903021494026323,0.21868238365322012,0.09011431254855598,0.10371429322697584,0.01706721787492964,0.10626158333984508,0.04042435203508708,0.04429024495219318,0.1717982106880422,0.14158716945325042,0.07986269761289995,0.0165393092949779,0.029656842613074313,0.010627748314999406,0.07925291396589927,0.02105011486896631,0.0034063470658899377,0.022499830921840106,0.010232540714077278,0.02044483118756453,0.15701123318163107,0.1595370353966647,0.18807966402259713,0.21326493695345747,0.07745840253941269,0.14904566495041507,0.10058631918492432,0.053534101887900254,0.014738932779757994,0.029744345108597747,0.18308364285450707,0.025823449795468707,0.01646482630694599,0.016798982980714285,0.07679345491863038,0.06433874133444847,0.04107199013210368,0.07032461222516466,0.10697876190257377,0.1631703458884771,0.04462001884398857,0.04367276436356325,0.088726711492263,0.1263135710475037,0.09491939809964331,0.005749617357300147,0.0,0.09785167906035129,0.06586778025477086,0.15338774520890494,0.004410426174077598,0.014801346223436138,0.0030061019357192523,0.00361916007693758,0.00433519497782146,0.01847383640222223,0.179875761745091,0.05814146649299832,0.1618935619963225,0.07845141798677494,0.1085543480947698,0.21232374289908124,0.08200425959406936,0.9999999999999997,0.11753357178535234,0.07314834354205361,0.0870705830913966,0.017452411579940093,0.03578648195559617,0.0,0.0040620684313605925,0.011496541490203028,0.009413295840893468,0.006701604335476685,0.04974211025437758,0.08188621116423489,0.04358719256047783,0.12603496021330468,0.0,0.0061730391398268,0.0056993673178653064,0.006217083329018051,0.0,0.008342618530706959,0.030384744896777238,0.04558154167094966,0.10375376566348112,0.0,0.004660525068098193,0.005516126925489586,0.012297381771037104,0.004727322993061383,0.029389309492977144,0.02827687295995422,0.022885058668788677,0.0048476669027594545,0.04668269338823786,0.035188009617445566,0.0,0.06616751765221254,0.13497686224234673,0.2620088788405064,0.027666422568793484,0.022344240321793524,0.04194996244954894,0.022715903506606138,0.031388625821864,0.0035558871379088256,0.010622664572656891,0.022148727069084738,0.08426735264056288,0.01748388885441146,0.0831076744670601,0.009235691231348184,0.11921707686897451,0.010359438229194893,0.0,0.0,0.0,0.0,0.06149597824888024,0.1278692452895759,0.07936385380655223,0.07390187625164726,0.006227808753508379,0.0024723310844125958,0.11670513935808752,0.026046897584696763,0.021989445698723062,0.07010770640223431,0.04041642940277826,0.08874785942769396,0.04965654729917407,0.0,0.02962656440673409,0.07049383442398204,0.05293277874412994,0.07298514730087192
701,0.07464863136674538,0.005664025316663606,0.01997792883414501,0.44850122524049474,0.044352555771480284,0.06974339415055687,0.006405992164414741,0.04446548226150976,0.1126276999627289,0.41885918406672673,0.03723624643292619,0.03595474030296892,0.025679473180443863,0.059764406340342864,0.4548825561528122,0.22021292417127578,0.012666843814406616,0.02630026017991274,0.1316326153143801,0.2528152604942502,0.00934232053636,0.3596620542362111,0.008108451245728012,0.05508732380887325,0.05667370088488297,0.023307483801759007,0.03773903515125666,0.020968311025430744,0.09489463433936171,0.1475905719844018,0.016508931397265295,0.019069288708598787,0.013387016902084426,0.02336433628434206,0.0138280824761783,0.03466205621558172,0.10749139303294221,0.015534517461043474,0.0021146841380912185,0.011828373432912705,0.03322781591267745,0.00713201609149325,0.015305270853405937,0.043094281999949725,0.05958727861372256,0.0641260403380348,0.09132518571830324,0.01563660430929826,0.03249010307526534,0.009991429375996154,0.39636552317408225,0.23763321482973837,0.19268939452191094,0.549234097828693,0.5445698140385473,0.24629563863589923,0.3924989416477726,0.5301417069052184,0.3006745453400843,0.36237846039995836,0.5036303968876574,0.16884318413167895,0.30354858245778216,0.5069133504548261,0.5073908953758102,0.2984606350578116,0.47797462009004477,0.5020794106381808,0.3675342524271883,0.2755298353555526,0.28875712719826346,0.20295088234031256,0.20087354700277973,0.3170659521737418,0.33272113431855693,0.17857854964381356,0.2007720451696072,0.3426458829839387,0.21038839858248395,0.3643288170056239,0.31239369670096,0.17539436841943232,0.40664544268216374,0.2546813568801967,0.4488791808388523,0.37744157248684196,0.024714837002438157,0.13921098194972606,0.22581138692958486,0.1951549635111974,0.06372848890761057,0.02233620382779714,0.01267406065157115,0.028261054243047378,0.059032477576767044,0.011117091715742367,0.0683082378428575,0.02724995508736435,0.02988572894750529,0.033766253293828666,0.0023454922111878604,0.14761884370710307,0.21477898083171976,0.39116320736766935,0.27326150569907387,0.5027746612770353,0.19654404617923008,0.20429648038611903,0.07149987861104645,0.10007162317304566,0.04884249346989748,0.013415964954580112,0.2191936003853154,0.017665003660840478,0.007975444295725798,0.030641823014845956,0.027529853915570692,0.1250629302617903,0.29615752293155406,0.3346749484617037,0.1405764511994915,0.27333527389175366,0.03054650707249929,0.05214345214122185,0.044574173999498576,0.1911307175680984,0.0763902757379823,0.19899858400086587,0.32167931421692436,0.2768391661464264,0.14944736673656095,0.1285484419809673,0.0023289430770285467,0.0162995277518924,0.020690853120686963,0.0020427261762842276,0.01055938679936797,0.22907529687137915,0.31937828194434936,0.20160608980954514,0.21718711607413213,0.048666489992259386,0.3141738467378417,0.042670521664045544,0.16293782274665075,0.11753357178535234,0.9999999999999998,0.08235124720941378,0.17406116753044681,0.014197319654867915,0.009929847246535749,0.016941433651766664,0.015788660353687436,0.008834699466963719,0.02645457160130616,0.013907734880361327,0.027148148803936505,0.014949667115561827,0.006835044976459082,0.001984650914905787,0.0036713430162684814,0.010662080698740107,0.0,0.003352678707318791,0.006672322297982656,0.011100875009432002,0.18945343619045105,0.28165929986284916,0.20056780829060497,0.21748484285093997,0.010533903911528166,0.0,0.0,0.09136490027435107,0.04161783314191814,0.032609942361582545,0.08592104604120675,0.014945220043298214,0.19872182136358119,0.02270936484749347,0.01951466886432935,0.2588266443174113,0.23406777166260817,0.07629777679454221,0.016566732814053655,0.017493950646896874,0.03867307439727925,0.1222181681569874,0.010684896777700372,0.0417910637965359,0.02201302541227568,0.002275509150577143,0.06204072585594881,0.013636767724760173,0.15914920690915418,0.05345286370356658,0.11405526848622663,0.01998497442790278,0.0,0.0028361101228731307,0.0032988816379806714,0.0,0.033518344229043394,0.06304598269270675,0.028065335647896116,0.026749175665702604,0.00929198708867001,0.006907832981247507,0.17818443479129414,0.06732146863588587,0.006890520711623851,0.14787671936868393,0.020262718637431846,0.19769327051993013,0.18265503370137168,0.006529498241673163,0.013626947502544184,0.169926500466241,0.04641086771468707,0.09884591566328862
703,0.05426516201766311,0.011746186451698708,0.07437181654943831,0.07639019472571157,0.12962409757793358,0.12264888710111907,0.09814132822383104,0.10973078875245994,0.1351941742935536,0.0714920172698352,0.14784983102730226,0.07723342127143637,0.2019592463727893,0.13725521925128856,0.11224932756426664,0.028009963417999002,0.0416404653559847,0.22945997989782266,0.03601807007247176,0.03499918288983128,0.08140744505165962,0.0049644056326489635,0.04205562052440706,0.05326672456138883,0.13989203387420207,0.0,0.07993816509384971,0.0069485824096776165,0.11770024222825796,0.02682661891773462,0.14834389462130396,0.028241757452872794,0.10215788239334567,0.0730749938470068,0.07706039483713456,0.11742923690819412,0.010710245509849479,0.08408172619981143,0.03750691997713917,0.08858913443108021,0.013858563884367034,0.09842971721517847,0.10418254791268815,0.11121679383837255,0.2241192210924142,0.13687698133022547,0.03321121815900681,0.049308506577682584,0.07049663301762228,0.09894014257039518,0.013585374219448498,0.011984558762080008,0.01665597355162131,0.060962871538497346,0.04552470254236622,0.007451146584929273,0.02013906363350562,0.054949147394024886,0.0123490771101115,0.009791206147891396,0.06552873309741643,0.03542360996489402,0.18927873398078,0.009535231854450783,0.07578262476154254,0.03314086488843272,0.037791770176313966,0.040230759198240006,0.011053976237276822,0.009918502980870516,0.0,0.07806600830547365,0.0,0.01780059556480286,0.007267841782991304,0.0,0.04094430485058957,0.007625483377331659,0.009620739523776508,0.029576811161026045,0.022454683817793614,0.07467282667149619,0.051604463513067786,0.02187372547214857,0.015464415187233984,0.04007560486094838,0.015322920194518287,0.019052770778325054,0.03532519104758976,0.0,0.017447561846931643,0.03918227105213427,0.12516681005702762,0.09646480361126589,0.15867461655586315,0.09360383883793222,0.16687881983525185,0.09426481634964927,0.028224434212755244,0.049931198973422984,0.14075952865971084,0.0051725568232110246,0.010474492714460647,0.019062722527002713,0.04957582943705125,0.05084559809158874,0.008499490918328665,0.017762318539692352,0.0,0.0400011022069056,0.07230532852305208,0.011816857034573544,0.09690233540033807,0.0,0.004839857198550416,0.016315838869371945,0.019957442203189037,0.01338373340420652,0.023320924352174636,0.01862855365677125,0.2791157816837009,0.0327338099865171,0.09521073039144043,0.017997497760066865,0.050443312828799235,0.04530520428689468,0.01591489791739032,0.022102024837754333,0.0,0.04632276937818994,0.09429935246786578,0.2575745924352129,0.03223247037417263,0.03483984438565408,0.03999492708691432,0.07652125426592646,0.09394605444442641,0.008176261592301703,0.0467840744522127,0.02241660524875147,0.01898296258893935,0.019026948464548832,0.008420012399005965,0.025733026498205473,0.2765593282095057,0.07314834354205361,0.08235124720941378,0.9999999999999998,0.048012454668020205,0.04771271640243735,0.015838624316620756,0.09124902734132156,0.04988752829817736,0.08435446400242555,0.03188772411458549,0.038530190521789305,0.24110309930266532,0.07642044834909244,0.022011026749248836,0.026796518549750112,0.0,0.01555470260841742,0.007978907377567334,0.051595580344188534,0.08868611129415101,0.0340916925178736,0.04985339881541407,0.006112969591485241,0.0,0.011611453247489325,0.01309355929620522,0.0,0.0,0.0276585105548666,0.0,0.015616766719455822,0.03325882420564823,0.14696543388823793,0.04360474991560945,0.04369203296865802,0.0404424641373203,0.06654411899717526,0.01975475593523624,0.008027737590387676,0.012151251041057718,0.11200281283084654,0.09395593032337991,0.19077661063816234,0.0861523698884428,0.04787880727174081,0.05246577871132706,0.027898687694643938,0.018614094607103667,0.10496296971390966,0.09499099398772372,0.017691209654473954,0.026772159989257548,0.0,0.0,0.007812089237162369,0.026977174342647025,0.0,0.04119751981535493,0.05278420853855874,0.15943437991654266,0.20078583444698814,0.02457918398058789,0.020901498700656343,0.0,0.0069173926964816905,0.06295467689981556,0.03061828844780135,0.006860604305233717,0.11227710371095169,0.12002251202748712,0.0044122578643413955,0.005961439797617064,0.18388182516519952,0.1551310932964426,0.0855529951810572
704,0.0825740379128345,0.006007035670858258,0.0,0.1181261154834746,0.03419336295892705,0.04037202956632517,0.004417000115184442,0.004843745187403857,0.08535111559234959,0.10489769106114347,0.008147141712379156,0.003920070928640706,0.015146903027740704,0.022848631203422065,0.2924042391443165,0.10761049121624001,0.0,0.01824463842319858,0.0,0.06528241349068596,0.01869899417555307,0.07741197926847303,0.009204936023299061,0.024902919144498985,0.062675459813783,0.0,0.027295620949429653,0.003107527436241533,0.10140511616407392,0.20199889640551022,0.004263591725738915,0.018390470994488303,0.013525206156328217,0.012229780350123237,0.0,0.0924016968459779,0.1579409946892168,0.02054633356982699,0.004318047427863934,0.052620289942573825,0.04415148939861285,0.011857569936937772,0.0031221771580973398,0.047779442694005525,0.09525792301944337,0.07071062333771656,0.14063904400475077,0.0,0.09863458003757153,0.0036960128922580715,0.07747661365151262,0.02899324824971643,0.017364208080144397,0.2500087081224788,0.24561470455282358,0.04933784522989687,0.210274930205407,0.263258648204327,0.2127271600118642,0.0598399609279998,0.15286287309893343,0.042817598750134286,0.14978537729363076,0.08540411753060809,0.3795489727735911,0.04027563009440447,0.2249406543882121,0.1943073821578989,0.060190626005624505,0.06493455690624118,0.07968193309684275,0.08859486300012154,0.060955795796691206,0.2057196764949421,0.03759298231399458,0.13292033231037978,0.23675061545302215,0.21513734655237834,0.06520053013503536,0.143856824811562,0.07923720892070553,0.03548986696573478,0.3486226769012538,0.25532506507502495,0.10330572670013868,0.1556038706055176,0.004716769652507337,0.115633593749979,0.16373205352519807,0.09835723292977262,0.13625187199664324,0.06271458838482014,0.023090189167942636,0.035529979930356545,0.09297724189399043,0.0,0.12249007695808121,0.0048717552099060086,0.016551026084911664,0.010991736711346761,0.005386855094230916,0.03560370914688588,0.1244747222827999,0.2763136023045429,0.3243720911030694,0.3303004417373896,0.03588890405799513,0.09626692828992861,0.09174880599611102,0.13427527887192903,0.05172083218586417,0.046414933750516446,0.3004934649719601,0.07210797589867611,0.019734549732931973,0.01493142807732006,0.0029906682491457576,0.07898811080012423,0.22721410661355546,0.09980502228993503,0.12102533065996549,0.24811208651464012,0.03887128232879609,0.08751897248629974,0.08753216025178022,0.07664949393228523,0.08727575673534721,0.10721276850741017,0.1537371690967121,0.22858474579929264,0.07233329037307717,0.1841761266020922,0.009032679120904417,0.02636043871393642,0.009011166089380303,0.006412400607284888,0.003116051058783233,0.15508427864399632,0.2631659302474069,0.2757001901609936,0.23264071535401873,0.0704959103945046,0.27450648742366873,0.1220356239912098,0.2162239413295553,0.0870705830913966,0.17406116753044681,0.048012454668020205,0.9999999999999996,0.04391038900678873,0.018311147400318535,0.03362580093514423,0.0,0.013924908754256879,0.0,0.052614054119536464,0.05451286019368285,0.096441121872917,0.0325912098320792,0.02989718636076956,0.004446320510912502,0.0,0.012700579957380598,0.03111029690395968,0.04457430329200859,0.01036891662435713,0.12599166152198857,0.06041231769288499,0.05840262626747675,0.04036885698313843,0.008823693890958627,0.018078895827317414,0.0,0.035731722581970486,0.03717018308275083,0.03385892332726363,0.1115213612993761,0.00714762254861235,0.08454134978707263,0.04179428586365127,0.002987637836281916,0.11605625746018727,0.1326000135228561,0.13023877644156245,0.04652067038070567,0.06472082814251018,0.04437303168137661,0.03357415841040072,0.006723533936965226,0.010477800014794413,0.007557589558273256,0.003755949516039544,0.07373076252449318,0.010002611602448409,0.04546993142384907,0.029749181045121212,0.1348927094627104,0.047253662700914266,0.004007305316987011,0.003920710890626958,0.005672932191221832,0.0,0.07085095818129547,0.16973269564088517,0.04912540444871364,0.11067663106239242,0.024790888866734966,0.007819876758004227,0.06223542469169577,0.05233674428727057,0.04196840196398116,0.015855079483107406,0.06033918682268014,0.1710308679954001,0.11522531309018219,0.03185813377260169,0.013776010626468943,0.1268616464894381,0.005100102109333659,0.07443601697881713
706,0.0719418801172366,0.02592068695741867,0.003996318983547613,0.018523245417532412,0.0762251941384376,0.004881076163599738,0.04483671597321209,0.011134050899385097,0.10012772400839157,0.049062483162552045,0.03469581494670807,0.0619438115824914,0.033288827604158466,0.04485232966285112,0.047528582558566485,0.03023858086098464,0.0567398168814377,0.06415918015442547,0.029373200447972567,0.097151038379253,0.07231921305775985,0.01895295774296419,0.3039577184986617,0.02197821393879535,0.05724566488632498,0.29169490078585014,0.055031489331101954,0.03146703658821991,0.08516611987399457,0.021587066919565086,0.062883733041362,0.1514937980951895,0.03465689822942171,0.04418241601160419,0.021603589786775644,0.09052531181937501,0.04787533628655893,0.0037535316307664864,0.1688341711627104,0.031992565574486875,0.21298313331570504,0.059390712099958276,0.10882586344510185,0.2446541677299109,0.15749730955055935,0.09526308795138799,0.12204147412982393,0.04107366815846563,0.22477561379692237,0.017244709157460552,0.012474674362210485,0.0,0.011404464835434794,0.03589926635367346,0.030987676447133572,0.0,0.024187755198563587,0.0366006765596734,0.016966139315744956,0.002379821319117786,0.025881349332071132,0.003067992966630934,0.04981505511654547,0.002152876417787823,0.04433696315800413,0.0024945465161800113,0.062116811086325115,0.03725710710764882,0.004848724990323083,0.0,0.0030684471962282947,0.06692139275644336,0.00819140673091753,0.008088246825266276,0.003605936205906984,0.004553173436614876,0.044948964931423065,0.0056627863036802645,0.02412967012806805,0.031211773806080242,0.033662226172750456,0.021790774479326636,0.05584393140655929,0.038299332267901255,0.026991787318389016,0.0061717419244836855,0.05265001867030348,0.10338597456220411,0.09680682419972782,0.003539775107985623,0.05334990456902627,0.10281413241527561,0.03549312926161875,0.08460556948470041,0.04514336949448675,0.04779554593610224,0.01296802510598768,0.021363713589388635,0.04921974538137084,0.08772600982210035,0.0509753766967759,0.003952979602400146,0.018279007083935678,0.01961756915444983,0.037657004119019434,0.03588130664426212,0.009296894026102221,0.05339386805778917,0.01924244070691934,0.051476284990325125,0.056606915330322874,0.07041693319709035,0.08947713604051982,0.08552247872860595,0.05638098909226619,0.12586062978121537,0.07105018040367923,0.05719875779421696,0.013369539320573375,0.033197419221452945,0.02815229504448643,0.013942041455958403,0.15044058824475864,0.07140505397695758,0.0187897101167293,0.03586680183462516,0.04229433302660004,0.020237896499361543,0.003021940132220009,0.04741411511878026,0.0073529414697219506,0.0,0.2252656087062246,0.10327213697518779,0.2123197631299401,0.026168550871184658,0.03272655809390233,0.021308110945235374,0.06953348051365763,0.013066038397988013,0.0032309140545414166,0.022693243588221005,0.009567383943604551,0.02877250250895603,0.04410354765831734,0.017452411579940093,0.014197319654867915,0.04771271640243735,0.04391038900678873,0.9999999999999999,0.3699879862856096,0.13519004823047476,0.07353237050062272,0.05129219615724159,0.12703759122444488,0.3086687704306502,0.013474090303977672,0.027014670903604786,0.09025321710106154,0.0603655094579918,0.22732508891575437,0.17798256150086628,0.16945173032968575,0.15986097924973458,0.053825371385750644,0.2790901207289453,0.07846038621303256,0.007429412078722119,0.003311275560329781,0.023035898123071167,0.3776916254941637,0.3754635841735122,0.09294767684904223,0.09969519706750386,0.23017208674454537,0.3103240909550807,0.11858173656907695,0.0459372275459881,0.014411980512271235,0.22479191955618943,0.03343696532199259,0.007888874661776292,0.03033183126913358,0.02585091663678827,0.10426473629382155,0.05991397546339361,0.050203744872848954,0.014945762189941984,0.03693989656528417,0.10314328938987904,0.05957779863952205,0.054712701107593215,0.09134742399939846,0.02371272582574089,0.016118067706196188,0.1592715240639508,0.05791182742532218,0.46881404682260863,0.3395585071826963,0.32926560214487444,0.41095638636392234,0.39993199820398656,0.03643630473348901,0.025305353031322107,0.022285042907989105,0.03281664141874775,0.1125294667897556,0.4974640256222527,0.026226522559652986,0.05848775610581383,0.18469710467155262,0.02207719302746291,0.13930268344325802,0.031227446096658205,0.009662767676075492,0.3612824530903113,0.38602278097456805,0.0,0.0036666791218484484,0.019769214066191775
707,0.18197480525280482,0.03155979757130761,0.006894903749663205,0.012204408991000646,0.07935929432993964,0.011517583338330811,0.023228984307719712,0.025071292059226265,0.10458135777588247,0.02618117659021824,0.031486859465363726,0.07262846249784673,0.008072923374388695,0.060557948399069875,0.033745393350955936,0.009611722259175476,0.1116909278575821,0.07486914640100623,0.015313981725796285,0.05961277614509559,0.06617412708475266,0.0,0.2917957719538706,0.010350676885236268,0.06140450281136908,0.21665734925520655,0.04425459113060228,0.037846513695407404,0.16619827906334436,0.015262329063650697,0.015267292182473222,0.3312765515590215,0.021493992283274366,0.044655445678114636,0.05153340251700099,0.051916747902602534,0.07871779138769044,0.044186559205627404,0.08223690925241761,0.0351505956645131,0.2274627771229211,0.06812716017937981,0.17504793741627775,0.1959251841150077,0.08097801169230029,0.07109350969654163,0.21561519642878005,0.16827810600810705,0.2768325583487192,0.032542551486553765,0.012413079938617046,0.0,0.014513337541100266,0.012794113804173671,0.010055516261735979,0.007632619686301369,0.011534997748193903,0.011022145609166933,0.004820415706431183,0.015111843069057997,0.017114185687494208,0.0038844846293793916,0.0203294046252628,0.0016146382001714884,0.024641683580571703,0.013681399919149585,0.03174196683777218,0.016192514811046655,0.00821009346607411,0.008825135209862032,0.01476239978402276,0.037694255624294036,0.0,0.0021605284838848516,0.00955784920143362,0.005004470053909537,0.022372961327270628,0.0017603419714692097,0.010837683147137381,0.013086942639822626,0.013605432280101143,0.037219580012593484,0.03773874823878382,0.021275092133390072,0.007666655313166324,0.0,0.04079553450081755,0.13912857884992574,0.0718348972328731,0.010961903661542982,0.011965087672549255,0.15274809227070815,0.03784173289929711,0.05385903266843204,0.020254176177965582,0.068713050453085,0.006680410080578028,0.011418043958757677,0.10738597698534898,0.048210055579793555,0.05513558137146833,0.001572621898439,0.003869690891492086,0.0073005339260746585,0.00723059863225778,0.0195072892382959,0.009921060756105876,0.09506767157796778,0.022158574599516673,0.055039387015603014,0.09578642590897138,0.11604407299114759,0.058190778294544984,0.1294546522126159,0.09017596914218372,0.09654331298366943,0.2715801790280362,0.05108947154116511,0.0020672825718329175,0.008425897769913674,0.0054056521433376616,0.0,0.11773246411018265,0.06716907716113439,0.04274572990643787,0.04329053447614823,0.07036470148359078,0.02077001493286215,0.002267275058545621,0.030928895471641186,0.01297024097948157,0.00264299722931149,0.14874953528690923,0.07105489897780327,0.232225634996353,0.010109115047720756,0.007677797416297501,0.0027865439961445014,0.015587517084026706,0.012088705266665327,0.009541741507862413,0.016717022497713428,0.006676588170720547,0.024274114697518986,0.017732452543389347,0.03578648195559617,0.009929847246535749,0.015838624316620756,0.018311147400318535,0.3699879862856096,1.0000000000000002,0.14927490349381814,0.04386124613079263,0.054609512483230434,0.09350287123354564,0.1231935905236082,0.006515347497851277,0.057163517817986786,0.14977564780111158,0.07058280019962497,0.36036301237427504,0.3698326308863853,0.23961945155886985,0.11885180692751553,0.08868777013931234,0.18630472873588166,0.01818353900485757,0.0157401570817481,0.0026570066910938657,0.011356688110421868,0.43079710738675125,0.4652918369917682,0.2112969962624644,0.12059141526989127,0.15033334845348437,0.24123766594687485,0.0947342030399216,0.015386463745807582,0.016480406976088564,0.2405357795321559,0.032185687769316525,0.0024826752836655222,0.0029438711976304986,0.01213522655738748,0.2806911639228296,0.033931525612321975,0.02538087792885729,0.03220683385352493,0.09183004830113484,0.19987363974579578,0.10753485470980675,0.25441837976946563,0.11358530879785296,0.05574911346580044,0.0164127546490903,0.03076448702936783,0.0595804401647044,0.2954191591408639,0.34862751847494106,0.34394608059172893,0.35175758886318104,0.20691932792848805,0.024764877313683875,0.027299911419655147,0.019258913570980484,0.07369002318497743,0.18201381733269664,0.32720687685001487,0.0029043078614633074,0.02163814274396527,0.12296464387220848,0.027720713187513592,0.19028243441466086,0.0,0.013622476631764116,0.23282952777927443,0.1914367680058453,0.006834123858610194,0.02917503576108264,0.007764073680651287
709,0.13405971158258836,0.024399816133502075,0.058316655735429386,0.017574511311368723,0.14652721260598162,0.04505911017099547,0.07090589518598622,0.016488148528659693,0.16922893319403054,0.03024249438237455,0.06699890739643136,0.08624348769554743,0.03843608537723059,0.15581694241221067,0.038453827481274745,0.03491108364462063,0.023638655690429673,0.23183904745107775,0.02401364824281082,0.024195123019070675,0.08669583686800507,0.0,0.17612080691159893,0.0528517148310667,0.13701663920365192,0.0341079153699446,0.046080097095170455,0.028643094547223337,0.1642435250005663,0.006137691292913593,0.08079390508688908,0.14211213627361732,0.22985467417192262,0.2230449619518935,0.17152948726035078,0.28291982067341753,0.06292988735464157,0.18211097626892195,0.18302271703921774,0.12540868249553389,0.23631340366619744,0.17645268836931904,0.2832582817531623,0.34003373026646,0.27677707347538455,0.18136018576874408,0.12122336105864051,0.11723741892005068,0.24515058344990576,0.06119614889129616,0.0064682385584426925,0.0,0.005023261686817368,0.013458908804356684,0.01642586303675691,0.0,0.013706881932137227,0.009190626872866044,0.011879110195455367,0.0,0.028479831243672888,0.0,0.08474225168929579,0.0,0.030572371098689752,0.014280101933740269,0.038098298472186785,0.006917766490510039,0.0092297624235887,0.0,0.00441567467950476,0.034694286090403946,0.0,0.0,0.0,0.004944511579581566,0.0,0.0,0.005497710577408093,0.010396385124118213,0.01297138525050541,0.057582531262005604,0.013092632138090313,0.0,0.006665408085192013,0.0,0.057931354592397954,0.05227551710331511,0.023286086983253886,0.0,0.01902575848650182,0.10911668342855106,0.06062248944611995,0.271483515454269,0.2223512784112673,0.14658177121061672,0.04865599822544962,0.0816361368770136,0.24447767551805039,0.1285807482014801,0.11829677972492307,0.0,0.0,0.002464759336840743,0.0036758914774635723,0.004728609765816097,0.0,0.07402605197446593,0.0,0.03862868021051144,0.012020168917755338,0.08076832477312954,0.049234815239201965,0.008734855395025878,0.02553005996330446,0.1563331850631058,0.1312068483252262,0.010270444638812805,0.004704653546435275,0.028825480204279677,0.054574680607043256,0.007658675966922957,0.23536467437140204,0.027546991463201012,0.05496518424780139,0.026688795929644186,0.059398705517444514,0.008362768262075026,0.0,0.020916213236286535,0.05640697117586182,0.009032753431464433,0.3095764869487229,0.20531468342102346,0.20159476740886814,0.11393083426607793,0.10721593573109878,0.006387895466676255,0.01839907314266713,0.008173070393463218,0.0,0.015203334990635786,0.0,0.0,0.07035537204902254,0.0,0.016941433651766664,0.09124902734132156,0.03362580093514423,0.13519004823047476,0.14927490349381814,1.0,0.10316796708040304,0.17508450523466795,0.14580521921982875,0.26356937768502997,0.09478731606536188,0.006215999526187583,0.04270233524693304,0.0,0.020454788962437277,0.018915676465765217,0.09091146675961655,0.20616693914966083,0.24161741131059614,0.2366310813947291,0.06922092984785917,0.012924213760237366,0.0,0.007163124313970082,0.09124057484693682,0.0554647499425779,0.0,0.004411136963210724,0.034370755485279555,0.178108173770165,0.025643900309812326,0.30393475164190686,0.004887008212324116,0.19191416483353319,0.01251468569222488,0.0,0.0,0.0065730884657376025,0.071641065916592,0.1941431585512768,0.2255357301280276,0.0738422384674853,0.06943379612223366,0.04283676349194102,0.055607781423679434,0.08082639444610634,0.009305890884949007,0.13491219849517538,0.04294067723757063,0.04543299753111547,0.05130606628157366,0.057011268705944175,0.03738811430964241,0.037138310673490785,0.09164164117511672,0.06878702949351792,0.08015811940359918,0.010948484202171357,0.10993392882643692,0.1646891898280563,0.15050272155925407,0.23914674769459265,0.0,0.005659767388198236,0.12834214910238884,0.0110929320426335,0.019791478355367733,0.015741333006173665,0.04427022711846268,0.04424111263330236,0.09782548591343615,0.0,0.07509898210852771,0.13650580487650474
715,0.043545562273728744,0.1019088016974358,0.05207388812667834,0.03715469818460748,0.04774722981676155,0.05071091436476047,0.21555202266468182,0.0739211642097385,0.13277550984174755,0.06953183196461052,0.11419597143642199,0.14634442687622626,0.059415006907123126,0.03443461947184372,0.028147919599879945,0.042621334833668686,0.014392700659182509,0.2175832309079621,0.08974693360811689,0.06072385045576464,0.2146181090614028,0.0046890444493008785,0.11738263684100998,0.08643379854043844,0.11068987124652854,0.018787357988612714,0.07555744715947446,0.07340055516812424,0.0931421736965124,0.014748562787961056,0.018755949422451724,0.027612670244472358,0.10839741716089234,0.15893281835149087,0.11766568254143374,0.08255088796882137,0.037800320362644024,0.06284335992153309,0.14427650944660145,0.033357085934373074,0.1250045616152871,0.10901203574320806,0.08594304404715415,0.17520422079930387,0.14435140559473125,0.1027455573806728,0.09398022808264322,0.058992759662274956,0.12759256754383372,0.06804243110875954,0.0029631044019768544,0.010363055787096257,0.03031950717493483,0.026020311898651206,0.013919080336542104,0.0,0.021136531073822983,0.013248943043320131,0.0,0.0034041557179377057,0.015184656367893939,0.01835226089410303,0.08288443689469997,0.004001817385504834,0.011970243666154078,0.04648241473813972,0.03598326738829728,0.019437924151145043,0.023651378677964772,0.0,0.0,0.07495249897224021,0.0,0.0,0.0,0.0,0.004749719126414343,0.0,0.0,0.008545941494827878,0.007979186135733006,0.04137644204644636,0.03087379035160801,0.005146203042705091,0.003836493616728727,0.010128242263964046,0.09099498996718339,0.03349654348532932,0.01809387478385908,0.0,0.004346456760265341,0.022559860652587624,0.07440181618458291,0.05740456080242478,0.06466737849848699,0.1992373649645914,0.09652532319621615,0.04253434406991248,0.12523565656463362,0.041848063006622666,0.12498626977747883,0.0,0.01587494510579968,0.006342923387132047,0.004258890993792686,0.003974025213439247,0.0098765078429899,0.049933431449103165,0.009053663682958539,0.01279725723179073,0.0,0.010879376261237934,0.014871040729008782,0.0,0.010646441682432572,0.3052775178502786,0.047169741284845336,0.011965406604506382,0.0,0.02015763191909461,0.019337605923912222,0.0,0.10455403848652654,0.023640886019412565,0.0,0.04162802998904437,0.021089467621846592,0.0,0.0,0.008226516529382564,0.028186792563322717,0.0,0.08073634482505176,0.1790826758806091,0.15502231868982705,0.09383697440209596,0.1323302388405437,0.0,0.0374376143021965,0.0,0.005377910082518912,0.07315547836026848,0.0,0.0,0.037022684882959254,0.0040620684313605925,0.015788660353687436,0.04988752829817736,0.0,0.07353237050062272,0.04386124613079263,0.10316796708040304,1.0,0.05792033223281821,0.1615069832309168,0.14532627771344864,0.052231890894619194,0.0,0.0048001781127554955,0.0,0.0,0.030188760479093746,0.08940586937567349,0.1153642964666015,0.1092687869622871,0.10158830147953302,0.03824907704657444,0.0,0.0,0.01781967305936431,0.03191565244487596,0.018775005072478694,0.007304338625126112,0.008781665384717773,0.04974754451262077,0.07496559716687635,0.006867913494905604,0.10136999003035735,0.0041702605390125545,0.13209058745921048,0.11704085130198622,0.0,0.0055503880162322515,0.0,0.028538988776388538,0.020781416337437866,0.08154809789957197,0.09968642240445266,0.06018950954984618,0.03222823631900443,0.08476280545781206,0.05118757645556112,0.026951912094611,0.0837343889896679,0.01681615438654438,0.10680045726590723,0.019331277103211274,0.0703837587886093,0.0038384679666797913,0.005679282220799802,0.01931410135860179,0.0339642562644531,0.07254375592016771,0.014974137567436506,0.04934090751229349,0.05410779672155336,0.03850244512763055,0.08452505177031434,0.0,0.05072970533146282,0.06082287910965184,0.027983097902071694,0.005317270199351962,0.027965665713379294,0.038047289582047346,0.019476187703643958,0.027871510804038137,0.012342558694869008,0.0441553325751171,0.0219207355583768
716,0.04420761683638816,0.07114740878570462,0.021028660801000347,0.029236865179916464,0.05932419028911476,0.033835909160075645,0.0732540125095365,0.01205284953826792,0.2107896967551502,0.03783620115812781,0.028882244330653197,0.09099003365319208,0.07767438760889006,0.08926810736331103,0.037889307812034416,0.007669617673577235,0.018482215804549517,0.16671101397487065,0.052643351914741204,0.037214702868120196,0.1327045278321125,0.0,0.03193566087722373,0.05693558124163575,0.12878732009336397,0.02282337910005295,0.19630320135249288,0.05734710587267916,0.2252590049935829,0.018306823049244515,0.03744869435087026,0.052170659456561644,0.14323178248262905,0.1912741832999592,0.1140361792534871,0.2725593205510184,0.04243594523498118,0.24892033466979455,0.07332839793716409,0.1725108494846936,0.07798973206744372,0.23169858296419563,0.14411580225209714,0.14205077557176712,0.16759480015467135,0.3479763589631437,0.13185387653701627,0.059842483642878044,0.0633831488088982,0.024875929873106252,0.0,0.0,0.01157273235234795,0.008664973909151186,0.017275453052730677,0.0,0.010765555397850428,0.003131182954705769,0.03203536431733764,0.005011947230152665,0.015452182672086645,0.012560389667507074,0.12984676396984113,0.0,0.02951194891644489,0.033219444908186624,0.013258429192561394,0.016947400957221376,0.006364805994341457,0.0,0.0,0.026543721829576667,0.00844178499887368,0.0,0.0,0.0,0.018359136160896586,0.0,0.0,0.0,0.03148139407876354,0.023356014113860634,0.027178195714454907,0.004006760815133364,0.004564297243473875,0.0,0.04917694005927769,0.054329373569823966,0.042663262497753505,0.0,0.043763400293025154,0.05065298141525956,0.06532298163151058,0.30653753844601295,0.17920532952205392,0.11775510219848899,0.08082261707071359,0.14693814806223893,0.0763836581950827,0.08157659663192454,0.12990541400680175,0.003734913994930328,0.008929978153406765,0.0,0.01297927886791441,0.0,0.006769267074646488,0.015998141013365927,0.033224780984634564,0.05420198573365572,0.037903472289962326,0.02431012697043803,0.08066661692611297,0.01791037526724603,0.0,0.11138538673299692,0.035623887856702126,0.0,0.0,0.01269342355323591,0.05829068114483809,0.005744405158943115,0.19383797853729434,0.042090558596140054,0.019296153718276875,0.056291316893581994,0.0798095835946254,0.0,0.0,0.0,0.12799769345866943,0.007719371039921367,0.014634424086607981,0.07857237466506994,0.04831623188567706,0.09053936311881604,0.09168213378354606,0.0,0.019944646195244057,0.008363148664023616,0.0,0.06028358081357525,0.0,0.016319268153335446,0.06661309259763101,0.011496541490203028,0.008834699466963719,0.08435446400242555,0.013924908754256879,0.05129219615724159,0.054609512483230434,0.17508450523466795,0.05792033223281821,1.0,0.07333380501897831,0.06765057121154713,0.08200429913863705,0.013091843554887994,0.021539678708588708,0.00858906095635433,0.004627385259462003,0.006600700519187355,0.010658533160843912,0.1028478758612292,0.07392741673634046,0.09304945513942697,0.10654972037722203,0.011504644507670473,0.0,0.0,0.030325369861312134,0.012155160504485637,0.005260846941842358,0.01989983450366986,0.005120252516211828,0.0381586993976958,0.025516910074839062,0.361979011932363,0.011105911711087334,0.07804052986897252,0.0249547839057154,0.00601307601935099,0.0,0.056026513703006646,0.032470407373371,0.27901386937794215,0.4120743214683526,0.07897606807869234,0.06315584108675211,0.044240391485007906,0.06542468512906292,0.04195889276258869,0.04783967404057055,0.13773982108578023,0.04095992392196833,0.1049688516749301,0.052717846187743125,0.030737536556838037,0.02413604839849443,0.012814556546757715,0.026142260509797746,0.007290534841931784,0.1444521813036857,0.07263191640576701,0.12088454539261591,0.13936671061274863,0.09991119040217705,0.0356802679984251,0.0,0.05270613300410422,0.05368113831598409,0.0,0.022419415366534214,0.026530264974711733,0.022277642554221263,0.04560547324588716,0.06072767888829479,0.01568081605306933,0.027900382586186406,0.08791336874572861
718,0.11597450480729009,0.031776668940570324,0.04182008596227023,0.01406249575643758,0.10848743543829706,0.0,0.05171908738631362,0.01305637231803112,0.055662976820072665,0.04039448522467424,0.060917264258935906,0.06449182615698965,0.03585132923732991,0.062002046479932585,0.03535407732054156,0.03575701454872496,0.013671269762767045,0.10401896597912794,0.00949786548399885,0.03678806617326387,0.06570373082197005,0.006734199187949898,0.12520286731988406,0.039241733839754184,0.0433221895029968,0.03205419067239181,0.008239758150930069,0.02723474232952313,0.07674955863657226,0.008949203466981014,0.023000996515754494,0.13603762673241732,0.08824098893351587,0.07514561954484458,0.11132240406805902,0.10115764671026886,0.046658206698250056,0.04259295098410153,0.28089054811862296,0.04591494510219149,0.07499549708278574,0.04928189698287134,0.08913228366265155,0.19631099897937804,0.09031451085546695,0.05544662765323108,0.06634643522674166,0.0710798644224045,0.07442168571268475,0.042804322496542244,0.012004580546168648,0.004934741620261638,0.0,0.014994572891964436,0.017769630988941205,0.0,0.021055129670133677,0.007397814136807686,0.011880433308693244,0.0,0.012267527367480567,0.006745476222922937,0.05237135365959488,0.009579891063384787,0.03308945448255393,0.011406741706502188,0.01677297173221155,0.033009826725139156,0.009008294984752082,0.0,0.011576537453976896,0.011576806107493478,0.0,0.03251036911777458,0.0,0.0,0.0,0.0037132439348035308,0.0,0.0,0.0,0.026086858210564605,0.027940893810947814,0.07063159974101291,0.0037332369168987336,0.020199296155757787,0.09255447763700639,0.05305074473743427,0.0728051772452257,0.0,0.0,0.0376411223759551,0.068601373272723,0.10813015088025278,0.020426015096920873,0.07637102775591502,0.0062139513544681585,0.020943527483342377,0.059019713185928885,0.07690233829252255,0.047929054699413956,0.025197522407225045,0.0,0.014474577731441764,0.003924201485229312,0.02239410999250472,0.0,0.05728042852624641,0.006608486812303715,0.020730876523569735,0.026891668038457436,0.05067129688749848,0.028346378534179876,0.01043345822125913,0.03369501573677934,0.08988853997485688,0.05304772597463607,0.02683637049157023,0.0060795875373396745,0.006905934217700131,0.005835517686294791,0.006741610174525849,0.08639084538123729,0.01479318492318362,0.026945337532681628,0.007384310845033244,0.02863629013657612,0.0055320592064085445,0.0,0.009072977595659013,0.01701135056004868,0.007949335338668585,0.09610598912693154,0.13637261597289613,0.07113903176451163,0.07055591612829061,0.08235118838232115,0.0,0.04021628763760555,0.0,0.0178171669285085,0.04547664079817619,0.0,0.036921631038568006,0.007519482108557589,0.009413295840893468,0.02645457160130616,0.03188772411458549,0.0,0.12703759122444488,0.09350287123354564,0.14580521921982875,0.1615069832309168,0.07333380501897831,1.0,0.17488939216417004,0.012439350406843935,0.004834724430959207,0.0443807425158971,0.02469890879356971,0.08403175417376763,0.04806775313559458,0.01393163632125975,0.12645071898237342,0.2032648316952282,0.08013148936881961,0.035145114401021804,0.0,0.0,0.0,0.06516750397336307,0.042039593300603834,0.020231521949450566,0.08126568778129957,0.03013183480355531,0.10010824902226521,0.027019760403302666,0.04417579739080495,0.004841120928836145,0.06765820612930801,0.045501944051666965,0.01433665725742151,0.0,0.0,0.0356927725391798,0.031176592772358975,0.06541410221642954,0.018349776598228486,0.019659666654730477,0.035958392899765074,0.011927407568522699,0.020770982385899507,0.07758403056651678,0.05915398901470824,0.0,0.13951612701867735,0.004953982799988389,0.04412167856749743,0.01653340262800273,0.06464650607978499,0.061092066511328216,0.03897472854912151,0.04080408008102673,0.015877731426451415,0.06370021948438745,0.031166788170424568,0.010850176540546961,0.10233760726806876,0.04980126967518025,0.010760267402133337,0.11485763254014085,0.08763397840972284,0.04359976782175405,0.022024988389844777,0.03079699263435951,0.035364192502071234,0.03837174661077877,0.0,0.034967294245406205,0.005265903356411206
735,0.062408829976493246,0.0831506477569453,0.020523220748718304,0.01435477247989798,0.05674436995611691,0.010311190233178644,0.06425623933286352,0.012405187877399835,0.07105126729224721,0.06445140088809795,0.035872461123172,0.07940556493470667,0.040687011471608726,0.0562196290781043,0.03572540111603933,0.0430033206046127,0.02008831170653047,0.11635117273731557,0.017766997443177106,0.06339066592427352,0.09677362956289688,0.0031826035729359725,0.2669811931007555,0.04951841033041258,0.08424588533801869,0.17178901953651426,0.026352291470754245,0.029213438729528744,0.08334083731507051,0.0,0.014283395614486183,0.08301906218026558,0.06766691631949,0.11899067174494168,0.045041237134470315,0.09467401602152334,0.029334511972364315,0.06780675333173988,0.2620540734282027,0.03278185259364913,0.1689980244276731,0.08129285277037634,0.11283052435158104,0.37871741399291153,0.20171817130096747,0.07526600996455855,0.08564009445655466,0.01874052046187455,0.1683357050203301,0.014193268720790058,0.007386923101748247,0.0,0.007285421192956627,0.027248317541344914,0.028898554882593016,0.003709489805302212,0.010845568408352288,0.032135033875237785,0.006843735641120452,0.0,0.032361088694264434,0.006045312592487296,0.07893923840415351,0.0075519422862028555,0.028316282248146068,0.020609642442470596,0.049163411948135644,0.007974025397225845,0.03008415777157866,0.00444425768386136,0.020761887347688385,0.048034973166790534,0.004255280748130649,0.017808069494507243,0.013421442927599015,0.01970988838687797,0.011971928241464267,0.0078387886139674,0.008774590543353653,0.012344836235003785,0.006240615200989272,0.04163515616908334,0.04258977160480897,0.03185165831267834,0.008937836261704052,0.020851010376589343,0.055422947287214475,0.018974128653078154,0.011018147520500463,0.004096175546553317,0.00798668387006843,0.034349622579203855,0.048786493061324786,0.0972454657197635,0.053238431045822425,0.11637321621208031,0.03151240566945714,0.00852046989991429,0.11550413611466438,0.0270104753149298,0.05764865672415011,0.006697756434373169,0.005748834287979277,0.04371980063917973,0.006143196654728531,0.025252241937882194,0.003496357193496374,0.035557658416332294,0.00399490589871784,0.01394573695415818,0.017933506343959793,0.02192091885065815,0.03166738969775089,0.004289605420157951,0.006631753305126366,0.17611934123991657,0.057355817999282147,0.002775975361799708,0.05539954884939907,0.051091016389721924,0.008048459031486745,0.0069006444177786945,0.13453790436550206,0.004990542103507564,0.01782306319496435,0.01541970115381724,0.008539739107106346,0.0,0.0,0.015908753826115268,0.019444448544332502,0.007514483696080807,0.4373218402517136,0.2744293498306264,0.17940975771477158,0.034400984182756944,0.04759788403343989,0.01934080121078643,0.017348552246637935,0.0031949862419192654,0.01772685679073073,0.021420685770752148,0.002620843534316698,0.0,0.004979841158422843,0.006701604335476685,0.013907734880361327,0.038530190521789305,0.052614054119536464,0.3086687704306502,0.1231935905236082,0.26356937768502997,0.14532627771344864,0.06765057121154713,0.17488939216417004,1.0,0.02175442527489607,0.004570251016429183,0.0028930980667473427,0.0056383056260088426,0.0603230502952035,0.029864148015599914,0.09708253637212756,0.1498244307864006,0.16512555353488545,0.3867761317952184,0.07375664141057926,0.004634670875117581,0.013315057532032656,0.00440561281190024,0.1373414074172889,0.10754325409545669,0.03931380190593273,0.006639111448211244,0.17094440432191596,0.27295869673062134,0.021652772719193535,0.12098324996970992,0.0,0.17461712161253395,0.02433161054156699,0.008769563756639003,0.00966747824388391,0.0,0.058275658572996256,0.054712767584668816,0.09527557205255807,0.032508645706834385,0.019927180591065043,0.03946752385452432,0.01313269715096094,0.07461091130479419,0.00885070575415288,0.048641334105415615,0.029407841756474998,0.22883161171988448,0.024061175132879697,0.23980352684658188,0.096491647355476,0.17286787772383644,0.23785906236306964,0.2662408608681793,0.03470749099636914,0.02002681316635648,0.038052990628582514,0.06520283933867753,0.023149472767385517,0.42432219819960987,0.013867134232572034,0.07894128853487106,0.1650508606668321,0.030872921068898482,0.010466766437917411,0.027339900125492155,0.017381605324030873,0.21391002584418023,0.25013360905932713,0.0,0.01161551797158757,0.03372765894028316
757,0.04161676915657147,0.034443767625732695,0.17386439245735866,0.04027816532981219,0.18797400476837187,0.0712463719504888,0.08494165308144604,0.11930552372594747,0.16900541691419524,0.03194742619395877,0.13688092009685332,0.061559009017204416,0.10682724459866393,0.1240140386616934,0.1137581954221726,0.02011627380942775,0.02143037394720009,0.24353223941485633,0.02604252011952101,0.037179702546051185,0.08818880625420722,0.0,0.05666237031971883,0.03176929674618857,0.18120401340064266,0.008415136886707615,0.0857410568301746,0.003174767319660983,0.12316076215839791,0.05894690470020417,0.11409688096745135,0.03388248816675388,0.13076213329540506,0.10565440261450497,0.0504306709226113,0.1478035621211384,0.016139939746334268,0.15499017462267387,0.006023802076890129,0.09927680044548907,0.06976385438297465,0.08411351542940797,0.14317694989075078,0.09245006094187161,0.14020776359964038,0.1481859488189402,0.04199550245476815,0.07245920796859193,0.0791123071706539,0.09286309634553006,0.0034174957985189723,0.0,0.0036029842378066425,0.037312919509440934,0.027705899328557607,0.0,0.0036554967326555407,0.02436743490032821,0.01696564232119598,0.0,0.03287140392792004,0.0,0.08539196210269821,0.0029936427663694743,0.05703333348028172,0.02387882907275165,0.020955523053001378,0.028848070015040993,0.013719559950044157,0.010153384421820719,0.01034663140736532,0.013976602449947435,0.012033152129422933,0.025814543470990745,0.0,0.022364804174921576,0.04184747104828656,0.0,0.0,0.01921647357341344,0.01572497349831345,0.1152198697576189,0.06467666883578091,0.006471730071698614,0.0034794551557866026,0.008836165979256148,0.0037167061742315447,0.048417214493424204,0.02649418286491455,0.007884559090390906,0.007323317247932723,0.027706254014937107,0.18544669769125538,0.10249271479193373,0.21350387721368425,0.11265690577245574,0.11830228294642334,0.28447336107742555,0.060154306820077275,0.011624873804911649,0.11802247538595402,0.0035863923183155314,0.02870767387071749,0.030647681105097063,0.015317019434899604,0.022330463401803124,0.01515700824342912,0.07158037755920175,0.010956778965507036,0.04185126133012128,0.005270525259732914,0.020159377684240726,0.043867363507466554,0.005388814518238274,0.021725055318852975,0.045963340678968685,0.022044462045111537,0.021526249675658114,0.004904657861308543,0.027797613875068142,0.14637028308954556,0.010092444252508947,0.10533821202347717,0.016076669369643977,0.01857870049247129,0.04213364878426523,0.008120672173822173,0.0041757696303774345,0.004710912718472675,0.03360474852079724,0.1394283670307785,0.06319215829902874,0.02219300406380055,0.0735599543638085,0.02110275867606688,0.055846458173676304,0.11915302259998861,0.007314045977535553,0.007887728976846978,0.03407917602286642,0.024526769270330442,0.004027645201575581,0.020519477442090258,0.0,0.18284868755227277,0.04974211025437758,0.027148148803936505,0.24110309930266532,0.05451286019368285,0.013474090303977672,0.006515347497851277,0.09478731606536188,0.052231890894619194,0.08200429913863705,0.012439350406843935,0.02175442527489607,0.9999999999999998,0.04890338921141785,0.014802313345952021,0.04880069912407123,0.009476634051418738,0.0036569744487360083,0.034652392322317066,0.06250394694753471,0.025551414603012086,0.07403558694240842,0.07903542399836129,0.02603893275875623,0.0,0.012299803551580045,0.012632466032097504,0.0,0.006838578140543515,0.014659133285733764,0.0,0.019834124375605625,0.0038765317273434974,0.11277675249696725,0.03564334694563959,0.00808087417798544,0.039848314585984784,0.10373723816789082,0.010786558817292754,0.005209809839631661,0.01347313872608092,0.14926080659573665,0.19578595967370838,0.15026773275245084,0.11212306620491631,0.042163449728423535,0.0466970386539226,0.049204968259068595,0.0230007404526196,0.08535938372682308,0.04218801550512943,0.019460458648260043,0.028477116183396305,0.0024600982936068137,0.0,0.00603832672207839,0.010936245491598495,0.0,0.08468806382747074,0.0,0.20497480023466494,0.25745135940033015,0.06471813368007534,0.033167207938783985,0.0,0.011884558150185172,0.01659156458318964,0.08604551021465653,0.005894190779839194,0.08044136989657709,0.1455676619667961,0.003292659227262501,0.0,0.06780896785353518,0.1173831156295262,0.1525538236554251
779,0.09076329464669348,0.0,0.0,0.008103673235351067,0.049612690043018576,0.006145856587794812,0.006047581263830304,0.004988193653948974,0.03188163343399287,0.004348060927210408,0.0,0.0014589119277572463,0.017449270659344245,0.030129589023130163,0.05146669777839879,0.0,0.0,0.0377834757635837,0.005709976624617132,0.023865782366226364,0.02185144343524183,0.0,0.02286643630862221,0.0,0.066099092668866,0.04197342921643614,0.008028407006796143,0.0,0.09424696814138785,0.011695363134291066,0.004653636539298319,0.10220892571955098,0.04160489708145623,0.005203645171486508,0.0,0.06786159373411708,0.15977303987280755,0.07217654025547067,0.004176054364518385,0.049742442180443124,0.030557319147567222,0.016970877497856956,0.008721096962788309,0.04940746850164851,0.030356274796651258,0.059789796018196464,0.0723092839660743,0.04358589841177174,0.05777802659586051,0.010977291502155033,0.0029259127378202686,0.0,0.0,0.021962274034355952,0.0201162354046806,0.0,0.016267387535085796,0.01352669186383899,0.01693225117972233,0.004118348525596818,0.026122660741576258,0.0,0.02780987274676208,0.0,0.04097541712266511,0.005165962919784466,0.021859670365639072,0.015258285525194766,0.004655224642119526,0.0,0.004566151495487012,0.0,0.007038616339583989,0.011637198639752544,0.0,0.01431474894599918,0.06251275930306938,0.027997624683765154,0.0,0.06108041078931749,0.0,0.03660580512068334,0.07706797148762148,0.03571074042406853,0.00924897715847901,0.009413025014291204,0.0054458567516087325,0.13885869446430704,0.07880059087403044,0.007807191548251928,0.057398006205586743,0.09842431138803054,0.04003921823868036,0.0392962279680803,0.022035799516856157,0.02255315596048731,0.049386766233381126,0.05623390062964385,0.0,0.003693760654507255,0.008515492826728525,0.0037989229596499794,0.024698616129358204,0.010688693725728664,0.19077818874692876,0.0735819259101381,0.004746484305502314,0.038034228659739634,0.10935769979262057,0.1727491306757597,0.13451655926555195,0.1296765077743838,0.23383874604688726,0.2234646751240751,0.03476397037675405,0.004837873594274671,0.07919512833698719,0.02271356822117066,0.005456209611948825,0.005635940063688516,0.012263437321195048,0.010858363172222468,0.023316336601119314,0.1295900750983387,0.1810622079009667,0.03365714485979043,0.11310360571248007,0.04662861332838239,0.0,0.016778213915935883,0.019631134636359335,0.06463316898917776,0.0,0.010774682608706884,0.01000168373055841,0.028703325829472513,0.0034805231048184336,0.0,0.008400597501668852,0.057195326417917434,0.01046846862154192,0.03327165810961407,0.023003998046729812,0.17134299994206004,0.04420866789389036,0.08188621116423489,0.014949667115561827,0.07642044834909244,0.096441121872917,0.027014670903604786,0.057163517817986786,0.006215999526187583,0.0,0.013091843554887994,0.004834724430959207,0.004570251016429183,0.04890338921141785,0.9999999999999998,0.2037557884970243,0.4077325612645155,0.06751633430370628,0.05600193917758198,0.004165825660553997,0.0,0.0,0.004819077651521409,0.0169666253476441,0.0,0.0,0.0,0.00808349814174695,0.011937349065631828,0.00464355847399385,0.010048846733293443,0.016205466956278048,0.0,0.01915590069632553,0.018274525893735176,0.05386177649879151,0.027290640063230367,0.0,0.057970631745878805,0.011673425921551857,0.10379785803746414,0.21686787410364503,0.04218161522051728,0.014767466423001412,0.015080894790803035,0.07975784904468175,0.01087917852802808,0.04024152792053585,0.0,0.10706613766864737,0.022350018716548334,0.0,0.005044983802788967,0.12137940948518675,0.019479226407393455,0.0,0.00784545948078138,0.0,0.0,0.0,0.013389431737488449,0.048806545965014075,0.022388086668639916,0.018988226726653037,0.002609809163265897,0.0,0.0,0.03679385437758195,0.016968832467225966,0.1589163339110611,0.0,0.03749819401792593,0.0,0.02695683828530944,0.007578485342016787,0.017340000988966493,0.02088072931505751
808,0.08493994182333289,0.0,0.0,0.0,0.045277680706631615,0.0,0.0,0.009913792247819325,0.06294578802804884,0.0,0.012211344189746714,0.003729741992740338,0.005094141960105703,0.0485756592347617,0.008121901475569425,0.0,0.03522893136371592,0.02821997197690921,0.005170487065163288,0.0020673507572529287,0.014586683955751646,0.004896364033636616,0.029261410241789916,0.010117105715742281,0.053496734611655855,0.027824524775462354,0.05097713786600292,0.0,0.08667090515602294,0.011892977779899894,0.0037321547868423067,0.15859196462374697,0.023571518267014396,0.015202372663230945,0.02417799981793282,0.0146969554897287,0.1517952883353487,0.021545466854240674,0.04027246323331539,0.03321993945038303,0.12548359399089337,0.015152405074196814,0.05011741533965681,0.049186450520108206,0.039914502706638204,0.05277714961165228,0.20349181237202957,0.06053196553477863,0.11556056423670232,0.013131453815496037,0.004678865605648738,0.0,0.0,0.019232238163978743,0.0019195867280085818,0.036190600173689,0.011890073818484323,0.0015969089937887886,0.007496406497032358,0.0,0.008559026516251018,0.0,0.01680036268988735,0.0,0.013258731320713101,0.0,0.014698268023792305,0.01503773416958004,0.009470920254810779,0.0,0.0,0.023338221206390952,0.006342276720894278,0.0,0.0,0.0075616097010687885,0.005046318433910455,0.006865970432977959,0.005782932636135631,0.03780906233608802,0.00804922119891753,0.020817158316701067,0.05773474188142486,0.005993997619090568,0.0,0.0,0.09454962084017286,0.191257659346267,0.07381983327963458,0.01954003959034653,0.07925587872213087,0.1621365356734098,0.016325704180682094,0.030225927012453038,0.0,0.016285241854589096,0.035619420393332726,0.007268751058327415,0.05933550413896208,0.004099353197069502,0.019827872705107157,0.0,0.0035960342246358925,0.002518859557879706,0.042721364303860074,0.020023375790962996,0.013632703482033274,0.06584845560379883,0.09073066200731676,0.1483476653221823,0.24515641209745048,0.29317726400910515,0.1473435584902385,0.32125797961619673,0.0932538711982836,0.00646536056366773,0.08940495954946337,0.009616611844471015,0.0,0.0,0.014329861341017314,0.004684140347401126,0.03685201272401902,0.20217516780889777,0.17356915438712794,0.033037187741105596,0.15865422087591624,0.01807839358812973,0.0,0.006339115312221314,0.0,0.005130130102232913,0.036832054063162076,0.011589842429833751,0.09129476274569388,0.0,0.012256876186769463,0.016531709591604438,0.0040013569248106735,0.018366972898793684,0.019569693376375815,0.02033025334044796,0.006288937768401899,0.13808075044471688,0.014319606016817995,0.04358719256047783,0.006835044976459082,0.022011026749248836,0.0325912098320792,0.09025321710106154,0.14977564780111158,0.04270233524693304,0.0048001781127554955,0.021539678708588708,0.0443807425158971,0.0028930980667473427,0.014802313345952021,0.2037557884970243,0.9999999999999997,0.32101039328202163,0.05772778137894482,0.061834110995345554,0.045992036290270995,0.09332522303721316,0.046834193228040596,0.015278693569383711,0.0,0.011115340938095842,0.0,0.0,0.09880166057043575,0.06637368515188502,0.045887668654205856,0.048323391212055616,0.08351576533835971,0.025130925188647187,0.14025430943362097,0.0073758600938330305,0.0,0.1393558015494551,0.0,0.018139119432042307,0.005603180653401948,0.06653083541867301,0.2035668131854506,0.022585251296137258,0.018254088156086958,0.0023359227895223,0.0518286558863761,0.11985336449342358,0.12811900143005084,0.06129666750509983,0.22963109483231656,0.08789156849766237,0.0,0.03234065604821611,0.09897746196939067,0.07242746132897858,0.025132720300499244,0.03598362273185422,0.020055951897639146,0.042342644192921504,0.012029293649160694,0.03258879167882994,0.023485212792659464,0.02712226125564903,0.15015147980581164,0.03583894985276182,0.009511316060360087,0.0,0.0884255167661648,0.019234355552029004,0.2723288500446326,0.0,0.0,0.07298029234695755,0.11284066039155602,0.0,0.0039024349084022998,0.0
816,0.055100754321194975,0.0,0.025629681203096985,0.003785588848269294,0.01945696306599653,0.004419118272720761,0.0,0.004035621584300656,0.04246648672336234,0.007334494742982962,0.0,0.0015720062272837072,0.005430982995630373,0.017940115722418656,0.02034968295560676,0.004396873719346857,0.012444283936029919,0.028008723206807577,0.007751510470002069,0.006809044437601898,0.011322130843774144,0.0,0.012845331760732936,0.06453026163114718,0.030671405064214674,0.03502810103911175,0.01755694838913912,0.0,0.05945345163941951,0.0442474894862498,0.005914910927717273,0.13140370879638355,0.010443608290601727,0.004888788874165376,0.0,0.054138804549864826,0.15813827171096684,0.01927068943655673,0.0,0.03527746431842836,0.08626183662917512,0.019472407360261554,0.020628177632071594,0.037074169444266655,0.026166675004902468,0.049479431995737254,0.10929264701366902,0.01885004744204153,0.02939061452985886,0.006986142469427091,0.002254408001151168,0.006730743932776144,0.0,0.01197953217774348,0.022346668303422638,0.004212748569756362,0.026827133695318726,0.021019285124310616,0.04842988526761231,0.0,0.004985904018786975,0.0,0.035243203870884365,0.0,0.026328281426261212,0.01146427837120723,0.00524527962223679,0.0,0.0,0.0,0.0,0.01329611883439648,0.011283253162708671,0.003465908575524334,0.0,0.008316606656975032,0.057942799049441183,0.01940811169886026,0.0,0.02279944110133008,0.012965437710801811,0.03519554888193797,0.060720008402084365,0.04059805385436751,0.0,0.0,0.02841608541457679,0.14784562132542192,0.08825398718960965,0.00889675618201437,0.0993030113824582,0.2782462431667746,0.0061429757883617415,0.02740737050070092,0.004755505315824287,0.021484098407119054,0.04732576985944281,0.026267390106582574,0.01405724229402451,0.006299074908683951,0.0,0.007431236316636978,0.003907769707517653,0.017915995974605848,0.14652127307845544,0.05023926800038526,0.0,0.044616781248519206,0.15479955133330695,0.10964090888606881,0.2335874355230233,0.21933865864009017,0.18646484597285443,0.29916957306251063,0.08135652310588291,0.01073115164845823,0.046865761787215424,0.021560397202165814,0.009905282302237623,0.0,0.0,0.012329788046404732,0.03885443265883849,0.1653631375384278,0.2255704671399294,0.029612916721106032,0.18006110358122004,0.010373437129522281,0.0,0.021527663646398833,0.004370597817527984,0.014852518053653214,0.0,0.0,0.009258899720275268,0.0,0.03413305626262711,0.0,0.0030118856201339825,0.03003239133476413,0.010117063413612463,0.07952784210961375,0.007341568004781922,0.37002159564154324,0.0,0.12603496021330468,0.001984650914905787,0.026796518549750112,0.02989718636076956,0.0603655094579918,0.07058280019962497,0.0,0.0,0.00858906095635433,0.02469890879356971,0.0056383056260088426,0.04880069912407123,0.4077325612645155,0.32101039328202163,0.9999999999999997,0.01806467876143075,0.08245687850172054,0.006883744817878793,0.014418807647855896,0.0,0.0,0.01671317045692922,0.015167527983796267,0.0042659108547637055,0.0,0.03243746781027146,0.028100564233354153,0.03891803457436045,0.0202642295946199,0.04096074668433105,0.0,0.02394066648879083,0.0,0.05490119631402575,0.05193920120400063,0.0,0.016240642760146064,0.0,0.14373783898857548,0.18926675383229252,0.03149248180947213,0.005295084766382526,0.00804739884934962,0.018952665908510892,0.029102479643262315,0.06927588919302333,0.024474585547863227,0.2092519646567871,0.008481471056276554,0.009893369611448766,0.024957812047655112,0.13839266276285075,0.0667273376228662,0.003899561620771219,0.003421115216495707,0.013203538503363676,0.007676490392637261,0.0,0.010511400339623111,0.019922368456366094,0.00728869388322211,0.0418013432135038,0.04980705576412381,0.015784317335276937,0.0,0.038529168962621686,0.01912641724783189,0.2881263044659357,0.011781206028097499,0.0,0.02223346033794214,0.034931473624828284,0.008748430638816012,0.01223719659326346,0.0
841,0.10882672177419843,0.006733935618203309,0.0,0.0022547403773886285,0.007854748514532677,0.0,0.0,0.0,0.006635603480083303,0.011967653550589406,0.0,0.007983053580629087,0.00630811148263438,0.004199263672032676,0.014808516139265225,0.0,0.052492245197872364,0.018310841936929778,0.005655420933788853,0.00295878755079629,0.022895657077542646,0.0,0.12163963117253947,0.005547155597058202,0.020599315423077684,0.07950390948601845,0.0034451253078478516,0.0,0.023181991277939535,0.0,0.008805518053211277,0.17996145555347243,0.037389839233395276,0.006900817025893844,0.030279222050083633,0.00609305661547891,0.03404634693195076,0.0,0.04300249617517688,0.011607082804856016,0.047269101252271115,0.032334701039869664,0.08337742166200669,0.047092637556575216,0.005653209642600163,0.015253475536373358,0.037391252014589704,0.0844936539175845,0.12865944703524096,0.013217015451573414,0.0020952680986149113,0.0,0.0,0.003008394253553149,0.0047548304426104195,0.004936041267980902,0.0,0.009742370507033964,0.004910027825874552,0.0,0.004545579673089323,0.0,0.003321531247848578,0.0,0.02669565228700511,0.0036766634159725808,0.002618138803499787,0.0,0.004522028632163441,0.0,0.0,0.012932018871772595,0.0056622992600208295,0.0,0.005210508808855625,0.0,0.0,0.0,0.005680181864355594,0.0038528638796700597,0.0,0.005241491850203448,0.02074442411694382,0.029003295179161434,0.0,0.0,0.004500568825630051,0.03449083191069992,0.017547104441777105,0.007168035993648901,0.0070048274783826095,0.03443916759037823,0.0,0.004716009941902107,0.023291689808622194,0.00920461413433994,0.0,0.00509522652336035,0.013617330217140455,0.004188861228837039,0.022687565157809276,0.0031178641409374003,0.0,0.0,0.0,0.0135093071927927,0.004652435860595112,0.014699812414573979,0.0,0.005188700606077736,0.04692331763894825,0.017336775933159312,0.010054738052316417,0.06400589218684527,0.04002833511553745,0.015506475701748321,0.18364803868296614,0.03582960156587021,0.0,0.00397002718387589,0.0,0.009273698882398197,0.01966023501377591,0.0,0.007715174725347129,0.004377477992657632,0.0,0.0058897093734706675,0.0,0.0,0.006406742488894862,0.0,0.054839364116388484,0.010365932036081318,0.08424412797769833,0.0,0.0,0.0,0.00322892696378953,0.0,0.0,0.0,0.0,0.005050337986606675,0.006429997795961128,0.0,0.0036713430162684814,0.0,0.004446320510912502,0.22732508891575437,0.36036301237427504,0.020454788962437277,0.0,0.004627385259462003,0.08403175417376763,0.0603230502952035,0.009476634051418738,0.06751633430370628,0.05772778137894482,0.01806467876143075,1.0,0.4331682407391639,0.1159152620165972,0.07862833424996059,0.02049741756555926,0.07007559055928658,0.01122265680065684,0.0,0.0,0.0,0.41605912677597556,0.4696850570157565,0.0980700678643388,0.06635155916937809,0.04481900647215929,0.07002690752819019,0.01298897757320611,0.0,0.004633075607962359,0.05451398043580487,0.0,0.00446618205846864,0.0,0.0,0.11515107440347873,0.0,0.0,0.0036651094410735776,0.09218277391053167,0.13738882722890025,0.02782411987502051,0.11098589948859877,0.0,0.0241672088711197,0.004728188707826581,0.0040968591865551416,0.005220095703297383,0.13778111340086227,0.36494426664539525,0.4471815576674822,0.335781791303312,0.1502332928372477,0.0,0.0,0.0,0.009437593864584475,0.034383515421769276,0.18241465942934576,0.0,0.005034010855886012,0.07325366379250803,0.03706223848402191,0.05513233425959039,0.003914055025176667,0.033571301782768834,0.16502794087819125,0.028295559641610915,0.0,0.009025174146444465,0.007486702469671671
843,0.11645215006558951,0.0025342208618103538,0.005851873308540814,0.005858373675410167,0.021073243304850258,0.0,0.009317855063139063,0.0,0.015288313705488683,0.0224917584780552,0.0,0.02926813307322744,0.0235214795762029,0.004803769135115117,0.0414949098110302,0.0,0.05363636539152332,0.05856344412052984,0.005896542951481977,0.04720564647807737,0.04728169036331145,0.0,0.07481217684363616,0.005358647374991615,0.03192175086920483,0.05068699433338507,0.008650698484348183,0.0,0.033448130620377506,0.0,0.007316715957799472,0.21508979426527383,0.016576989629083758,0.007469668814855849,0.018118967611964642,0.01268007841188204,0.02977493295600431,0.0,0.019311419501813674,0.00910689078727783,0.10353437276477116,0.0,0.06718900835102302,0.04123034257080923,0.025918192899912356,0.015771244049910357,0.045219765417915454,0.07435040996896011,0.14157760146704884,0.02413761744576979,0.0,0.0,0.0,0.0017895031201632602,0.0027661280873926006,0.0,0.004787543113341738,0.0019458079636000985,0.0,0.0,0.005710275798686847,0.0,0.036816483202738795,0.0,0.009350413828815183,0.004216762006694796,0.009202479164820788,0.010787605454213405,0.0,0.0,0.0,0.004992076142317535,0.0,0.0,0.0,0.005371354962155285,0.0,0.0,0.0,0.0,0.0,0.004113864646173027,0.014077181718883735,0.0156649053876692,0.0,0.0,0.005682721684029128,0.05692694624065743,0.04082382381533001,0.00914806617601009,0.0,0.06785766319651079,0.007998705175694502,0.019923173413795445,0.0044037098263229055,0.013662701360741259,0.0,0.004767651770248762,0.08181559456100011,0.008161339544621974,0.016679135477944623,0.0,0.0,0.0,0.007810103910335335,0.010491236186581373,0.0,0.033725233180668425,0.0,0.007795015881788789,0.0477499802644957,0.06093131894984182,0.014489603723478905,0.06618833117642019,0.05118790392887146,0.009620423418995126,0.32037379124897863,0.028626642998077136,0.0,0.0044197443715584895,0.0063402485256214775,0.0,0.033345615319444966,0.008884679262020011,0.02818030023931304,0.011968570165705605,0.009950078699181547,0.00546893585165157,0.0,0.007157416873808672,0.0,0.0,0.02027658989527472,0.013825661318129807,0.15807545053015026,0.0,0.0,0.0,0.0,0.0,0.0,0.0,0.0,0.010814538713254336,0.015548459882042832,0.0061730391398268,0.010662080698740107,0.01555470260841742,0.0,0.17798256150086628,0.3698326308863853,0.018915676465765217,0.030188760479093746,0.006600700519187355,0.04806775313559458,0.029864148015599914,0.0036569744487360083,0.05600193917758198,0.061834110995345554,0.08245687850172054,0.4331682407391639,0.9999999999999997,0.2746228605769441,0.08352788398512614,0.03371385491695281,0.0630712883996484,0.029869011762290943,0.019927644470627164,0.0,0.008079574612595211,0.2972646370142854,0.3871529063979065,0.18440855888767482,0.07841759178666714,0.0959971649521321,0.07243332843560148,0.041843325197527835,0.0053589311953668095,0.03352636085440684,0.12324621263016661,0.0037027555417318276,0.0,0.0,0.007201034415712718,0.20367495940337116,0.0038551153864233327,0.0,0.035980135524285944,0.09500547809210443,0.1523008321422962,0.087388049794067,0.086808396768122,0.019274520402859013,0.057903445723636274,0.0,0.017682519225770695,0.006202930589398529,0.17577118273553075,0.22953302962111483,0.31533277441185686,0.23240439083648978,0.11814253711424286,0.006499079524880898,0.006240053841885128,0.0,0.022670396097689022,0.06313147640391448,0.1412565716304868,0.0,0.0,0.1338897731452003,0.0195068999895341,0.10443826943291604,0.0,0.02075489694526285,0.13423621941904273,0.08084143696692904,0.006104697169345577,0.016489461001254264,0.0
854,0.12026267534546037,0.04131171952802642,0.010968527490603175,0.00864332840316854,0.020616070265356428,0.018124731264610915,0.03344729775883467,0.012803130578182045,0.031342881590306265,0.018403666868734986,0.0,0.0603610702431015,0.04496671733384946,0.041863379449484595,0.019607329471999457,0.0,0.14492911085438073,0.13610636487593059,0.00950595729174962,0.017163087919895032,0.1305113164826458,0.0,0.21153407027367094,0.05015150865501197,0.0825414066489793,0.06902970439953449,0.01952975951030614,0.01764162239470786,0.1036319069446811,0.0,0.011015284835064301,0.15494075114074182,0.021577019618206135,0.0613898298936708,0.03317148134411826,0.039617464106061095,0.036074684828888516,0.00858674799313328,0.055611381503884144,0.0032177221434591466,0.1057873275271931,0.020304034844977097,0.2496782985865408,0.12219476433429764,0.06332275264196868,0.03693016916436909,0.07998143078606847,0.12275693743754718,0.3429764537210306,0.03519852965266757,0.0,0.0,0.0,0.0,0.005830951940537274,0.0,0.0,0.0,0.0,0.0,0.0,0.0,0.019075284941108505,0.0,0.0036280544139582114,0.0,0.015216445144514635,0.0,0.0059871532881726084,0.0,0.0,0.02871183212514787,0.0,0.0,0.0,0.0,0.013076443526725193,0.0,0.0,0.0,0.0034091985974366444,0.0,0.004608034078996716,0.0,0.005237305466450399,0.0,0.004912538814486366,0.03600526765621611,0.029319019614509882,0.0,0.03215104411656928,0.047210080301500555,0.03202467821241149,0.08063430030792641,0.023624639809939896,0.06864933035791419,0.0,0.008846715361623165,0.31538837324099217,0.0328406957427261,0.07474504287024727,0.006013647160929171,0.0,0.0,0.0038220945690210883,0.003696880679473526,0.0,0.022199366282650776,0.015801906202258773,0.013339403603333735,0.06324891938702905,0.08625338683665175,0.03030576580482896,0.04955175878682797,0.08853961773863213,0.06808364304584245,0.15456340341775096,0.02623815060473344,0.0,0.006269970664528638,0.0,0.0,0.07305200334363306,0.030547449154534008,0.04570184975537281,0.03750458677770928,0.013258999438315095,0.01605595371790923,0.0,0.01274015862541949,0.0,0.012871038667505271,0.10713552899689469,0.08955518044520833,0.44707933051639065,0.07938364345887235,0.0,0.0,0.004493659855869101,0.0,0.0,0.0260005191325052,0.0,0.004033888677570539,0.01608237938787513,0.0056993673178653064,0.0,0.007978907377567334,0.012700579957380598,0.16945173032968575,0.23961945155886985,0.09091146675961655,0.08940586937567349,0.010658533160843912,0.01393163632125975,0.09708253637212756,0.034652392322317066,0.004165825660553997,0.045992036290270995,0.006883744817878793,0.1159152620165972,0.2746228605769441,1.0,0.17585698355729926,0.11352960731157247,0.15915623480065835,0.020200189605482897,0.0,0.0,0.0,0.18476415085711959,0.30997839762577084,0.15573887552104854,0.015842269647321182,0.0835802184794987,0.13966592536065575,0.05239805948838393,0.01582744046769878,0.018191069374483546,0.2165218133524778,0.008543760667995498,0.0,0.0,0.0,0.06354158441084172,0.011842454368856257,0.023934671401615412,0.0263448142387464,0.07637003636289103,0.08631791115392291,0.0988182138489994,0.272873131606117,0.035936219804711796,0.12049264443382277,0.0,0.023505054218853138,0.023075029802073942,0.14748401461373364,0.09170380932213193,0.09701065465177189,0.16654728768952434,0.10196486517548652,0.03432354188011004,0.022012122766380662,0.0053872473357923795,0.03195580455003077,0.08200027614405034,0.208546016638902,0.0,0.0,0.12799511227939156,0.0,0.08299491448144564,0.0,0.0,0.06375570920986427,0.07845699501564951,0.0,0.0,0.008639603157287231
857,0.08756671667832681,0.09116374893632818,0.008523354352609331,0.009099520801126509,0.04918509548327487,0.007239867711007025,0.09772642286260826,0.00789850396974748,0.08203542797989882,0.028572027489899093,0.013710153808124641,0.08003698955343673,0.012827774317690263,0.09225161251508406,0.045404065497350946,0.01724040507138932,0.014120780223081077,0.12239168413031433,0.043022692389244305,0.03503866083004244,0.17050467599999175,0.0,0.18231088575513651,0.08266700074763514,0.112260207970346,0.059074755232438735,0.04960823679735144,0.05249198782058378,0.08478753996581988,0.0,0.08555877866254522,0.12905335151370895,0.09548327173267764,0.164165292245693,0.09095871530513905,0.13196706867086014,0.06323465776999912,0.01968461398450429,0.14869517826281275,0.04832178939373433,0.1078759889340618,0.06646157988650428,0.14494014686471623,0.2626793090423709,0.14205778463701696,0.07728572479157747,0.15068867664428637,0.1061403236857077,0.18627321007968423,0.02291671719222063,0.0023666355248343064,0.0,0.0,0.0075921739769171,0.0060038920475125376,0.0,0.0,0.0020871908339292616,0.0,0.0,0.010381057049291476,0.010805312824557718,0.03688733702344905,0.0,0.0190977655096604,0.004157501730257973,0.013904417723312136,0.013213299369345382,0.009505651566080906,0.0,0.0,0.0237164487650196,0.0,0.0,0.008333182354662247,0.0,0.0,0.0,0.007846343632347765,0.0,0.0,0.025509282644403948,0.015370277117289464,0.023271370814928496,0.0,0.0,0.024327756875673297,0.04557229303144901,0.023418924467903387,0.0,0.0,0.10110018600255757,0.03338089022744107,0.143449923897018,0.01447186272700013,0.208675380362617,0.013614460868308786,0.04433305823783293,0.16384812637878118,0.05127328486601347,0.13786963059147794,0.018036711566529084,0.009293303509435072,0.0,0.005097207108949604,0.008821322637795524,0.0,0.058676754389999364,0.011446776768297355,0.01769488047833272,0.02696270837257278,0.04658813835353923,0.03118231198948229,0.02646358068236991,0.010759311128633924,0.11207811964843034,0.06681597113812668,0.0037553361186158417,0.0,0.006077939776750356,0.012099873796875521,0.0,0.11806842624521498,0.01982547056934051,0.0,0.019973639018966503,0.024238643822277653,0.006648484705089284,0.0,0.0,0.06116177756490512,0.01068755740509663,0.18507878465296934,0.19623502305398957,0.11372194943165102,0.11451974356130856,0.05870890065576109,0.0,0.009974206343356912,0.0,0.0,0.030851844108417265,0.0,0.009458079238123371,0.041367344243278585,0.006217083329018051,0.003352678707318791,0.051595580344188534,0.03111029690395968,0.15986097924973458,0.11885180692751553,0.20616693914966083,0.1153642964666015,0.1028478758612292,0.12645071898237342,0.1498244307864006,0.06250394694753471,0.0,0.09332522303721316,0.014418807647855896,0.07862833424996059,0.08352788398512614,0.17585698355729926,1.0,0.16516730469600754,0.17165757957762445,0.06301248699761447,0.0,0.0,0.0,0.1069402370564315,0.13347727458591205,0.009560187130938418,0.013213529543274347,0.0493462906182653,0.18019813841029855,0.0046332393302434445,0.08381492854526496,0.011150192243231133,0.09453496245869782,0.05214560988965304,0.04253605987864314,0.006104745777945561,0.0,0.05080874152112622,0.07416584895714261,0.14413658548656988,0.007142272523040569,0.0771196108948933,0.06764460931277679,0.020243151463780123,0.01048053309253124,0.04148017858404318,0.1363988305610884,0.03378043092660652,0.051188332635089116,0.02525813445112725,0.1083513603130957,0.06023664943315008,0.05079528237732766,0.12714571796824845,0.05411311809657886,0.05088994343510869,0.00585025896569118,0.0621075142508373,0.11054598716687453,0.17435164581750312,0.17169155862651878,0.007268204689202379,0.0246359928820529,0.39968865897739575,0.0364706802470349,0.05460952843377074,0.019791363831958723,0.020144884210726098,0.07166398777512453,0.1177603631943956,0.0,0.027341159975158645,0.018129948619006173
859,0.09973291330563916,0.03303554075471388,0.040598359376049324,0.006532346892507793,0.11013212548312312,0.0,0.06557952819396257,0.015579237197682049,0.06865453809161375,0.014941487660323936,0.04374471439040167,0.061408220772452664,0.05437248867360729,0.09090822208380647,0.019021065972078848,0.017900669620526985,0.05564051689233272,0.26205235438046875,0.01587351463352946,0.010930612146592382,0.19207296726777792,0.0,0.11076130330535792,0.08308340040824606,0.1337718660384291,0.011606445076099882,0.008292209331497092,0.019933685078832034,0.08498814213922502,0.025510211952736797,0.08229859378866489,0.1151295375610736,0.17307265300123648,0.19631896553670244,0.10092065615124594,0.07999991080981322,0.014352949927079686,0.18701471143550638,0.1656165944019287,0.07308930310690892,0.14992371635180962,0.10525881913211121,0.1987158572392505,0.18225085298340124,0.12456795079590297,0.06957601035491652,0.04848559630940756,0.0429661223410615,0.2425008265331862,0.05513884442996531,0.0,0.0,0.0,0.004398925027702991,0.009446015769651157,0.0,0.004728696797057932,0.0,0.015444173070928283,0.0,0.0,0.0,0.03750284373687099,0.0,0.019160781966189963,0.0,0.009924021384077227,0.01255070646184092,0.0,0.0,0.0,0.034458116239689564,0.0,0.006098047984028368,0.0,0.005185192495001424,0.015599297667074389,0.006445900141752668,0.0,0.0,0.006590035260603581,0.056812505299288135,0.017286054670355246,0.0058846942819969356,0.0,0.0,0.06389952290498942,0.021253765814070437,0.00387794711147189,0.0,0.007645823047457367,0.08693086138132614,0.055267518983623795,0.1338090068270131,0.07794433826398009,0.2862431837228695,0.0225697469533203,0.011699408038993603,0.28314375063395664,0.020951891008773274,0.18546359595192624,0.0,0.006857936371586178,0.007558830031450319,0.004648684597400408,0.01276318824264089,0.0,0.03199809620700289,0.008324724309587408,0.010824859104505605,0.028182554775257038,0.0,0.01619001779669989,0.0,0.014387482115126185,0.061106348064848305,0.09457638275386843,0.0,0.0,0.0,0.040106102138760105,0.0132280815443044,0.09311295012518096,0.0,0.009055585985476417,0.014372834107477434,0.028827040132564832,0.011700270545822209,0.005554603271761259,0.02882400118390711,0.022990918515431436,0.00867902070910984,0.2405445788786482,0.14166945583180887,0.17918441430295157,0.17400052610703545,0.12957629965687362,0.0,0.007749248790473829,0.006657823816435582,0.0045249431165320245,0.026430717072723663,0.004961415810139269,0.0,0.015983976967462003,0.0,0.006672322297982656,0.08868611129415101,0.04457430329200859,0.053825371385750644,0.08868777013931234,0.24161741131059614,0.1092687869622871,0.07392741673634046,0.2032648316952282,0.16512555353488545,0.025551414603012086,0.0,0.046834193228040596,0.0,0.02049741756555926,0.03371385491695281,0.11352960731157247,0.16516730469600754,1.0,0.07589282607643949,0.0342021612123377,0.0,0.0,0.0,0.057440081876145736,0.009345018907710528,0.0,0.0,0.008265508049815525,0.06451122329299855,0.005788155414015517,0.06372534734808452,0.0,0.12675116043894893,0.008620295148934717,0.0,0.0,0.0,0.0832272707592014,0.055172160188937266,0.07614493533865059,0.02148778232642152,0.04133599064859873,0.03675918464360047,0.025763514608399797,0.12539913051766105,0.0,0.12753725970366647,0.01719944124898642,0.03101306893724978,0.01992954935594369,0.044370534758106296,0.036375939060507595,0.04831209946106954,0.04251317450982577,0.029316432181447465,0.06804406946366677,0.01662208070624822,0.0384888294133573,0.08035891897141637,0.02682834988421381,0.10202591176223183,0.0,0.0,0.1445841388233226,0.011635737770560668,0.0,0.005749843025997549,0.02123992983242764,0.03262125792329673,0.03279462555667488,0.0,0.04518734150302031,0.045860912660347766
868,0.08076451302908091,0.04650267271291561,0.03308409897715874,0.008312383102764855,0.03142960299499986,0.011611749649701356,0.05418119990822607,0.0037790998990597366,0.06965407647928883,0.040943432873682,0.03722190258062052,0.16265084147085596,0.07901322104991748,0.06563571220805212,0.02650762983397851,0.0,0.07721810227926869,0.14018650167371102,0.02048114079296737,0.054226945436252304,0.13810903376846756,0.006221862933140795,0.37440576354427885,0.05377622833045508,0.0990204116314777,0.11015803225566098,0.03619172536599884,0.03699665982058776,0.13160157884516244,0.008988971015396518,0.06922283166968134,0.07773157343809924,0.027976194431973803,0.08722669463326677,0.08451060628155,0.1484429412318508,0.025847187817001172,0.047856044254900865,0.2298165210363843,0.02663988071529657,0.13694078632238604,0.09149628808409861,0.15271534908485745,0.3351818588719455,0.11404274804294832,0.07066425897224475,0.0509957344740325,0.06565244173847455,0.27064034506412094,0.04465042064183658,0.017633353083269028,0.0,0.004078524128711019,0.0075830700991614056,0.00893365609831683,0.0,0.0,0.0069425261333898956,0.003129242777989322,0.0,0.011967296727411578,0.0,0.026477614965715688,0.005574718099051357,0.01199527411047023,0.008522100576637543,0.024646733984943162,0.006771429938492352,0.013463321375845608,0.0,0.003435228715969243,0.012751087184056004,0.0,0.00639865065602647,0.010410123626996948,0.0036190916518240796,0.007218802062399962,0.0,0.0,0.007426802091818804,0.016007109022958977,0.018713106785353064,0.01505932522879834,0.009061240843815524,0.0024929266956016,0.0031836629265573567,0.032971840078592704,0.04186590367951475,0.010956175353272915,0.00402326494376311,0.0035691642307125243,0.023111159440011506,0.08692977448861175,0.12684012493154043,0.10683249917450836,0.09349825898076859,0.015284235220516796,0.02509778418611084,0.13531222219999361,0.042288669827304524,0.1693318234311792,0.004365679971662699,0.016945555850805833,0.012715622370806163,0.0,0.01219991219224037,0.0,0.04264958334091517,0.003408845341528434,0.0061720555722289995,0.019085405051256166,0.05767724996941981,0.02111401070525466,0.005060457060491822,0.009642921696085454,0.1391498244622553,0.06764777467876162,0.02863639560278393,0.003998736369137121,0.016431657664229216,0.008575347015525784,0.0,0.11386021724479228,0.022211953971227015,0.004246397074313261,0.0171734621140294,0.01529900667163407,0.003355614443894947,0.0,0.006291279220487731,0.0,0.0,0.32708318896405875,0.18822616515343818,0.1541704098844611,0.023930233137625188,0.012095003428877994,0.0,0.014336201909490944,0.0,0.0025086216412787397,0.03588554794492388,0.0,0.0,0.023922657622609186,0.008342618530706959,0.011100875009432002,0.0340916925178736,0.01036891662435713,0.2790901207289453,0.18630472873588166,0.2366310813947291,0.10158830147953302,0.09304945513942697,0.08013148936881961,0.3867761317952184,0.07403558694240842,0.004819077651521409,0.015278693569383711,0.0,0.07007559055928658,0.0630712883996484,0.15915623480065835,0.17165757957762445,0.07589282607643949,1.0,0.0757868817269205,0.01998107455320043,0.0,0.0,0.12958386096848784,0.1083616807345175,0.040074368042845365,0.02047198235625161,0.11502178958200342,0.28043241950081566,0.011408540355904852,0.15738043092390558,0.008600906658414917,0.1219616695528568,0.021021980888803922,0.0,0.004761235955363007,0.004130583726725398,0.029416527398261096,0.09940351470535268,0.19237705346599174,0.07192849468057369,0.057957534851190984,0.06046947694461376,0.042684247970790054,0.15323243031097245,0.005886907484761558,0.07949204754213368,0.01045615669328439,0.20230472135731217,0.023980827922182132,0.2461476939531411,0.10043390396821691,0.14069449586562854,0.23180903818398144,0.2923563343585524,0.02624172652873403,0.008168597717913778,0.02434561251171212,0.06117672439767452,0.11694035924368028,0.5095888034513874,0.0076713532868889316,0.04940292208310993,0.17821098310730624,0.009167126874154656,0.012407219690836475,0.0035345045483645794,0.010078688397727315,0.1917437710044528,0.1591527028493773,0.005674554772254114,0.029478867416748405,0.01398895136633401
903,0.08170336002640628,0.01931229661182665,0.06816180529248982,0.22383538202750478,0.06797587979524145,0.0947728172218101,0.03372418357451165,0.037400525813592274,0.1588378247584469,0.26671422986156473,0.053427999194564965,0.04290966745464499,0.08046568359832648,0.06979103422528897,0.2691199438113499,0.26069455256746515,0.0,0.13155823424600369,0.07365727455203158,0.16312861368507306,0.059379143987574476,0.08514617538993045,0.07017650221089679,0.06516884833932306,0.13911518586949223,0.007238538155091409,0.10066873813779284,0.023488403743740956,0.12678259760648772,0.022124441869225308,0.06948608882750809,0.04110125786053899,0.05851018488772006,0.08005805093403878,0.05419239429098433,0.21908559287210724,0.11291855132472203,0.06395207122189742,0.03154837431547268,0.07242230669054338,0.04496510073186545,0.05766769311734304,0.055716323244293806,0.17726215651602462,0.16543985038405493,0.1707805603222902,0.08306480344158092,0.020074041226556563,0.06897596959355196,0.03748571353074076,0.18064063341413264,0.09495728712616303,0.09045973339272087,0.23287268001583442,0.2555798502353485,0.048257473552220514,0.1772994732340033,0.2380690393990546,0.1829638296563337,0.13384418250308072,0.2606540233799474,0.05908770893496528,0.33316666875164014,0.1503218564905746,0.2325487368064734,0.20036004236621452,0.21744567919156088,0.23585890408609744,0.16932029861887551,0.1280173480665506,0.06947618783096401,0.17351035694493105,0.06741570997063778,0.10950694711818204,0.17734580946317025,0.05595065494028712,0.10638527128175755,0.0853517308462668,0.06711728102929104,0.13240648348043485,0.16875464041099295,0.18913140846589774,0.20464116064648932,0.07188457535818285,0.15113628485880876,0.06495095339399246,0.0654084164792185,0.06939736630691624,0.13388369138716322,0.042155330364172114,0.06365598779789654,0.07082690054246611,0.06371440677029779,0.17465305700741382,0.1512351586973149,0.09758308601690577,0.17315825452146721,0.1114627529282254,0.05136742218992048,0.18833010350424834,0.07782908601470093,0.07388584589918433,0.07098702377392008,0.1315775476421038,0.10101068349146526,0.17350299035524577,0.09447723126505081,0.08100938095341027,0.06266646956098125,0.06525649092508877,0.01911680650833052,0.01121931308662043,0.13566460681013875,0.010425193824821278,0.028163592326415472,0.030592813141485296,0.02819456883976048,0.0804290172657392,0.13425633838649456,0.17446855201652123,0.11369046820490263,0.08402289617268478,0.0918778957112106,0.03898019348535336,0.016294087494021205,0.14593295978433218,0.06437589324590348,0.20250058577386726,0.08095888812780717,0.10663883757666591,0.21825126728543173,0.11478157419664319,0.0602802244801173,0.08700842284095504,0.0179682645467152,0.02874983212936874,0.060916951218503254,0.05872739721846634,0.1338924012435569,0.10014697351153481,0.029034725714374786,0.07353740019232505,0.07065197661204467,0.020330236835344948,0.18291405253258844,0.030384744896777238,0.18945343619045105,0.04985339881541407,0.12599166152198857,0.07846038621303256,0.01818353900485757,0.06922092984785917,0.03824907704657444,0.10654972037722203,0.035145114401021804,0.07375664141057926,0.07903542399836129,0.0169666253476441,0.0,0.01671317045692922,0.01122265680065684,0.029869011762290943,0.020200189605482897,0.06301248699761447,0.0342021612123377,0.0757868817269205,0.9999999999999996,0.09672615050522765,0.06491430209470521,0.1022673787485356,0.025487263316187045,0.01386182318950911,0.030541583222716513,0.04661588403893671,0.009273694268575657,0.07717777073298121,0.060880491758701666,0.08239433575578325,0.09959519457069071,0.07597054020259934,0.03601009761972018,0.10792752692985534,0.05405663062071774,0.04565034203356233,0.026302054886696638,0.16555376258755136,0.1505797297106616,0.13355188319220274,0.035564830357765566,0.028456062243154504,0.06527530020474512,0.0027183789853972634,0.025977841731591043,0.0384551604315597,0.13133241347901406,0.11656182531588097,0.10294997472887871,0.047747002540627526,0.0029814822727328772,0.01930752818305745,0.018459663798773278,0.012306028355099124,0.04687147178261555,0.04692866619790071,0.0665049607905237,0.18284639546156561,0.02352526124001624,0.04195075367059588,0.042299166676521095,0.07410925293139509,0.06288799574028342,0.10722555417254515,0.0267705034933242,0.23556993427011727,0.13134798445460472,0.03420252994005732,0.04727221972405684,0.1505517312017,0.13815780282767826,0.2165240151775195
907,0.059049378538570646,0.003170053319710969,0.012316097439393138,0.14102485692805258,0.05107379307639576,0.013007817195609783,0.0,0.03145075201008964,0.07426485715982403,0.20046644285374762,0.027588326131125985,0.034134052955742705,0.010701582251077046,0.010827597788016926,0.27040153836038,0.05420982360200399,0.0,0.02290800907458311,0.08750395006777403,0.16170361765608465,0.03168278135826168,0.20167957539572148,0.0023257545784646965,0.014089240127426194,0.03865559603276137,0.014547288451810638,0.01721817917335982,0.026763340525032996,0.046530722764667916,0.22445812068214643,0.01222833493158421,0.02938246244305001,0.010968735373993415,0.0,0.03111401590912625,0.0332569852876384,0.04760812610369611,0.0,0.0,0.016882679759166394,0.024653083281141398,0.004865900965078776,0.004655107929926234,0.04380750829010374,0.05550113054295176,0.04288235530325229,0.04434468625721898,0.02826814991816365,0.01407897537826797,0.011246984438710849,0.1560571804624404,0.05981568211528177,0.12182131498044256,0.4211842547884806,0.3051949670293377,0.12081399599013697,0.1901646597636071,0.24712280599809847,0.147754852798427,0.16628433820643565,0.2861795946060753,0.13197964980348353,0.1001394921378789,0.26455210569142684,0.2682697210763653,0.1672011982052012,0.22727783806583723,0.37446395535447374,0.3008397072452157,0.07741204491871492,0.2487423751462266,0.07732071908078274,0.20341210275237193,0.16895947477980763,0.2383715963414783,0.10839550934985703,0.15636366842425692,0.18466566205512167,0.2669621479512051,0.34640272928376487,0.37950172575103097,0.2636850736110578,0.1957265294490816,0.1339125142134519,0.33779286017115373,0.158800769077344,0.016393488223896947,0.14272716564275956,0.10799278764795528,0.11622008177505228,0.08214199901438066,0.017313091032688344,0.002923872851349447,0.014957608900553483,0.030015668481915718,0.0063435150286726425,0.033252470521654934,0.0,0.003885703179505273,0.008785054938742685,0.0,0.15410090231391543,0.16153668832860588,0.2293808491840648,0.22197675834860506,0.2719647604997877,0.24187642046130708,0.30093561112840395,0.027271356956860976,0.12926904902641248,0.03637554543129743,0.019659716284268207,0.10316144750973918,0.008564064094794023,0.012620133168859446,0.011658420813083917,0.005388623197886483,0.03738226771521017,0.17104130846054466,0.23015119438813297,0.0415420940166613,0.1132908733461193,0.006870447353304247,0.03040126068161142,0.04667274850904603,0.16404168547635123,0.0882852208990698,0.04850765810203258,0.17181266039773369,0.08311036612295516,0.09829639499354051,0.05300091467031685,0.005727410285840019,0.0,0.00857767364407279,0.012760780535289477,0.0,0.019686242623978764,0.09575143510938923,0.13249063210361256,0.10076406805769889,0.04945226823065978,0.14269407476314136,0.006822984449833749,0.06585951737958098,0.04558154167094966,0.28165929986284916,0.006112969591485241,0.06041231769288499,0.007429412078722119,0.0157401570817481,0.012924213760237366,0.0,0.011504644507670473,0.0,0.004634670875117581,0.02603893275875623,0.0,0.011115340938095842,0.015167527983796267,0.0,0.019927644470627164,0.0,0.0,0.0,0.01998107455320043,0.09672615050522765,1.0000000000000004,0.11380201702480475,0.2236690290418899,0.008607838047921654,0.004654244465556201,0.009979383946496013,0.026347180289811964,0.021598993594914566,0.028153693284273393,0.07200258414717804,0.015715527316295035,0.0597586651236103,0.038734475710813794,0.009067932941951847,0.13098951612430126,0.12204121915295069,0.045002238317816634,0.033874059591623276,0.004511874855649853,0.010235821486935786,0.013858513578545175,0.035978324005783574,0.03006332607378389,0.012708165075937748,0.004863346408868557,0.021661887892202296,0.014041488033023101,0.07375590195518258,0.008240845251929741,0.04673469540980838,0.0,0.028342827703175734,0.0,0.004289558129416237,0.0,0.07042867725697011,0.1100868316853693,0.023643297742021493,0.041480277839254405,0.005761861885535067,0.008195641488077878,0.06545706972887662,0.031341787386698544,0.020375865661308768,0.19370888175373835,0.044282672938270554,0.04221055549176681,0.06190003468177302,0.0,0.05015487628358622,0.08168456469268727,0.021891817509316742,0.0180117627863447
908,0.006141521121703124,0.0,0.0,0.13451429628562084,0.013866675826697789,0.0,0.0,0.0,0.034485911028963756,0.13436043808526163,0.0,0.0,0.0,0.005775465112668249,0.19539651123560844,0.023998603815464738,0.0,0.001741937353739574,0.027485437675313966,0.08999589439132843,0.0036760731278476177,0.10856817265469287,0.0,0.006937899977543487,0.003241232828616146,0.006620533990140047,0.038453045405099646,0.0,0.008699987880167827,0.06266754463916414,0.0,0.008707606210566111,0.0,0.0,0.0,0.0024731058489345886,0.016491953668229333,0.0,0.0,0.007349625922335388,0.018002830236435334,0.0,0.0,0.0037736479299450326,0.007000938392475881,0.01773645073432025,0.04068191299041801,0.0,0.009737702129528873,0.0,0.1488659942758359,0.07390214131906639,0.08507985084606391,0.2905862504462024,0.3076635143110739,0.169461226387858,0.30771766678275336,0.23187473860994376,0.33106435692656205,0.18699676742041965,0.22328033555463037,0.1295506624620971,0.15566793944326715,0.22894372627231455,0.23889093145661616,0.12352361635078543,0.24168244416849533,0.2014153493322769,0.1703197070170465,0.2519332183543601,0.15713032743385463,0.049937738339565524,0.11336571132817824,0.3750676800136131,0.2877411117513355,0.37305786280521686,0.10065035919422971,0.4478612128405332,0.14434503757233577,0.08697389276297593,0.09942443911413014,0.0267663648780778,0.25108892835519203,0.2390018296749703,0.2896616828875878,0.1511198742096926,0.0,0.059410321155506395,0.060540442528487344,0.1160873965002123,0.04334099373667446,0.0,0.0,0.0,0.0,0.0,0.015473381113589254,0.0,0.0,0.0039527756842434765,0.0,0.14372208783383572,0.21054193151014794,0.43009040586376796,0.1204856594318684,0.25291005292709,0.046474316578965,0.06473046999670296,0.041667014876032644,0.02270264423782776,0.004709100028720286,0.0,0.14131119094060537,0.010596806621178258,0.0,0.0,0.0,0.013393326388450113,0.26967592465065277,0.2254699473212782,0.016109883615307297,0.1869730904964692,0.021032975751473632,0.03586204987439993,0.01150634479475459,0.06036755054251976,0.024880457364602853,0.05017517618762489,0.16728529421264487,0.08779700952940812,0.09263354843474281,0.017997949988319988,0.0,0.003044087115434478,0.0,0.0,0.0,0.136699077187465,0.13623522974632762,0.20352965351980562,0.38539832809358926,0.028459412012577533,0.31643341124717667,0.04012045586531772,0.019380115125831272,0.10375376566348112,0.20056780829060497,0.0,0.05840262626747675,0.003311275560329781,0.0026570066910938657,0.0,0.0,0.0,0.0,0.013315057532032656,0.0,0.0,0.0,0.0042659108547637055,0.0,0.0,0.0,0.0,0.0,0.0,0.06491430209470521,0.11380201702480475,1.0000000000000002,0.10828668536207148,0.0024921438323048653,0.0,0.0,0.004868853191245487,0.02980303572511358,0.007816460639809593,0.06372775134141634,0.02163712576965204,0.05488740183335023,0.01261979785290319,0.0,0.06962422396863602,0.05141271120156919,0.18544910300367512,0.011382991766757675,0.049940110362934415,0.004443910877899792,0.0031645695538227436,0.0,0.0,0.005763341118601938,0.0,0.013501997760988435,0.005416853444581219,0.05063921045826595,0.012023790269232603,0.04075509846186172,0.010175811213967259,0.0,0.0,0.0,0.0,0.018259485034150168,0.02140358781385627,0.0,0.08070899724853746,0.0,0.0,0.14442897515879174,0.008995832009263247,0.01140409186177949,0.03735256287035498,0.011824079682549067,0.07283612943535299,0.05475662438827685,0.007861345783206077,0.005968802146158635,0.04523566347019077,0.0,0.10142325159758606
913,0.05068540866396293,0.014856119927791863,0.0,0.20651832868750516,0.013054423832976895,0.0281919014999473,0.0,0.007346121140343029,0.053288404512321495,0.29700204399530195,0.013966591416906291,0.01696514061198295,0.0,0.025825642671460695,0.20681018789256211,0.04732053859248925,0.0,0.009650035243693473,0.06662962552088879,0.25027750792520537,0.003289591201749408,0.12223750326959719,0.0,0.017081322480199043,0.018240243891522987,0.007496746824000464,0.007981098274436165,0.015993009938450785,0.025089682752647453,0.015682794863288652,0.0,0.011979625756995224,0.0,0.004776245005630498,0.024348682482773654,0.015608321629648873,0.041278105363817555,0.0,0.0,0.0,0.01965738475918194,0.0,0.005287071605874502,0.016424471198984006,0.02789176684995828,0.01979133095288305,0.02442250982099353,0.015270515723998882,0.027356338638520036,0.0065915512915476655,0.33949036266454524,0.1678070858604666,0.32119042881462245,0.2995319017608876,0.29450157085331713,0.10896103768605672,0.19038061079817853,0.35891521081789496,0.19663414344333863,0.26506338225184983,0.5483959513361315,0.19867905333847058,0.10546376167499479,0.36016272297505547,0.1767005333453005,0.3089744627308162,0.22944922606642956,0.2081005465788556,0.2814748199212332,0.15402504561823777,0.38152484315510804,0.11025064272790663,0.2686010944497798,0.16625243991462263,0.28083550521538225,0.05330747336774695,0.04454274237724604,0.15016444343192,0.2053158996548754,0.09193832918958146,0.2324137716433548,0.13980905232594382,0.15919537544131984,0.08621314673664694,0.36700990453278254,0.11981634402079733,0.014974822875767544,0.06261210769490111,0.13078404214952008,0.062073347847828794,0.0411273574981477,0.018384939999198144,0.003320809176555858,0.0036263691114365947,0.013701210104010823,0.0,0.018945132364211463,0.0,0.0,0.005180520655253945,0.0,0.1834765044076524,0.050849110804832176,0.11377033693277115,0.03157601059910488,0.16133042554113508,0.2927068932708349,0.08060635846066795,0.043497055149335835,0.033377570644699636,0.013080237483500162,0.0,0.053201970119715995,0.009074195949122158,0.006392352621708433,0.04100212621040421,0.010826404521031945,0.03573839198426935,0.18769349373908173,0.24521363793403103,0.016672631607510646,0.0932498822316826,0.0,0.025414557593477296,0.027216365848525277,0.13681892561314757,0.036256888755932394,0.10958574034871338,0.17677017660086733,0.08750857044263222,0.03155933158641054,0.0,0.0,0.008651983860975451,0.006978439358740334,0.0,0.0,0.09589935680583321,0.07615531905605842,0.04524243379323352,0.06822349376921048,0.013165509665662168,0.1164902708276189,0.011096785428344306,0.03680975796187703,0.0,0.21748484285093997,0.011611453247489325,0.04036885698313843,0.023035898123071167,0.011356688110421868,0.007163124313970082,0.01781967305936431,0.0,0.0,0.00440561281190024,0.012299803551580045,0.0,0.0,0.0,0.0,0.008079574612595211,0.0,0.0,0.0,0.0,0.1022673787485356,0.2236690290418899,0.10828668536207148,1.0000000000000007,0.0036204482491106115,0.0061729555625719265,0.0,0.024537867220612537,0.02802546545217514,0.027397016129788617,0.04404378234155773,0.01588050163654902,0.09210394954288235,0.011620833641896757,0.02207023669205728,0.08074323550076794,0.1473914524832807,0.017210096918172282,0.02448732073096762,0.004445942767072105,0.006308678803120081,0.05475343807899932,0.02618938836056171,0.013854415994558264,0.005668042170393419,0.0,0.006549009788968522,0.0,0.06659369842329778,0.00603689242444348,0.03684660879524922,0.013627455486269816,0.0,0.0,0.007650596812033462,0.008342562541376082,0.014150503349110898,0.021339943073545763,0.023818610285366408,0.013960277473817048,0.014527995006881376,0.0032979665200235505,0.07722190685496592,0.06401946068263763,0.0,0.11857788102792231,0.01500741483601078,0.12070381759104497,0.1025669902597556,0.0,0.013398396433147292,0.06644902041225961,0.03991122157302286,0.03572870015689736
917,0.07562925877578788,0.03039479263434439,0.0,0.009520389168787127,0.0370143109693278,0.003251453753661725,0.006893518519106067,0.003606101410873538,0.044719581416204864,0.02810732600316715,0.0,0.03716781422367859,0.0026540025247876273,0.01747972915686752,0.025645949934683953,0.00274758511608224,0.10952982978756488,0.03873630949882775,0.01207822718583009,0.06621938604136071,0.043644722953808245,0.010292061055262362,0.2597198339530988,0.016948593571083005,0.04558147182587892,0.2485911202659309,0.012848809960791156,0.01640172856437485,0.06146678973599793,0.0,0.015212152204046973,0.2143742032003213,0.004539486345938958,0.021373803080312944,0.034339673416301265,0.03165300321368737,0.03155986799376802,0.01957012881709441,0.04955954854916414,0.023273045476435054,0.12261438597026807,0.034103647904971904,0.12081000281363799,0.1447966678329253,0.047321777862667926,0.0292388272640295,0.08293389923530517,0.05820487688338402,0.186383824594514,0.002484696221301729,0.005989578119553092,0.010807742937474964,0.005004987993835442,0.007404415545241598,0.013202217785894201,0.0,0.009165640462416441,0.007320279021032028,0.004456136637310714,0.0026218337783410614,0.01125413704160851,0.0,0.010017544398067414,0.0033680359691041217,0.020699082884256963,0.0,0.004330412240486452,0.013405496597636925,0.0075282611641917345,0.0,0.0,0.02435212708183452,0.0,0.008836584366195166,0.0030987500940140127,0.002945103182783966,0.00499815653338892,0.0,0.0032202163704026458,0.013446252925437071,0.001971921525528534,0.011833511409689045,0.018895050189553335,0.00797766835375649,0.006968142007580253,0.0,0.016086211738269168,0.07256282232175446,0.058593343002295524,0.0,0.007830246048785234,0.06678321658394605,0.010821072773093314,0.03753013289669374,0.0407421249543403,0.04471293488940969,0.0,0.0,0.07976064754613842,0.04781877466823979,0.0211837590046468,0.003546258120835845,0.0017893057858373446,0.004088905470345733,0.004269982433857172,0.008743439050499091,0.0,0.03143571067721015,0.020652043881115394,0.017344324658178062,0.0644980984867228,0.05944131280477022,0.03204793834771232,0.09430482001598861,0.06666727324224615,0.06324702337574012,0.12101222702985685,0.07800250983746788,0.010599671462581246,0.009336142443522967,0.0031905043607292323,0.0022872641809165714,0.05645524341114885,0.02810640866188449,0.01880898373923879,0.00938910734508379,0.01780986498730432,0.015140015602406982,0.0,0.007116232516414142,0.003090391627030148,0.008287936975702083,0.10652929800348629,0.051984073288108675,0.1477335737639203,0.020418864054112786,0.003807796668100521,0.0035186916568265758,0.006370811713709563,0.0019010763218395596,0.004249863850559875,0.003015929774821607,0.0019017813386132728,0.014801537602247642,0.011823929820575639,0.004660525068098193,0.010533903911528166,0.01309355929620522,0.008823693890958627,0.3776916254941637,0.43079710738675125,0.09124057484693682,0.03191565244487596,0.030325369861312134,0.06516750397336307,0.1373414074172889,0.012632466032097504,0.00808349814174695,0.09880166057043575,0.03243746781027146,0.41605912677597556,0.2972646370142854,0.18476415085711959,0.1069402370564315,0.057440081876145736,0.12958386096848784,0.025487263316187045,0.008607838047921654,0.0024921438323048653,0.0036204482491106115,1.0,0.5841000615359536,0.3043786960807665,0.1872316134501214,0.12679356789022367,0.23548007457869977,0.0860977607319171,0.003940895264702523,0.011161244267395941,0.15351299570789187,0.015125915035155833,0.0,0.0,0.0028818243060265212,0.13182084455671364,0.022227000535574436,0.011568886436360398,0.013857989209595778,0.04379912349163245,0.11527165691377038,0.01634580465351195,0.15048708846659098,0.036995696975479685,0.019524087277213404,0.007970760803973631,0.06622912363950317,0.010981848603011178,0.29113248598565644,0.5835749409061931,0.45536638668648194,0.5424858513439281,0.3581905095158836,0.012203753732755417,0.00448750139593783,0.01329263023225985,0.017093314167172927,0.08416454515393026,0.28247672168052407,0.0,0.010459259578971241,0.12342760607633702,0.021332321763841307,0.12149683564218261,0.0,0.00443332476610527,0.3464766842672298,0.17589203302742962,0.0,0.005413010831814387,0.007278363125012677
918,0.07116211892177016,0.025338836589016325,0.0,0.005718158338172907,0.009459669681001384,0.0,0.0,0.0,0.018409873012885193,0.005870565581203562,0.0,0.022122525135471006,0.0,0.0,0.013656202967158285,0.008483649270368472,0.09587886006323211,0.03080926558249633,0.0038570856095381306,0.02228052559396783,0.044735826413563363,0.0,0.17029047127156383,0.003505233803388944,0.02659259239786726,0.20622955962616962,0.02105198143910343,0.002992739889510067,0.041672065823595325,0.004168220245984807,0.009309212164281256,0.1811380082827986,0.006918215922186317,0.020416373463766332,0.005508479165118193,0.019168906385919872,0.037879488058438084,0.0,0.053886353396652105,0.003924650986712421,0.06689840844904794,0.03251616316697723,0.08435899808444879,0.09329688219774884,0.033546933545275735,0.01480020617122631,0.041213876368670695,0.07151612720136528,0.1728847182104553,0.023994116468229118,0.0,0.0,0.0,0.0026019972272790476,0.003987752922087919,0.0,0.00237685009498983,0.0013641959255383544,0.0,0.0,0.0019843927325521138,0.0,0.0,0.0,0.01773840843439016,0.0,0.0,0.004984531778037159,0.0,0.004699204093679662,0.0,0.014101927526532273,0.0,0.0,0.0,0.0,0.003529666824322753,0.0,0.0,0.0,0.0,0.0031436779271890934,0.007074622285374789,0.008747295051068811,0.0,0.0,0.0,0.04410175228096684,0.015525881842643295,0.0,0.005111828435441407,0.0314463770082395,0.007460324511856889,0.023484589777457106,0.00397862804898011,0.008614732310175734,0.0,0.0,0.07174274836502215,0.025266793336930087,0.014584321694176566,0.0,0.0,0.0,0.0029516400314632185,0.01194630240605316,0.0,0.029270788932479443,0.0034972612172686135,0.029709604443226026,0.040090565931874024,0.06662291633422426,0.020621532744944007,0.057600461478735605,0.07615590751804349,0.048105958580366474,0.10966236921439734,0.026379154763703734,0.0,0.007408083844289561,0.0,0.0,0.037558960186526304,0.00717779898423241,0.02397864809380382,0.0,0.0044007359942017715,0.008374245297047125,0.0,0.0028395848331330613,0.0,0.0,0.07366500135318305,0.044666272414523756,0.13733248149375388,0.038104928667746195,0.0,0.0,0.005497172374182001,0.004070020082531348,0.0,0.009784568799421085,0.0,0.0039041950988182115,0.004301187589395756,0.005516126925489586,0.0,0.0,0.018078895827317414,0.3754635841735122,0.4652918369917682,0.0554647499425779,0.018775005072478694,0.012155160504485637,0.042039593300603834,0.10754325409545669,0.0,0.011937349065631828,0.06637368515188502,0.028100564233354153,0.4696850570157565,0.3871529063979065,0.30997839762577084,0.13347727458591205,0.009345018907710528,0.1083616807345175,0.01386182318950911,0.004654244465556201,0.0,0.0061729555625719265,0.5841000615359536,1.0,0.260936624703777,0.10882966134413115,0.1744552515691435,0.15246078527464854,0.020896272694349776,0.0,0.0035886247416545584,0.1229958143667877,0.0024220709037762445,0.0,0.0,0.0,0.09244076883759253,0.006682953079506292,0.006505166843315128,0.005697744018844797,0.040465410890134605,0.12029812096208607,0.03676677453674266,0.14177342181808888,0.039416574100351334,0.02066227719669338,0.004819503639399205,0.01741870627271332,0.02116972378747716,0.2911863459203847,0.5251261888420573,0.4463393610195525,0.40928232122657315,0.2925823151245917,0.0031356602436410927,0.0035480821134981555,0.004342471486570649,0.024030277646620586,0.05711263057931277,0.26155379877244334,0.0,0.003702906528884155,0.09559483699004025,0.01626596744171775,0.12833369626008218,0.0,0.006756424768747358,0.2714349471818216,0.14210222639447387,0.0,0.011685528212680147,0.010395334075923588
920,0.026758928934433945,0.00826138130516131,0.008220886400065451,0.0024920613232085934,0.019634912762521044,0.008682858790018821,0.009488849212103419,0.005559297864738623,0.05075483740371842,0.008073228840517038,0.018293264855539337,0.031281583992553465,0.014806862286955824,0.0203372963641633,0.006290820780497554,0.007104811188759469,0.32722769871013024,0.05501146230598925,0.0,0.018750351984461643,0.02215602587813672,0.0,0.16589702073813004,0.006225754779799898,0.02622074629554271,0.10286255406775666,0.026030051032902887,0.015476650445189668,0.09457183310770886,0.0,0.02514251340254431,0.12563757755416818,0.016482512099463522,0.01598878722159297,0.007993553477227442,0.021520420593775208,0.010614736344109052,0.0048273679014347514,0.04544938013419065,0.03101203199101453,0.05789949042892964,0.030416033806363662,0.06226984610153923,0.09893594811014154,0.021590751891225658,0.019603847584357834,0.05998110147778145,0.0705711673323055,0.05661741903121028,0.02450835270429047,0.0,0.0,0.011408595921391367,0.0035060959519588692,0.004584103675010142,0.0,0.0,0.0,0.0,0.0,0.0038688774854393334,0.0,0.007346136590007484,0.0,0.01122543713697345,0.0,0.0,0.0,0.0,0.0,0.006329821655122828,0.015838604921696944,0.0,0.0,0.0,0.0369427678969457,0.0,0.0,0.0,0.020381275760614073,0.0,0.0,0.003061954830071454,0.009900848519489788,0.0,0.0,0.00870703939260295,0.0637541653066459,0.027281161961415105,0.0,0.005816551899578429,0.03797659292648356,0.03942692439089142,0.013893691353072732,0.012204057735273046,0.020055670702496753,0.013893166445273393,0.012757338615169247,0.04140709654170032,0.05606288247735354,0.015898270576474548,0.0,0.0,0.01294624601124113,0.005792987708711757,0.0,0.0,0.011764365176166226,0.0,0.03204331294861688,0.01677079307862441,0.0716262426513694,0.027118453316233283,0.035253527684686786,0.03813792810973097,0.05812047726212141,0.049118337505757094,0.06997863442163481,0.0,0.003943748780568554,0.0,0.0,0.043239628643488966,0.006590032392862017,0.028224595382479522,0.027277686408753134,0.0,0.0,0.0,0.0,0.0,0.0,0.03838466630039602,0.032415754235206234,0.0625795130891162,0.008221839284294714,0.0,0.0,0.01521411449136561,0.010006129886391218,0.027190334256267275,0.021545977629903526,0.0,0.023659323105189364,0.0029698278193176796,0.012297381771037104,0.0,0.0,0.0,0.09294767684904223,0.2112969962624644,0.0,0.007304338625126112,0.005260846941842358,0.020231521949450566,0.03931380190593273,0.006838578140543515,0.00464355847399385,0.045887668654205856,0.03891803457436045,0.0980700678643388,0.18440855888767482,0.15573887552104854,0.009560187130938418,0.0,0.040074368042845365,0.030541583222716513,0.009979383946496013,0.0,0.0,0.3043786960807665,0.260936624703777,0.9999999999999998,0.19389608484775622,0.06734717260181329,0.09432497614240691,0.02003637622690039,0.011708959058721147,0.012842504353145056,0.0701207747272215,0.01244181596304292,0.0,0.0,0.005341222644301927,0.016680594545295142,0.004448673813358151,0.011273028398020057,0.014015741395280203,0.01649785482733838,0.05344402209051058,0.08035434766248009,0.13430085790161597,0.0347643855321976,0.016014806096357383,0.0,0.012070754261852557,0.010295028724986579,0.10868478692642669,0.15652725959092126,0.057379999837013806,0.11495772443902127,0.1514133444095749,0.006381336347531811,0.0,0.0,0.0249100991674198,0.04472465599702197,0.15909343908061688,0.0,0.030404690191622195,0.029328660130114967,0.005394207179203117,0.10146242536634775,0.0,0.0,0.10133441958157115,0.076044732640826,0.0,0.023012902763103693,0.00866403925029782
930,0.104195462492592,0.006729324945510419,0.023610531105937457,0.03915483934901162,0.021602016830624203,0.013103654804421728,0.011584496663242688,0.026335143708791312,0.04366356229349838,0.07264651192884582,0.02398498584419789,0.06761476908516088,0.0314024095928159,0.0037114710025876315,0.10100186360739802,0.051962213545759355,0.05141546723573501,0.02473188286650027,0.016925882561835047,0.08477220779040975,0.035170872175364305,0.036615637064327015,0.09604649143097842,0.078551539043037,0.08160716439759175,0.08192356889229788,0.009891252858627946,0.030221647251974987,0.09528927741779604,0.01820291137304155,0.005054403511742062,0.09482191751565144,0.018725847376345677,0.004731107751346106,0.012333548448687004,0.030467526414786242,0.11158724164677901,0.015320091569451445,0.02453643235634586,0.009399515782953295,0.03763924857160031,0.012987366283448515,0.0034196553274837083,0.02704443747788373,0.053083767215583444,0.06917473725220466,0.10534576541683889,0.03765354455086566,0.06420010390631424,0.02774031896285127,0.030781831704880115,0.04758949992536792,0.011706275655128802,0.05491385245598169,0.0729389196639969,0.0,0.06958604297294184,0.05826220747035087,0.03193453428836468,0.033953271558309045,0.035197135092997066,0.018535653278066833,0.05441933101807053,0.050525358857990615,0.0908889341593445,0.033315416163854764,0.07462354037568059,0.048842709146392,0.0342250284354571,0.06210237155660625,0.0,0.09595524514555105,0.01283516212920432,0.025660140311886775,0.0,0.0,0.011966910354895407,0.02514625572908452,0.0,0.03181170763917184,0.010399099079690013,0.01392265384591578,0.10371277556259405,0.04158427150670214,0.03605531115992824,0.013227247853077403,0.02301882772785172,0.13976286248191797,0.31264512845585546,0.01659343788540027,0.022449346818088353,0.050263103096274506,0.018457478997468524,0.006894111411439647,0.011954914755881268,0.0,0.010579322422755076,0.0,0.006993531303777157,0.011185893243866797,0.009572503463571316,0.03675909144666819,0.004020107226502362,0.030273016787605557,0.015414103810475711,0.05025473288104432,0.0,0.08280462047708592,0.0358294048003093,0.08497226193638552,0.05841223573040621,0.12136031345758252,0.14036635350114274,0.08529916270970986,0.10396164430536306,0.023780528663750022,0.06445280531991186,0.5256668043419315,0.041754966150732264,0.036200366715430275,0.017778882545482388,0.011566166977041853,0.03550985915636149,0.11294644960262235,0.0428508204459278,0.017172897730026462,0.04022775983249509,0.0875651784548573,0.014008379262809383,0.04787346517493728,0.018750661547290833,0.01871665294840478,0.010958363585019898,0.008373167102558473,0.02930890236513746,0.006778211649302747,0.010583554934374802,0.02001563859623334,0.03461437212813894,0.03943389496599642,0.020501552128000287,0.0,0.02072689178722218,0.0,0.05923048081813455,0.004727322993061383,0.09136490027435107,0.0276585105548666,0.035731722581970486,0.09969519706750386,0.12059141526989127,0.004411136963210724,0.008781665384717773,0.01989983450366986,0.08126568778129957,0.006639111448211244,0.014659133285733764,0.010048846733293443,0.048323391212055616,0.0202642295946199,0.06635155916937809,0.07841759178666714,0.015842269647321182,0.013213529543274347,0.0,0.02047198235625161,0.04661588403893671,0.026347180289811964,0.004868853191245487,0.024537867220612537,0.1872316134501214,0.10882966134413115,0.19389608484775622,1.0,0.04043491487853458,0.11224195694486597,0.10394719856325763,0.0,0.09325542374661823,0.0756597740897667,0.0226127561251374,0.01807907718142191,0.0,0.011212783605982728,0.0926283346675841,0.014421738735839084,0.01649412875482389,0.08419096354171951,0.01105749351195369,0.2229385272757347,0.08787824704069669,0.035943908610385135,0.03724286460561562,0.003640008718379413,0.022787258662065185,0.054958874223606485,0.0743349970796478,0.06430938422466059,0.14069610629297646,0.07284603454774657,0.08110500937180509,0.037508040232875385,0.010563355064123597,0.020769645638656395,0.0,0.026830707909323556,0.07257226878924969,0.028479184275332435,0.008074503789412124,0.04423344332426013,0.017022239938286804,0.03404118589608693,0.1519714560887572,0.012137359509615878,0.01809107448560887,0.10762042751490641,0.09700102478205601,0.009479072092635476,0.029499982608642422,0.06407990716960303
951,0.06462817835222229,0.043630347201833314,0.004645170928217817,0.022916618850460705,0.02381487755303298,0.0,0.015221978157217177,0.0,0.061667815298774395,0.0668986592555636,0.03977631008539732,0.045752353553409966,0.0,0.031428242127905834,0.0642003764640432,0.014166159258616595,0.0,0.02738687051019458,0.11078899876885275,0.15017103832203832,0.034113977790939,0.024833067402503874,0.12218133855083779,0.017666022376521876,0.035182906351842236,0.23507349006343894,0.02044695800917303,0.05449264389172834,0.07479778533335857,0.03463503649323101,0.005870744737602093,0.05975116634084359,0.02279952430664895,0.032948588942376636,0.0,0.033942483410401694,0.08208800992359681,0.0,0.08630256052822943,0.016972136439607172,0.12766937138643664,0.012041340930540587,0.0,0.1366159737536483,0.030328190891753423,0.0655343237214884,0.1309916430562787,0.0024504381669692874,0.12317823300703927,0.0,0.05525848258376469,0.04184892953170151,0.031311411711944244,0.043582320811675984,0.0565293323815945,0.005572626473511619,0.05706860451175372,0.04463414727534979,0.03521314222433303,0.014338222429478712,0.027366731577503384,0.043499280926173514,0.04706387819956558,0.027742788845439126,0.06056810549905701,0.004609986349365769,0.06572929256839012,0.039530973791888815,0.011803347454217638,0.0157308891575193,0.0,0.030644856534792854,0.006772302902155801,0.04301089784910171,0.011819798861307235,0.09753990055934747,0.0,0.04597389408475619,0.008448944095687154,0.05981018978893006,0.022845829491850343,0.02081718791172242,0.07520144429623064,0.07050614422419298,0.04268048531794839,0.0,0.024709854698466455,0.09584333249266923,0.06999649750348265,0.020428723258314192,0.03837569896170273,0.03150605850848217,0.0,0.04928631918135777,0.013534401348900979,0.02933135519300047,0.006911677024086745,0.010799795115269854,0.019821500540808102,0.023642121616215022,0.022394938708115705,0.11873914657193227,0.008709235784340737,0.04791758629316657,0.03784952575938199,0.04192680402353552,0.012657074763720997,0.0630613608926232,0.07843394729655302,0.08949379111614568,0.04985446041548416,0.0911217519357708,0.0771681090511566,0.09971143531230543,0.04935305305988186,0.1202721556010146,0.03437935318235208,0.026109648579338965,0.009294907373016269,0.012723914059671191,0.011468477140653195,0.0063430529376240444,0.10842940840834636,0.06786512409820256,0.050517784557507654,0.02770692155147775,0.04535185750579864,0.017921409709859667,0.010095591198531269,0.13294740905045313,0.0,0.0,0.07391661286832585,0.05743413320939651,0.05705673956402858,0.0,0.0,0.024035935966718554,0.07862821245255694,0.022868543049514474,0.02649313981950236,0.03646240193231929,0.01414676117268008,0.04325603640100642,0.0176579582249494,0.029389309492977144,0.04161783314191814,0.0,0.03717018308275083,0.23017208674454537,0.15033334845348437,0.034370755485279555,0.04974754451262077,0.005120252516211828,0.03013183480355531,0.17094440432191596,0.0,0.016205466956278048,0.08351576533835971,0.04096074668433105,0.04481900647215929,0.0959971649521321,0.0835802184794987,0.0493462906182653,0.008265508049815525,0.11502178958200342,0.009273694268575657,0.021598993594914566,0.02980303572511358,0.02802546545217514,0.12679356789022367,0.1744552515691435,0.06734717260181329,0.04043491487853458,1.0,0.28093562043763753,0.14302120133472604,0.028352275331361337,0.04306752317608686,0.10628349350434946,0.018358664801266196,0.011108242488044852,0.06362022767009537,0.052075097910490434,0.04638346958569861,0.051704135454362,0.03147248215720419,0.0,0.026231710475005644,0.04669518973507615,0.010848583974236181,0.004066434597413005,0.060091557584007624,0.025043853746677065,0.08724290156193104,0.07586293186294801,0.08083006724943478,0.3946240843715497,0.10715118996525846,0.07742378201372498,0.10632835119550638,0.1307657554996119,0.029602996441551947,0.01595272898854246,0.01021719700848454,0.04468078791231764,0.04337043720603989,0.21651812188343716,0.09780594980785087,0.05531646358559958,0.08765825554192581,0.015310493123230209,0.1579284706405813,0.013797152695345826,0.0,0.22490199899956875,0.3948302541114153,0.0,0.017199967169733286,0.009712985569973718
959,0.10877656463378975,0.11413626777914095,0.019745988379932303,0.050486041654169894,0.08839250234880291,0.034460122403092354,0.0561955174657963,0.03018978257051943,0.13196116422160745,0.11475864706835869,0.06846123700417855,0.13606384492661494,0.020093640065326174,0.06147353886081114,0.10037883697915667,0.033888272600005626,0.07042622922988945,0.10896991430804415,0.1270960526268029,0.1726392122484004,0.15444841697101716,0.0281788647631456,0.33648577238333116,0.030984585728826123,0.0884469985091283,0.2442951844293197,0.05253733972152728,0.10997688305026534,0.15224030789734488,0.01852878087014391,0.054169647806310915,0.14238438634121006,0.0583250881568698,0.10010640996211545,0.039481832176306735,0.09185612690576572,0.07073908040861823,0.0462726777598649,0.12538023986355054,0.03317510316030402,0.20162604807989876,0.0336308010731692,0.11819734177502816,0.29996322902030476,0.10004712695595214,0.10286934867262769,0.1562836186408582,0.08427667882322303,0.21641743769908495,0.06035094896078112,0.0283584071096259,0.07155935864026705,0.024722427876518422,0.042952426146290544,0.04526065856389522,0.008551847198755493,0.027826919846906637,0.047588237925730095,0.011343533876507455,0.03521699777540017,0.05180331148379036,0.020516092361054828,0.0665954275164147,0.035600104299642374,0.0686902175704986,0.025517212404604018,0.05001078859193864,0.06079607516449652,0.027901534438666605,0.011154887878502273,0.008226300217570785,0.042997605892394576,0.005012114811867564,0.015471571398993744,0.02148598856915756,0.021836465466825487,0.04527417221492878,0.013222601381167935,0.009237264250094057,0.027304073457145108,0.03745489195207472,0.03832920131794587,0.07779446693770793,0.03935331959548359,0.03185446784693807,0.033344749545092145,0.05777135797579899,0.08337800990760053,0.07540188486233991,0.030839267867193147,0.02008957021651158,0.05393842230342148,0.04573350626833519,0.07200237566071102,0.03910405312529626,0.08398756088907507,0.01593511377043686,0.019543696051602853,0.09897312352882828,0.03471857576251936,0.058052732292067026,0.01753846610076937,0.009152701176424059,0.03498625513421694,0.014171809401695679,0.03618342451049097,0.012094454223362219,0.04501347782879651,0.05721790438345941,0.05835558457514967,0.031152922096202934,0.057339291106466815,0.05187924406118325,0.0028701431511339746,0.05319710274927281,0.17088156880155742,0.07726286419792674,0.08451021419266934,0.015237262481114988,0.04237802720578389,0.035514502567091426,0.01766560301978705,0.11985750686653655,0.02890959709709944,0.015608041496624056,0.042929734925124786,0.07470215779905924,0.009495542207865599,0.006837531567313195,0.06840444227983644,0.020481594479670715,0.02707490754388931,0.2362325632863149,0.26869063146111244,0.2006987806064389,0.05222758586545604,0.017961079068666418,0.024000027165091083,0.07573589721050052,0.005923839033138931,0.01254528843386413,0.024440060000713117,0.006315550508692076,0.014430533089840328,0.04238234682935141,0.02827687295995422,0.032609942361582545,0.015616766719455822,0.03385892332726363,0.3103240909550807,0.24123766594687485,0.178108173770165,0.07496559716687635,0.0381586993976958,0.10010824902226521,0.27295869673062134,0.019834124375605625,0.0,0.025130925188647187,0.0,0.07002690752819019,0.07243332843560148,0.13966592536065575,0.18019813841029855,0.06451122329299855,0.28043241950081566,0.07717777073298121,0.028153693284273393,0.007816460639809593,0.027397016129788617,0.23548007457869977,0.15246078527464854,0.09432497614240691,0.11224195694486597,0.28093562043763753,0.9999999999999997,0.07514957216810268,0.05097829762524017,0.06257989997764705,0.20364574177272496,0.1384142327054306,0.010704706960779516,0.02895705987803413,0.011790823904960085,0.038777452973790746,0.047953535261585516,0.09263308476425074,0.04917538006960855,0.04698900313774725,0.11695155190530426,0.09195025250973096,0.12236951034905891,0.059887395673301196,0.056039204315310606,0.059339934683240864,0.15186084787522283,0.07033420382539607,0.3365245678122704,0.1952987058316643,0.1538795597266983,0.22352102150413417,0.24125219136400183,0.04150340512389118,0.01826522084118587,0.04946433890947867,0.061246515539103936,0.05823582595849683,0.3622283154183598,0.024642636080379348,0.12018176635342884,0.12796882357302694,0.01787752573219615,0.01514088852768491,0.025582866220527946,0.005327117688596167,0.2128500906435755,0.29020097210339635,0.0304721809189206,0.024874515851731623,0.030267593975448003
966,0.07064253581620183,0.043748507271426984,0.00538228948507722,0.04727930613165908,0.006570786805582773,0.005895270324374346,0.005411025793602112,0.006322279972725519,0.12524893588742517,0.08384947364656675,0.0,0.014808775889623477,0.005261418263673824,0.02280500885559865,0.1114717306053162,0.012213113154484565,0.01668203448865426,0.03991146569064841,0.06786998643831363,0.1137150824466311,0.04542735133232708,0.07122734273585536,0.036171830513054816,0.04186233592823316,0.07580918561343913,0.08796397257751516,0.07087776578356722,0.013051026843497177,0.12460976713795677,0.17780896207244398,0.0,0.10095187841015121,0.004679421807024247,0.01197531860514634,0.005642650903671331,0.04065705173314469,0.13963662528426757,0.04242344109369447,0.0195502079993578,0.016865915799275138,0.15335415930079047,0.01585750188511509,0.017550158949303587,0.04138149631370012,0.06960174838354671,0.13987132532557103,0.17772684626866087,0.016449426845144437,0.12972175777476788,0.0,0.08241277507021957,0.0386865606827392,0.04862139534999359,0.11962253245539443,0.1316580858712814,0.045174816694163386,0.1726580589029876,0.08843845320674171,0.0792366307259958,0.06870763366141633,0.10878127687387354,0.01931726036933404,0.04560888081482952,0.06283811104575554,0.13247222299007372,0.036894379441218934,0.10349506639022318,0.11842434470069411,0.04691021979168774,0.10262301624961406,0.03936784096409808,0.0695468256123603,0.021898125930562704,0.08399339159622782,0.04676100527351565,0.10111981974024625,0.0427511817411083,0.0884863759065314,0.05671999620350615,0.10446912132170268,0.056618407411252604,0.058536584693315276,0.18555659675030473,0.10482674479896253,0.12705275710013983,0.021688093316246135,0.041808727183553905,0.25951005752363326,0.27001421732625147,0.05346565772912701,0.13606954117098524,0.12067537170628329,0.005518407782667524,0.033623853350587124,0.033896308133744904,0.0039044980546689345,0.017011624978693178,0.005104430765784985,0.014927948450054563,0.015251398922090336,0.004559407614003299,0.090886496915687,0.039089465897553216,0.1380653783778386,0.06663594892207705,0.08586481703787757,0.055987730671310215,0.07358390703079994,0.18474857854232274,0.25943054342893496,0.2666354400499842,0.21986221285653387,0.19729549805771096,0.13520219896375224,0.16014551645258912,0.047198662361237945,0.12746901735237176,0.11604599587142081,0.05681704021151893,0.08498357070110547,0.014085208720345325,0.061400598670552684,0.10344107244745648,0.19972493586591517,0.1232897113261497,0.17756328319071107,0.15222721471267125,0.08879625655210506,0.03844862285051381,0.09797897827658507,0.019319947181787905,0.05296714320993931,0.036161534678673536,0.0037389145750892742,0.10196302251098929,0.0,0.0,0.06109223050941358,0.09901564850290283,0.12811756971875515,0.07012076241022731,0.07951213499630704,0.02947868647903279,0.08466740971044938,0.06863033334403534,0.022885058668788677,0.08592104604120675,0.03325882420564823,0.1115213612993761,0.11858173656907695,0.0947342030399216,0.025643900309812326,0.006867913494905604,0.025516910074839062,0.027019760403302666,0.021652772719193535,0.0038765317273434974,0.01915590069632553,0.14025430943362097,0.02394066648879083,0.01298897757320611,0.041843325197527835,0.05239805948838393,0.0046332393302434445,0.005788155414015517,0.011408540355904852,0.060880491758701666,0.07200258414717804,0.06372775134141634,0.04404378234155773,0.0860977607319171,0.020896272694349776,0.02003637622690039,0.10394719856325763,0.14302120133472604,0.07514957216810268,0.9999999999999998,0.03814339422043128,0.05640902863038797,0.21697778060829004,0.0,0.005791607148385454,0.05481393622036432,0.13226809204784892,0.11771495272637209,0.04344608220902783,0.023503164950683213,0.0032664522236596663,0.0,0.0996021500274501,0.06461801775558261,0.012903069934651283,0.08357303022551474,0.024005622775370838,0.019750796988979066,0.060331266489891594,0.15258943288375781,0.15019185461962836,0.042016699703935845,0.038721560505800896,0.033797731493638496,0.034258940303145836,0.13789993127543831,0.24836862233633247,0.009619230880388949,0.0032778265469377912,0.09403991659752532,0.03775501267228702,0.07834928899304172,0.0501504319565688,0.036481856126134686,0.023518586756056913,0.13507723284937095,0.023857970531968233,0.008049442936199728,0.035016889570670465,0.09701957416128403,0.0,0.021061678152049117,0.020758319041088946
969,0.0668607694181382,0.07785172566056629,0.04795336022218834,0.011847758142298086,0.1265077235032713,0.025774420424713777,0.0969657381724793,0.062029878488855106,0.18933977981964306,0.04174865932568154,0.08591368921607107,0.1522537139148456,0.028729000890529724,0.19386984912823657,0.04256179553859792,0.0,0.03892535396726679,0.2234620776963766,0.06402591689951002,0.02673454826735136,0.10821691161150296,0.0,0.056233292962403106,0.08597806149939555,0.1652914657231154,0.0,0.1318723782921388,0.028818096964679837,0.24632923136501145,0.029489151784577526,0.040537249918610296,0.03437975512064466,0.18474541403329414,0.18181573129770093,0.17375542884395945,0.35509444226503445,0.036557014873625206,0.17160030365721352,0.04970373453799322,0.056004744504578124,0.12414471802914796,0.23387293978533336,0.23204894037236673,0.18756464654394336,0.28514698522129794,0.2842329591023181,0.09085268844432531,0.18694040570326625,0.08792519849809195,0.10078185557594144,0.0,0.0,0.009584293987387912,0.012432879371444334,0.003662522626532081,0.0,0.004256363671263283,0.0016357025857745222,0.007098642473463997,0.0,0.025650012727613993,0.011673114291333418,0.07619319011245239,0.0037245426022394987,0.021975236387017722,0.015582783982393936,0.021320838255843036,0.022975893389477434,0.016065014312940804,0.0,0.0,0.03659959780331879,0.007206034384350204,0.006006005424846267,0.0,0.01190414932387444,0.01464809318317101,0.003986135401220582,0.007710283694440003,0.016005429848649617,0.027589868048524008,0.042979439868284564,0.004544227048998834,0.0034070401981662266,0.0,0.0,0.00523963569584901,0.07164389932225435,0.02836275001430807,0.0,0.03167041146197249,0.058501504641374144,0.08806487025071508,0.2921172181901788,0.20396217481450285,0.08332228701520841,0.03746550568362321,0.22003767944930905,0.12042426998366888,0.07098742362707502,0.14702253832999237,0.0,0.0,0.006643968136608808,0.006087025836004626,0.0,0.018361633921700076,0.021352048094054447,0.03019626069250817,0.07472256676323052,0.039176951888229186,0.041724405240618316,0.040869102584545736,0.01165248705216548,0.024567697727011395,0.18097475696533566,0.041404412338363526,0.010739402324619545,0.005960841574943202,0.004509693831388205,0.05406355865028046,0.0,0.326597745294288,0.030153331953842698,0.016165062503599753,0.04439739829389687,0.0537797964242996,0.0,0.0,0.006042371610696963,0.12270191779817756,0.028088550719965816,0.0990157764269637,0.10379644700822153,0.09161899310803476,0.007606129544020059,0.02087983947582004,0.0,0.014286030026374508,0.0,0.015161983518889106,0.03329711798895853,0.0,0.0038230330299114253,0.07829597673351842,0.0048476669027594545,0.014945220043298214,0.14696543388823793,0.00714762254861235,0.0459372275459881,0.015386463745807582,0.30393475164190686,0.10136999003035735,0.361979011932363,0.04417579739080495,0.12098324996970992,0.11277675249696725,0.018274525893735176,0.0073758600938330305,0.0,0.0,0.0053589311953668095,0.01582744046769878,0.08381492854526496,0.06372534734808452,0.15738043092390558,0.08239433575578325,0.015715527316295035,0.02163712576965204,0.01588050163654902,0.003940895264702523,0.0,0.011708959058721147,0.0,0.028352275331361337,0.05097829762524017,0.03814339422043128,0.9999999999999998,0.010278387084954918,0.08056181803426668,0.018911872954749408,0.0,0.0,0.029147543359221623,0.018278982475801855,0.24163871337567844,0.43287710755746867,0.06079287355156522,0.1774324007988478,0.03937475526233176,0.05539758395733377,0.06612895715335593,0.04213412636645041,0.13025434928957424,0.02564458908522626,0.025450937520187317,0.050204977508699906,0.03316014609428565,0.009232553549912531,0.008037293645911294,0.014172073463283441,0.016363708613357175,0.11239435669797426,0.04012087982527358,0.10600512822747853,0.16782176910650226,0.0798053782637446,0.07016248923973971,0.0,0.005443453218542014,0.036126378826648826,0.016311324742686747,0.002933468906459704,0.008436190242249505,0.016179363542605726,0.028531057038366045,0.004437517677728789,0.00806423423752277,0.0174920091122212,0.10614266182182441
972,0.07443082034368174,0.03865389247482605,0.005630322858148905,0.18155335951861762,0.03772895233575667,0.04437433103123826,0.038751587567327495,0.010777821481465196,0.0660507689619231,0.22179544873925325,0.022553744718900363,0.07033191186640102,0.05821182968347505,0.016534108803726286,0.2502075327245227,0.058159722285155604,0.012969792061384154,0.02721098642500424,0.12146286755517424,0.08917499774072142,0.036424401157945374,0.15823764803931065,0.016322966729605523,0.0843624026175702,0.06823004665454298,0.02478483171769366,0.037961508265140526,0.060376644200695294,0.08775562955897007,0.05492815545906128,0.0,0.03452511403983642,0.01989044386444523,0.035605862863271984,0.0,0.031616559744237334,0.07242895413761614,0.007931512710652783,0.0,0.021783787902172367,0.02611558972687914,0.02738606034652323,0.0110065946711188,0.041034495997214135,0.0378870215025522,0.05902096655489161,0.06645288636103346,0.01973987471726684,0.021762523944438363,0.029050307094235183,0.1488241532959495,0.16989356177058992,0.07889021999204472,0.18866145532776257,0.24427166537137335,0.13219656905537114,0.16462887168104304,0.21676592893857896,0.22342928521080097,0.14175010964000928,0.19241563167704984,0.11174488132909655,0.18378113700950338,0.1875468237827635,0.24542711978402154,0.06713523873707229,0.21621630984856696,0.15404094729114748,0.1812228333470616,0.12330247424048277,0.03656925659160762,0.10179497451694193,0.03828390639454723,0.19134460759701605,0.10153224470418093,0.031615431738712695,0.07632818985829239,0.13891470713281553,0.04558342880622649,0.0748033576761632,0.11030035054104538,0.016441444810163297,0.20241761413937626,0.10785970875991836,0.15263935488999691,0.10696661085730438,0.008822536782261704,0.1012031992668922,0.21646914643272105,0.22175694359206147,0.045516908680191426,0.01999694578834471,0.015159857839878242,0.020600517459560437,0.060213338914650937,0.04527524371605815,0.0488391594098861,0.022443882559499254,0.016857286696551406,0.01509289220845383,0.018482039438320413,0.052707995797851556,0.03524185768602987,0.14456876933865642,0.08092613895226014,0.21320285930994518,0.04730262846986122,0.06658733801545151,0.0661102839649568,0.07511447885692747,0.05425755116402258,0.02833478906741254,0.16695513068160833,0.007024588681579055,0.009016355880762642,0.03700000590624043,0.022870269256221633,0.1339533339038507,0.20690961919346168,0.18373836960409468,0.06870204544566667,0.11878247351675922,0.014200033350222775,0.05368718370477406,0.04791273107742781,0.056114628335277895,0.023629867736319046,0.1323311030756863,0.04990844680261498,0.16160635489149827,0.03924069499834383,0.07502170380415864,0.0,0.05732466167984256,0.006330753938731113,0.007912922305898825,0.003834210265353602,0.0974387442168577,0.09395108528273544,0.1994428309087933,0.05726614750655108,0.006416044747443709,0.12614092679543934,0.03700432054481937,0.06355467582598424,0.04668269338823786,0.19872182136358119,0.04360474991560945,0.08454134978707263,0.014411980512271235,0.016480406976088564,0.004887008212324116,0.0041702605390125545,0.011105911711087334,0.004841120928836145,0.0,0.03564334694563959,0.05386177649879151,0.0,0.05490119631402575,0.004633075607962359,0.03352636085440684,0.018191069374483546,0.011150192243231133,0.0,0.008600906658414917,0.09959519457069071,0.0597586651236103,0.05488740183335023,0.09210394954288235,0.011161244267395941,0.0035886247416545584,0.012842504353145056,0.09325542374661823,0.04306752317608686,0.06257989997764705,0.05640902863038797,0.010278387084954918,0.9999999999999999,0.029747760524511113,0.07504933587047581,0.05693054447889669,0.03546854762966776,0.023147485968661646,0.018842445696809797,0.011463495720323666,0.02523840511023329,0.07538874842204277,0.0,0.09421639989349295,0.018380968539683778,0.0,0.025776291326857055,0.029216351126051355,0.08474214913559831,0.030444391720619097,0.05965211116234695,0.03400607064023148,0.0,0.0,0.004134294660473146,0.0,0.03042085823739284,0.07029836234378202,0.006248521534645573,0.04127344762164754,0.007985282101499602,0.010033600958204745,0.03723571885316495,0.053354306816290525,0.005263918184748562,0.03597770000118433,0.012917766808162597,0.05205443188760278,0.04573731336591907,0.004103183253492976,0.0066858787767645,0.09708517275339054,0.040735536066815466,0.07678474536381563
982,0.10248822463594291,0.0548120558316258,0.036128735698910557,0.014090242613013516,0.10852819496136196,0.03641962830419411,0.038687953491223434,0.06922333270527452,0.22696405685831653,0.037395271868237843,0.04696235523520369,0.06485867381304049,0.03733676933614887,0.13903029428029687,0.059371960954781644,0.014899852872297711,0.07356022365949834,0.15502890346486403,0.019843908552869875,0.04266441443238925,0.16181122905633064,0.007085316890271024,0.13747108901604416,0.04693015144096404,0.14038041232167783,0.14498313201924154,0.08594783284724453,0.029082591309200368,0.17975770208809244,0.03453179215781532,0.01805596169531059,0.2263517708612408,0.12624369475560984,0.14449431097098783,0.06773108049856906,0.18242423462607496,0.10392859163532536,0.12345196516971985,0.08571764460193138,0.10291348245732457,0.29569388521815043,0.13633866937850306,0.2575190194269609,0.21683656878916813,0.23256282290910152,0.21382383120480603,0.2869981307081377,0.12489251982582764,0.34256012200854663,0.04994726970512201,0.006319774223150146,0.00963133737293091,0.008722645861209955,0.03596573383877533,0.028580674031187765,0.0,0.02587250845199636,0.021697260989039343,0.020696595541668326,0.0,0.03539704553614425,0.003553175860337978,0.06945429810116889,0.011770358765384006,0.058367829045466106,0.010490943310282497,0.035403279385447683,0.045777297578703253,0.017427327990721497,0.010090874340648655,0.0036909930673571178,0.08987650618721013,0.010510348835428531,0.0028145163673592125,0.02560928859387213,0.024275732336113527,0.0191022820853704,0.017441322506849613,0.015400769799351302,0.032214172398750664,0.028963381401505714,0.052285027744057216,0.07264590799002198,0.020588021637243343,0.023604915001008416,0.018300168205241968,0.1391564884989343,0.2003578019424418,0.12015555873133861,0.0039433511568732005,0.09294365282885014,0.195261411233452,0.03481485601195955,0.18654407956002342,0.06792046697046944,0.09257838728738163,0.07202962318944196,0.04016016810300462,0.2578864265775851,0.11404410057810933,0.07642312857343421,0.013708621236560373,0.00877875349967877,0.021035994655901093,0.029009205383238135,0.03284114833550794,0.009700253447534649,0.050837037263673154,0.06422434265181143,0.14058130443238573,0.1034842134333805,0.12470164288457684,0.1836147171585465,0.08529811874019104,0.07874589884547488,0.1670261034973659,0.16201045283734802,0.03779428172458867,0.017896167258802814,0.05288805798316211,0.019220185440077774,0.003767048698314869,0.1868366868280127,0.13672281666555205,0.049613901621283735,0.07198149097215714,0.12018474815558552,0.05563891925547964,0.015682337983157005,0.0159053362031122,0.055415411690058605,0.019141568011677337,0.15046567001128092,0.10591150827095241,0.31320340005744185,0.046155561637349775,0.03890328171652703,0.007593925377998265,0.06591935191320823,0.0217283789811132,0.008121387873083911,0.10734499433538833,0.005561100684090504,0.03066389796551797,0.07320587629550637,0.035188009617445566,0.02270936484749347,0.04369203296865802,0.04179428586365127,0.22479191955618943,0.2405357795321559,0.19191416483353319,0.13209058745921048,0.07804052986897252,0.06765820612930801,0.17461712161253395,0.00808087417798544,0.027290640063230367,0.1393558015494551,0.05193920120400063,0.05451398043580487,0.12324621263016661,0.2165218133524778,0.09453496245869782,0.12675116043894893,0.1219616695528568,0.07597054020259934,0.038734475710813794,0.01261979785290319,0.011620833641896757,0.15351299570789187,0.1229958143667877,0.0701207747272215,0.0756597740897667,0.10628349350434946,0.20364574177272496,0.21697778060829004,0.08056181803426668,0.029747760524511113,0.9999999999999998,0.022742900903866946,0.015103544680919873,0.014351233156636476,0.045419704149483126,0.18498226252453703,0.10585447251622174,0.0953691279954435,0.029009499892450614,0.03523939712931144,0.07547745854993834,0.28281161861621845,0.13273619363117653,0.107917825817143,0.1843237370142565,0.03520970644963003,0.07281147709944022,0.10065306061744252,0.25433427975983774,0.09530156814859521,0.09871450530840649,0.10146697507120502,0.11283701676022224,0.12042943872657279,0.09207542002579638,0.059580918904759764,0.10139069037813798,0.18429522530686335,0.18304674237696061,0.003659069932239585,0.02581869717377716,0.1601787626892608,0.014750401252441266,0.14565734904965633,0.020208259865931326,0.015591737299576509,0.11952745255555369,0.26283411952345204,0.020708982172290752,0.0562217690747833,0.0365348220238942
1001,0.015110161173000921,0.34461729975317346,0.10340129467331141,0.10290964222715641,0.059916139093273965,0.1859861867978157,0.37643676011673854,0.08296759728403602,0.06783343760864012,0.16903327838834226,0.13077642441435913,0.3791740454298789,0.04246189708167775,0.0,0.0822239309956428,0.03441350943824405,0.011627448999998976,0.04983755611184841,0.21359694822804495,0.14502239681006654,0.18981849952830449,0.019593045234786464,0.048127560676349074,0.07249293471942803,0.06113139707686068,0.019780578937881738,0.07019557635661798,0.3300591409609881,0.05140017895345003,0.011134679588813513,0.005777088888199474,0.018824311695107437,0.05008167562724716,0.02264089997215153,0.010316969891120005,0.014012657857800771,0.008496020401014869,0.02444716433592204,0.0035063746402900164,0.0,0.01789568256417583,0.01733274230209412,0.0,0.05642881670498776,0.024059771177059208,0.09076697705155015,0.01918585170324455,0.0858100973864471,0.019228214136772726,0.11210280925810172,0.031610849299448664,0.03775694257761001,0.020259341468414342,0.03399448119742754,0.039977017074598324,0.010692962834576337,0.013988934601779099,0.03605471417168377,0.0084271562193395,0.03259130641614611,0.03298829893650516,0.0638374919835609,0.03254264729479986,0.023294444668224324,0.01595943532551846,0.041216671316742545,0.012109949121760166,0.03123769589984572,0.03233764576584263,0.00857009848325425,0.005937050422603685,0.02579974234864657,0.005983540473371563,0.006627427613335811,0.0,0.0,0.02507930312637892,0.006049175910867883,0.0,0.020266503774929657,0.010517919397984484,0.0035277501269594352,0.0077770620847636245,0.001731959714834175,0.011012088898294097,0.04561271692755836,0.02155607302201471,0.040142179590301544,0.0287054357609755,0.010619597896328544,0.0,0.0,0.018780540061767628,0.007026980260719752,0.05758916255056365,0.09200142672708352,0.0,0.01678322919915831,0.04181102212479295,0.0,0.09203480432519408,0.024265569533566667,0.0,0.001986330646245191,0.0,0.018955587417880688,0.0075657645983450966,0.023933009835448396,0.0,0.05160766319128052,0.004009076719359423,0.004972825214692472,0.0066053223816707595,0.0,0.04122479980946484,0.1907514251216167,0.019357789451619395,0.038596993352755536,0.003965537909150258,0.026072935220651912,0.08466235138991182,0.009385791092300127,0.05963832541406175,0.0,0.0,0.026963638686839077,0.0032179483720811064,0.0,0.0,0.04944770381185476,0.019810153901918655,0.03614606762967143,0.020152708531883196,0.17170649767971508,0.003618336471431521,0.0,0.008899001671267734,0.005129793211977282,0.03594463744275121,0.008825831597824923,0.0,0.0,0.0,0.0,0.03688646142530824,0.0,0.01951466886432935,0.0404424641373203,0.002987637836281916,0.03343696532199259,0.032185687769316525,0.01251468569222488,0.11704085130198622,0.0249547839057154,0.045501944051666965,0.02433161054156699,0.039848314585984784,0.0,0.0,0.0,0.0,0.0037027555417318276,0.008543760667995498,0.05214560988965304,0.008620295148934717,0.021021980888803922,0.03601009761972018,0.009067932941951847,0.0,0.02207023669205728,0.015125915035155833,0.0024220709037762445,0.01244181596304292,0.0226127561251374,0.018358664801266196,0.1384142327054306,0.0,0.018911872954749408,0.07504933587047581,0.022742900903866946,0.9999999999999998,0.0042428076247977,0.0,0.0,0.0033750397602038584,0.0,0.05571299388078961,0.06349785419388033,0.055790488597172706,0.05631216047395128,0.015444975077455316,0.032139058911172594,0.0,0.0,0.027857282503831318,0.04767450995660431,0.0043927155578742366,0.02706592653140076,0.026178499901901568,0.0033583364247582732,0.010371791835249394,0.004313391071809186,0.020693180351329984,0.0,0.014129308055865264,0.006401856498907187,0.020580140365830543,0.025447954146932333,0.0,0.13308114860575804,0.016165393266373538,0.0,0.002902742347250276,0.01845834631711472,0.04691095971600346,0.03956097778364027,0.009814352749094209,0.0835347286782933,0.009345727042760908,0.009529230538115916
1037,0.01718897397888252,0.0,0.0,0.18106235864259493,0.04138104180866166,0.026647594132573116,0.0,0.006439766559664854,0.05068460683528292,0.1360290318489904,0.005700067344954103,0.0,0.0,0.03798729286101861,0.34445801092784745,0.09426108294229002,0.0,0.007784150986914221,0.027956895653600468,0.10508415945670092,0.0165985228186069,0.16390988457763422,0.0030171224140557455,0.005674790023186625,0.0038169669218009535,0.0,0.003918421414004021,0.0,0.014411710588546053,0.040280297097865056,0.005642910395057797,0.011908676572124532,0.05099145020431213,0.0,0.0,0.012956244553901992,0.04153957999428463,0.017453350483305097,0.0,0.009189624130399499,0.006095890927621315,0.0,0.0,0.02900322036321558,0.06099635628827952,0.023875080447773967,0.04997287422791187,0.0,0.0101185487439574,0.00491385473570107,0.18502117177583172,0.04413211266531379,0.1041558174809459,0.3581593537862048,0.25288560383373837,0.10942699747061817,0.15739339719243003,0.29064767737044567,0.06669116645923863,0.2144034402290455,0.26123045613333795,0.07882136183008562,0.1374894415668083,0.24848832484704977,0.2927259610645816,0.12757771314607605,0.2570136761827068,0.29565256736555795,0.12075104114747841,0.10223155219662783,0.19914482694770202,0.011454122590285873,0.2652023824087225,0.10966509834463418,0.10142999974936333,0.0722574413880032,0.10081414902864337,0.1427497028332992,0.2280655585240634,0.20552266449293208,0.11601341089047595,0.21044963394019625,0.17631282946091942,0.1561003218406078,0.16651766113229177,0.2667889695792809,0.0,0.05573059139710881,0.06144859193172604,0.10336816424323493,0.0,0.01999385320580105,0.0026050819034636424,0.008972819260632035,0.01925295099192893,0.0,0.05116578977652897,0.058226572736015544,0.0033948193662140737,0.0,0.019032031247025388,0.025521947850457485,0.16575426213490127,0.22240143459233871,0.24063333421821542,0.38478201640843657,0.19702348819598292,0.22853671851014065,0.03797974665740211,0.048634256159517136,0.008961926452570509,0.017297429883729662,0.11631750404792197,0.024990621223806707,0.023390345482422192,0.003125503370242909,0.004632632444503003,0.015305250060915265,0.10996043162298634,0.13476629231086293,0.07697835438736625,0.15220372160600737,0.003209974904813465,0.0,0.006766824570870499,0.06103854103809231,0.02431435611623515,0.07311159482680302,0.22505213123489698,0.16694960809435214,0.08207211239631117,0.13308635692217702,0.0,0.006397325923964579,0.0033357145177647625,0.0,0.00630267595846143,0.07233131617964425,0.18504059383736274,0.07343934117058168,0.10832762423996452,0.01128939473815252,0.2428864885950183,0.09361244978831962,0.1420481279535822,0.06616751765221254,0.2588266443174113,0.06654411899717526,0.11605625746018727,0.007888874661776292,0.0024826752836655222,0.0,0.0,0.00601307601935099,0.01433665725742151,0.008769563756639003,0.10373723816789082,0.057970631745878805,0.018139119432042307,0.016240642760146064,0.00446618205846864,0.0,0.0,0.04253605987864314,0.0,0.0,0.10792752692985534,0.13098951612430126,0.06962422396863602,0.08074323550076794,0.0,0.0,0.0,0.01807907718142191,0.011108242488044852,0.010704706960779516,0.005791607148385454,0.0,0.05693054447889669,0.015103544680919873,0.0042428076247977,1.0000000000000002,0.19624458129701963,0.031080874906915638,0.03195249421053765,0.024415430983351236,0.03103592966504509,0.03235247410921982,0.0,0.014749546065771321,0.00449044449178447,0.0,0.011759010421956267,0.012488376160612626,0.08119583534105551,0.004881581466014636,0.03690461132794911,0.004312296230359002,0.0,0.0,0.0,0.0,0.04716877354998063,0.03068256310085762,0.011660724666030617,0.029204359820713906,0.0,0.0,0.07100222017376032,0.006347447806537522,0.006467344059856999,0.1673283295328544,0.04807854287642371,0.22076252546404124,0.17444682512828152,0.0,0.005524742469120418,0.1340544577797594,0.029226144868226542,0.0521143550412945
1042,0.024351669962563067,0.0,0.0,0.07878494596778675,0.021751888675352632,0.013943380099678788,0.0,0.0,0.08304201528833458,0.10979224388009869,0.014872945894463894,0.008441910450154234,0.0,0.01009070125925686,0.24152155092251656,0.06449655134402972,0.0,0.0041289993821717625,0.04326421701886003,0.16599255141241145,0.0032435649392845178,0.27709911831991885,0.009052758421371593,0.00672643428846508,0.01061160584728062,0.017630967507108315,0.01102859568623021,0.010427724712884952,0.02423421171239074,0.14084471233774853,0.0,0.0,0.018679335131203356,0.0,0.005797348288319993,0.008198736733884101,0.03830594096261224,0.0,0.0,0.00391934103618761,0.03681622253560461,0.0,0.0,0.027516307867418634,0.038595014693939354,0.019154582001354937,0.058020758324842985,0.0,0.019314861897276103,0.0,0.10016542748740179,0.037554403032823265,0.06729773415398993,0.3230040701890998,0.2470981909006666,0.14087607573738856,0.1473351099457203,0.2296516382779502,0.03479179137467388,0.15720823844524212,0.28247241031703474,0.02332392531709567,0.08732558819749761,0.18894946313416328,0.327054222345145,0.14796319431043312,0.2494350998132695,0.321165157389145,0.11223018473041918,0.057915034677475066,0.1389218063853315,0.014257497562395909,0.16100519773454675,0.13051487459234595,0.08706751938858617,0.224569894926958,0.0709722630213327,0.1882307521985655,0.41390648248482675,0.2519339207979965,0.11865547897029159,0.13208614192992482,0.2065302207898104,0.1857444999394812,0.139996780027278,0.22857225970808734,0.0064199052822701596,0.09032561089971537,0.07032903790913037,0.11646754784145634,0.026313908382745783,0.013193580743517664,0.0030878520911118913,0.006957270437113071,0.01032360148868971,0.0,0.04107592117702078,0.008038308882171313,0.004023942611928544,0.015009327064504824,0.0,0.050415801758875826,0.31279057645652286,0.24356402681339903,0.23095577442762533,0.3459098128807332,0.28719186687049575,0.14569766759850208,0.10607737654235476,0.07165003449789183,0.01221284260160602,0.007478272397862428,0.11876456707839537,0.02034601137918713,0.0068704897385837,0.015013782394142403,0.0,0.02226399304604028,0.05021770491495235,0.04995449965788866,0.07588378136453602,0.15062351801757126,0.05092478647308084,0.0,0.016247844145548668,0.1316873115274344,0.028941579818259868,0.11477612798007415,0.15032415912090613,0.2337583430248448,0.05553463216102428,0.06239253836020326,0.005854012233255791,0.004463503623698609,0.008204995895168349,0.0,0.0,0.0888296887975132,0.17406136602701316,0.08484093918767101,0.1405259254407881,0.050418181569959156,0.24280975611531044,0.06079938779700759,0.056445381964262506,0.13497686224234673,0.23406777166260817,0.01975475593523624,0.1326000135228561,0.03033183126913358,0.0029438711976304986,0.0,0.0055503880162322515,0.0,0.0,0.00966747824388391,0.010786558817292754,0.011673425921551857,0.005603180653401948,0.0,0.0,0.0,0.0,0.006104745777945561,0.0,0.004761235955363007,0.05405663062071774,0.12204121915295069,0.05141271120156919,0.1473914524832807,0.0,0.0,0.0,0.0,0.06362022767009537,0.02895705987803413,0.05481393622036432,0.0,0.03546854762966776,0.014351233156636476,0.0,0.19624458129701963,1.0000000000000002,0.05975368832519996,0.01690757207195908,0.005351756456482476,0.014769471570721424,0.003307103206944568,0.0,0.011203391158938376,0.0053226074756202255,0.0,0.01974902295925772,0.012168009557452968,0.07111430289402082,0.025077516080693994,0.056888707944002,0.014009186910752952,0.0,0.0,0.0,0.0,0.014065008380994762,0.11689753971956884,0.008614422762424046,0.018143744600770995,0.0,0.0064742248924674105,0.029037364765152077,0.0075934124191931055,0.0,0.10595781946028208,0.014098853503148304,0.11976851176646873,0.025243144646704067,0.0,0.02548905516369757,0.043642588204331756,0.0,0.013460367551835519
1043,0.017125794282466186,0.0,0.0,0.031057062819697334,0.035875852419324804,0.0,0.0,0.0,0.0636996581194132,0.04370438163482592,0.011360648147090337,0.0,0.0,0.0214103003193282,0.15215816569830493,0.0071393089545533596,0.0,0.009673843632946506,0.02593563811907127,0.03145353025458507,0.014535899974190799,0.03323177221790312,0.009076884419719163,0.017588856259746974,0.034004592605930306,0.0,0.05349702322316012,0.0,0.07933965786472304,0.17887262042607496,0.02223188655522481,0.04285984153751255,0.011250240651974951,0.00472904710180229,0.005573725376295676,0.07601672954756537,0.16960314845684749,0.0,0.0,0.0519784475311392,0.047749932422283745,0.008468950036388766,0.011307524625125485,0.05423743641097316,0.11300710155964194,0.1266932141235458,0.18144715301464684,0.003208412958606049,0.048931617787326055,0.0,0.03272429638946449,0.01323972250403754,0.004897177897224642,0.10238007138640848,0.11590648346881673,0.07230071307968185,0.1459489659687349,0.08726958561004336,0.10992323810439497,0.04678606726828437,0.06422492206001346,0.0,0.10823305911816594,0.014396928281847597,0.18113387408152012,0.013146331536116107,0.10296493813599751,0.08606453352083564,0.012157238143584416,0.07391082388585123,0.019460748042882958,0.027638066839342872,0.02053072001460514,0.11079790768422942,0.08003223974697297,0.20887251476094146,0.2703985308917807,0.14316442985691522,0.06723614604483014,0.038720604037697254,0.09508233326146352,0.028411143588155635,0.2465108703493019,0.22119697864644006,0.09236351998126963,0.007935895230980466,0.07058491498998991,0.16284506815007063,0.1239129843358802,0.020433567607523684,0.3128030339885486,0.17574854755334493,0.0,0.05493116644147715,0.033562704266780735,0.01447937354887159,0.106466497219703,0.009096697466397793,0.003971221939416551,0.024774642740321547,0.0,0.032736661080012615,0.158223792608866,0.23050073940047963,0.24542060556746703,0.16592485372199667,0.013248142841009175,0.04968982489564006,0.30706411715673565,0.23402968846048827,0.06844919480034765,0.11087792310698487,0.3116897640130225,0.07253853939914713,0.035017575125639515,0.015798141905174458,0.005266278239665544,0.016682075031026432,0.06638523112678749,0.06197391443323453,0.05033727703940653,0.1277581869403342,0.05739049174054626,0.21708551527278125,0.18946358167819827,0.0840497310635611,0.2578128880644114,0.01995437176180785,0.02768631096555327,0.07098199887905432,0.06627276878410873,0.042320336800878836,0.0,0.0,0.0,0.007340497719174352,0.0,0.06840347263612097,0.13029242610429742,0.1923664155571532,0.18762308430124972,0.1431051210696583,0.11634438949575321,0.3748232620659715,0.06369970167875379,0.2620088788405064,0.07629777679454221,0.008027737590387676,0.13023877644156245,0.02585091663678827,0.01213522655738748,0.0065730884657376025,0.0,0.056026513703006646,0.0,0.0,0.005209809839631661,0.10379785803746414,0.06653083541867301,0.14373783898857548,0.0,0.007201034415712718,0.0,0.0,0.0,0.004130583726725398,0.04565034203356233,0.045002238317816634,0.18544910300367512,0.017210096918172282,0.0028818243060265212,0.0,0.005341222644301927,0.011212783605982728,0.052075097910490434,0.011790823904960085,0.13226809204784892,0.029147543359221623,0.023147485968661646,0.045419704149483126,0.0,0.031080874906915638,0.05975368832519996,1.0000000000000002,0.07070909834683664,0.0972884267404618,0.0471313260120451,0.0,0.01702639580248276,0.0,0.044239688206439545,0.0,0.21181456933523812,0.05794464992938306,0.05696339757244269,0.006305051268123555,0.2543533882177171,0.07103011191303596,0.006913392872644758,0.0,0.003936575893310341,0.0,0.08511627671434403,0.08951464024368569,0.10146969303349336,0.06023103698648968,0.04495881882805659,0.01985436521705739,0.08689583185969219,0.0,0.020909715437160963,0.016854039330110766,0.06164541611179275,0.057215438740715094,0.021298178957594602,0.0051914454337896885,0.0288467350768649,0.009991344089431529,0.029869404248797422,0.11683392766903038
1044,0.23548100191353896,0.009811149515189278,0.00911470302422043,0.026876622153600004,0.07124049902841705,0.006223292345172961,0.0,0.00941889110923555,0.05611575179007935,0.02988050232999771,0.026746772946238347,0.044266210354388366,0.009640039693991874,0.06743392941867027,0.06526321562161347,0.013237326330493626,0.01163175670674345,0.06303782136167545,0.021463578830315487,0.05371242938632769,0.037141226082759986,0.009466916146757001,0.04840466109549938,0.017663795674568824,0.1141177186277134,0.12270307259481249,0.024921077941215147,0.00793273049011617,0.1120661616774533,0.04370836305762733,0.02153804840924544,0.416348441888842,0.012437350483690124,0.051635068104518005,0.00357689904715636,0.050463106424281166,0.12570584635344348,0.05645617254339105,0.009015440060392696,0.012203972349663913,0.1684604234113998,0.009054718895782774,0.11088075705307168,0.06731346377386013,0.06694051278789873,0.07460906823565466,0.18830587500620705,0.12572066064229917,0.19497208708581965,0.023060002888786187,0.012264112854120397,0.0,0.0,0.02658817350217488,0.03923874604165541,0.005109006762458998,0.009868074397917861,0.04147327915885696,0.022051800863301683,0.0,0.019973045291728483,0.024658500574198626,0.022215532040280782,0.010560017044484853,0.03435369638642535,0.008647666371846826,0.025165430310806997,0.035334473871310515,0.0,0.0,0.0,0.016882248146275883,0.01732082886003317,0.014652637057298926,0.015582630674522386,0.010311007127780273,0.09153758699497867,0.012355988370712124,0.037525744215048965,0.06606150076661234,0.0378580653829981,0.07393076049763224,0.05900235142542795,0.0120968529367549,0.012565135741076983,0.008932459045381407,0.043595418944142574,0.257658282772487,0.13737108421021132,0.021858314932393215,0.034677292289106085,0.15873914521475602,0.015312644093647215,0.05780832392545222,0.030067033190451554,0.05108225428219485,0.01142804502674933,0.023882130170113043,0.10400172190882533,0.06499520693185712,0.021229138412089094,0.041502646485775924,0.013193205303211176,0.009872072966479033,0.09848905212929725,0.053882530563894915,0.03492790275810638,0.13565375618340852,0.07409591086879187,0.1662041917637599,0.19782118336799795,0.1783526492068967,0.16692649793098224,0.2676693140691872,0.17242665988606012,0.03694692457209098,0.35121864345913656,0.06673733073176326,0.03738603257488389,0.020852473990956917,0.020260440510464446,0.014663660086368682,0.0379138465139386,0.1685228473579505,0.09027837035666621,0.051382271441042,0.09962558618617706,0.021345194213755338,0.02090684460342331,0.033976603252379896,0.026928547584297337,0.006655808443024476,0.056331601570602075,0.021571897564889014,0.09997601078371111,0.009113539248693077,0.0,0.01817004612481546,0.01272204200474105,0.035911462221180565,0.011163111608475364,0.004135507563695642,0.012206845387135004,0.11795473754941561,0.00813217369146396,0.027666422568793484,0.016566732814053655,0.012151251041057718,0.04652067038070567,0.10426473629382155,0.2806911639228296,0.071641065916592,0.028538988776388538,0.032470407373371,0.0356927725391798,0.058275658572996256,0.01347313872608092,0.21686787410364503,0.2035668131854506,0.18926675383229252,0.11515107440347873,0.20367495940337116,0.06354158441084172,0.05080874152112622,0.0832272707592014,0.029416527398261096,0.026302054886696638,0.033874059591623276,0.011382991766757675,0.02448732073096762,0.13182084455671364,0.09244076883759253,0.016680594545295142,0.0926283346675841,0.04638346958569861,0.038777452973790746,0.11771495272637209,0.018278982475801855,0.018842445696809797,0.18498226252453703,0.0033750397602038584,0.03195249421053765,0.01690757207195908,0.07070909834683664,0.9999999999999997,0.017813555146847376,0.010090742573717181,0.03292031867142939,0.1217128094085818,0.2633006614902162,0.14030705597254578,0.11723492525247559,0.1322586420915703,0.02408155779322153,0.009745510845466423,0.022955062758465334,0.13843379308447548,0.16872073405587762,0.05652990922392256,0.08540524680284996,0.07747596243651152,0.022808425421771892,0.032157774048082115,0.05638182664474445,0.0046663876740278476,0.05521361517947663,0.11766705641559168,0.07846441855739729,0.005928842108177852,0.010207843962526959,0.1033300322184547,0.045575417271087416,0.3126996787924815,0.027797106467256853,0.005379859546944152,0.043924892455126846,0.06102887904798644,0.017241390473616454,0.021924117618475673,0.018989837729258732
1048,0.059231980201643886,0.022983628545371386,0.03407821648968977,0.03316836918953092,0.0956902206833268,0.0,0.030143306411203368,0.011000942040129053,0.22607578635152623,0.04041936069075837,0.06248070514073169,0.03956489919796566,0.04765345782530886,0.08317924611624934,0.09431795188632537,0.040609073600382975,0.02849553700808838,0.17248291616036027,0.01564059462194227,0.036264225686422735,0.08641519736849157,0.0,0.06470278381269619,0.04392499323139832,0.16543222591955567,0.0,0.18008544905508408,0.023943649796292564,0.21524107922153066,0.013549543781833304,0.11271103419291315,0.06136273950364163,0.11289407471404961,0.10294650692123208,0.08251802531174028,0.4394666864041512,0.10030083000748183,0.17227614408445674,0.07266104272303384,0.1924771625043456,0.11694945193914524,0.19658171318594633,0.11243170326142896,0.23971677187656434,0.29623765590236495,0.35489012677098314,0.10524224262040398,0.022888996690076692,0.12727179139612035,0.027330918576227745,0.011246449309593131,0.006037536945759121,0.0,0.027706689043139963,0.04223480373085681,0.006041988351832191,0.045484382606651774,0.014168505362846372,0.03432729990021054,0.01116589741499033,0.037421952979196024,0.0,0.15912458616338218,0.007980749444880596,0.057885330236581475,0.0464239937295772,0.01936525503941766,0.017420528834695137,0.021686414953055934,0.006087971956955392,0.009618238096881665,0.026995820888034257,0.0,0.08851552502050901,0.015089448988374443,0.0779462522131987,0.04696547909787478,0.023618507672768428,0.0045637229920639745,0.0030124912787426496,0.025871807569651184,0.029905415144887176,0.0949003282598299,0.04579718117498145,0.011277383283112131,0.0,0.11212732242959585,0.07766162427964429,0.05224454919862092,0.0,0.06494008285529404,0.11191349213896783,0.0668224434300448,0.3633650286235549,0.1626046553647909,0.11379890028021403,0.186897478879282,0.22181475617291316,0.06489312830020162,0.21473947612506028,0.12900284748458815,0.024668664247451424,0.018927680022062132,0.05106602046252625,0.03315809380179822,0.03261423369780401,0.005447020936963279,0.035600560559881485,0.12666162444582396,0.08660604888710577,0.040938399961880874,0.05487621873187142,0.12297238514288059,0.015501328264268196,0.03375410699485379,0.07992347247505086,0.05718484481029816,0.027448612909619613,0.013539413766457023,0.01725149524455957,0.07197658449597336,0.02854293414599612,0.2768349450435371,0.054233250896301995,0.03248414365789332,0.09741059870223293,0.1389487634178986,0.010628595722454889,0.012568652712126701,0.01646111671824904,0.21673668573519142,0.0207071574831582,0.07437528844791397,0.06227520636996091,0.05988192104490366,0.08567110786798718,0.09343074491383699,0.05440036185243279,0.04889375703867109,0.04419185941238993,0.07187362709357281,0.07708367630530062,0.0028484947646317234,0.05571446509719051,0.12082656454193438,0.022344240321793524,0.017493950646896874,0.11200281283084654,0.06472082814251018,0.05991397546339361,0.033931525612321975,0.1941431585512768,0.020781416337437866,0.27901386937794215,0.031176592772358975,0.054712767584668816,0.14926080659573665,0.04218161522051728,0.022585251296137258,0.03149248180947213,0.0,0.0038551153864233327,0.011842454368856257,0.07416584895714261,0.055172160188937266,0.09940351470535268,0.16555376258755136,0.004511874855649853,0.049940110362934415,0.004445942767072105,0.022227000535574436,0.006682953079506292,0.004448673813358151,0.014421738735839084,0.051704135454362,0.047953535261585516,0.04344608220902783,0.24163871337567844,0.011463495720323666,0.10585447251622174,0.0,0.024415430983351236,0.005351756456482476,0.0972884267404618,0.017813555146847376,0.9999999999999999,0.3560232705023978,0.04361193850220251,0.020506825917569457,0.015421696129129032,0.08628843856628123,0.012475006806060184,0.06278604622293237,0.13727504701772247,0.07881704840971937,0.0465775026721615,0.11094361127381266,0.04550712956686588,0.020595425106324623,0.0,0.014481973383442882,0.006297727855404538,0.14407295300589598,0.06331412119692795,0.16394514600475982,0.3036520927237069,0.11823761683612606,0.07015411350923144,0.00563922197586644,0.005262909379470566,0.08736160717952081,0.008735423966008411,0.034908627178365466,0.048458920032743366,0.02089876197623003,0.023935631783756114,0.05076416808269182,0.018827255474598036,0.09371543511555615,0.17419010351786435
1090,0.07737498326076017,0.10124506379598765,0.045573557592205244,0.04755791262172447,0.13038705997189176,0.06318824034060436,0.08227888221402622,0.06143704210493994,0.2954726055226633,0.07645904006005283,0.08881777980109667,0.1450030951197701,0.10650469449311029,0.1666926393507203,0.09649419403705113,0.03570347765894197,0.0218964732728743,0.30823248663791913,0.05624171464361094,0.06575008644199293,0.15130680295051946,0.011528614117280147,0.09362585729758421,0.08148615744161404,0.25358440472884397,0.016627120531377007,0.24663388287769455,0.06926323837794568,0.3538008141684054,0.04463917989182042,0.08855645725511746,0.07079564224951168,0.2339113176732367,0.2595139954100287,0.1423370739447326,0.4566278816609568,0.07966673031559027,0.1894892111678817,0.08419219230292285,0.23450937861397111,0.13582738973586678,0.3516133249399933,0.2308195409812833,0.31038485879003197,0.3044247202444343,0.4187272638035623,0.11731942238546625,0.0928418892213795,0.13188021984751286,0.05254226444111812,0.01181616685768706,0.0,0.0183235266081762,0.033730105468706736,0.037536994530045366,0.004258211999448024,0.036408990071394726,0.029329512106889548,0.031509149743383244,0.009990590384276292,0.023099771261436846,0.004156599409853481,0.15308481132253862,0.014906268477219558,0.05277554159126484,0.02502036291836819,0.029503033322891697,0.0560912517576175,0.022116999931998938,0.010236971302130235,0.0,0.04263360652969245,0.0059098404149229705,0.010898116571530211,0.004749131709740904,0.006963279843786831,0.04643055309488594,0.005161060964677351,0.0050403811677262045,0.035952170106532566,0.04072726621301153,0.05023638075917575,0.0432882325596304,0.024851510938303185,0.011834639894898575,0.017181672356025808,0.08862578830707915,0.10088574351010676,0.03941221642908804,0.0,0.054409435911782524,0.05735862717735323,0.1393525515451051,0.492654292728509,0.405461403552674,0.18000587626125736,0.10591099456162162,0.23270235780525786,0.14957843132337334,0.18685428095007192,0.1934301541704866,0.015505551592777316,0.02494077690987414,0.014095450268918284,0.030752436938835486,0.01819610091105742,0.015000781140204608,0.049510825083468483,0.0322310174008433,0.07363582530678009,0.016938595875681244,0.048506274700163735,0.07799615049120083,0.016697917830666344,0.025780028544540316,0.14468591893666002,0.027927240919884775,0.004780336867419659,0.0,0.02779192073300373,0.08432042290276415,0.017078004130938268,0.3242265309179173,0.030870798069097715,0.012125976220431302,0.07649213492922408,0.08018550636126565,0.010429234522810648,0.004458813305646785,0.031512739468944964,0.2349032806106662,0.029237466804979455,0.10085317493667262,0.15242499082122205,0.08489367981688199,0.08406080351376068,0.11733876811548231,0.0,0.056569985176041906,0.016702423816911647,0.024411694648964116,0.04879536203802017,0.009448261612740746,0.008937584225478482,0.17974225594512785,0.04194996244954894,0.03867307439727925,0.09395593032337991,0.04437303168137661,0.050203744872848954,0.02538087792885729,0.2255357301280276,0.08154809789957197,0.4120743214683526,0.06541410221642954,0.09527557205255807,0.19578595967370838,0.014767466423001412,0.018254088156086958,0.005295084766382526,0.0,0.0,0.023934671401615412,0.14413658548656988,0.07614493533865059,0.19237705346599174,0.1505797297106616,0.010235821486935786,0.004443910877899792,0.006308678803120081,0.011568886436360398,0.006505166843315128,0.011273028398020057,0.01649412875482389,0.03147248215720419,0.09263308476425074,0.023503164950683213,0.43287710755746867,0.02523840511023329,0.0953691279954435,0.05571299388078961,0.03103592966504509,0.014769471570721424,0.0471313260120451,0.010090742573717181,0.3560232705023978,0.9999999999999996,0.11427768622410568,0.059746857986777535,0.06931145132803494,0.08501304607305504,0.03367358334005809,0.054699518167132526,0.1960686301716645,0.10109488030895614,0.059419801995636234,0.10733639388749208,0.03868349619690789,0.004142198765721108,0.01369003143534274,0.012357828125405791,0.0073055554024376605,0.16973166780069687,0.05273712857650898,0.2459439474704227,0.24243099226391362,0.14784941275166458,0.09812887357268493,0.006454234649761969,0.030056360328893583,0.0993620262914359,0.03153987446895731,0.009979007056460602,0.06226334449125286,0.0946751004315898,0.03313984102284365,0.024592982133566085,0.04242087901748133,0.12232233373189796,0.20495618315955927
1098,0.08620146381235978,0.02630718540376491,0.1817569035193579,0.18743320275647488,0.11991357674298189,0.25951054317869826,0.05220755259058878,0.1578075266146579,0.16885924285799914,0.2052689556837678,0.19687362772726757,0.1351711607730063,0.28986636509941593,0.1350075160381783,0.1528709935137533,0.1400391201128756,0.0378033559575545,0.3211261162588493,0.06955319594270656,0.14128299756650892,0.08181392838014058,0.01669487308072211,0.08460651267066537,0.09272179878415074,0.17458704166200276,0.0,0.10136229136312314,0.03164156771470311,0.14992793508874677,0.006968208810297319,0.10168056022478479,0.03875561115514761,0.12327268440986497,0.13224073004215525,0.17758858434723643,0.09753734880277139,0.030673836053401057,0.06937871013350884,0.032751588003671,0.08404003772932007,0.046380906678787207,0.07510860078527007,0.03649867386285517,0.11668361820509535,0.09696366482179526,0.14238009017309022,0.0439677362148215,0.11030872072781889,0.05816649416376853,0.22795002966245825,0.0873794299529628,0.09448746249410811,0.1147138453650414,0.11277112173900389,0.09578803466978758,0.03990333684493466,0.05089307463129356,0.10668774386735981,0.023101898985636762,0.06266070958543461,0.1055704688595977,0.04682452981561697,0.16563635110505798,0.07819259789264166,0.10709606437828237,0.09023296131672472,0.07776334547873981,0.0931921012803732,0.07129997388091491,0.036727311793141454,0.03344924732088464,0.1503641273499803,0.011672312761236939,0.010645913213333878,0.04530325860610933,0.002666309413197432,0.023173289348715927,0.026089858161289142,0.0,0.0295125317724796,0.03142058744075684,0.06596333244198087,0.05503632897651923,0.020231542188823115,0.03429307506780521,0.06780802542968845,0.003154858713510812,0.037381306935299445,0.10077066438296359,0.03960887736601678,0.00945823309417855,0.01198155354994004,0.27576639589729396,0.10111773678319122,0.16128396398792094,0.07808851797046872,0.06156093426829046,0.0789944105081062,0.08230248607770815,0.08777549551895472,0.06439743693034394,0.02361408454013741,0.010048630777293763,0.04151081054134744,0.00243995981926308,0.0651238308211495,0.013497976177266167,0.04478152403626836,0.0032946764126486473,0.04312463358430755,0.002506381144808991,0.0,0.047585052591431296,0.005690685830185397,0.03451369681072115,0.06549510166233613,0.050991442995176606,0.08192819217380279,0.03588227081643875,0.08781398681387508,0.15908754040550888,0.04706028956672931,0.07597919983612009,0.0029860636214481388,0.0322114571046321,0.052144631768162,0.03183940358956841,0.061184993536127504,0.014095709897031275,0.06002496085699277,0.06410225835095858,0.1696977407977409,0.02297462907093722,0.10088964509791165,0.06352002760984286,0.0774567558232176,0.12045811307572118,0.0,0.04821278847634784,0.03981133610111526,0.027999307870787637,0.021718181228300996,0.039789179683512435,0.0,0.250938864320644,0.022715903506606138,0.1222181681569874,0.19077661063816234,0.03357415841040072,0.014945762189941984,0.03220683385352493,0.0738422384674853,0.09968642240445266,0.07897606807869234,0.018349776598228486,0.032508645706834385,0.15026773275245084,0.015080894790803035,0.0023359227895223,0.00804739884934962,0.0036651094410735776,0.035980135524285944,0.0263448142387464,0.007142272523040569,0.02148778232642152,0.07192849468057369,0.13355188319220274,0.013858513578545175,0.0031645695538227436,0.05475343807899932,0.013857989209595778,0.005697744018844797,0.014015741395280203,0.08419096354171951,0.0,0.04917538006960855,0.0032664522236596663,0.06079287355156522,0.07538874842204277,0.029009499892450614,0.06349785419388033,0.03235247410921982,0.003307103206944568,0.0,0.03292031867142939,0.04361193850220251,0.11427768622410568,0.9999999999999996,0.05033210731739137,0.06922337719609753,0.04435157368696046,0.05749367827809771,0.0057053047179201856,0.029568384426366355,0.11531974823402452,0.07459507094328746,0.031549732135170885,0.017120190799198732,0.007933286014093828,0.008748483546610944,0.002058173909211789,0.02877209188649566,0.08710711184196461,0.014482805053535608,0.12416407634899725,0.169920960767125,0.0194541348366186,0.036216509982169215,0.018628646049725753,0.08710824368998138,0.006915369452490114,0.0032982466189733243,0.008034918394537906,0.16495615277184986,0.2172113181539595,0.026357316630577998,0.03262951797354817,0.2483346650961608,0.23197030438337263,0.18029092284906775
1099,0.15017327229516986,0.06728996414884993,0.06145135981865105,0.02180714307995659,0.17742442362852878,0.061708480503446565,0.05439766425081242,0.14822447693993185,0.06653012049446481,0.07149297592059922,0.1681686751312675,0.1942574660834224,0.0843096647709226,0.15121098754613493,0.03802581438620928,0.0,0.04627267814005672,0.08472113588965229,0.046716883859358335,0.03649609088772027,0.09129857649322558,0.0065378026561772416,0.09297541208930105,0.045394790624679576,0.14271511113559435,0.014091632823007499,0.02624159981485462,0.040486110616267106,0.11899585355545184,0.018368294936238035,0.02928215857935893,0.10850563089479245,0.02305939836773166,0.07454738762829298,0.037893031534637266,0.07511635467505894,0.025758562168927752,0.05152127320421529,0.013742589530409383,0.017506082592234646,0.08593083751470058,0.024057975873038536,0.10347099685949145,0.04813626373773837,0.0919418887989391,0.050476423866167984,0.08200458319183913,0.1745367145772368,0.14250850433085213,0.1756444726030082,0.003372532531326964,0.0056467852166334825,0.0,0.015081261646690151,0.01786417728709939,0.0,0.0036707208739925417,0.02252243456401192,0.010385482074053435,0.010017584334834694,0.01810529969379679,0.05186550189233033,0.05325847124781528,0.021761681573647787,0.013654653372454119,0.019600941421282728,0.011095532624516277,0.0554472095831596,0.013558244264505925,0.0,0.0,0.025792264523885534,0.019158709803763538,0.010049367695771706,0.007315192412834712,0.006666317152515653,0.025317932150022197,0.0,0.0,0.09169967635057605,0.042377219183457354,0.06129128328377087,0.005884103114601923,0.0,0.009719851296371191,0.006846935616250671,0.02532570535678238,0.14605383887664658,0.024568015235451754,0.0067789546229457005,0.01576437359912789,0.014173276298426418,0.015560987612376138,0.05387135837041297,0.031553156258513466,0.04585523219909387,0.0231770862557373,0.10849712975410736,0.021355487833179535,0.005933396537669947,0.09552717927463288,0.02431016190201614,0.0,0.0,0.00594999800968964,0.018802326784396424,0.0058191376504130735,0.03352184062640412,0.0,0.05762012793711736,0.03884078345742974,0.0540529978323569,0.03410899845524154,0.04335045232089534,0.05298475939704753,0.04862451531285565,0.1044245798346057,0.004804982192750857,0.0,0.00694882143829365,0.06866465056101632,0.0,0.06746670684150474,0.029986256384777782,0.0475184611393185,0.018625343492924207,0.06575561474982214,0.0,0.016319085240276116,0.0,0.02518514201520706,0.0,0.04176052793390435,0.04372221850349153,0.028534170138638924,0.005007314409817262,0.0,0.0,0.00510862982594256,0.0,0.0,0.018896991890740247,0.0,0.0,0.03820451378702866,0.031388625821864,0.010684896777700372,0.0861523698884428,0.006723533936965226,0.03693989656528417,0.09183004830113484,0.06943379612223366,0.06018950954984618,0.06315584108675211,0.019659666654730477,0.019927180591065043,0.11212306620491631,0.07975784904468175,0.0518286558863761,0.018952665908510892,0.09218277391053167,0.09500547809210443,0.07637003636289103,0.0771196108948933,0.04133599064859873,0.057957534851190984,0.035564830357765566,0.035978324005783574,0.0,0.02618938836056171,0.04379912349163245,0.040465410890134605,0.01649785482733838,0.01105749351195369,0.026231710475005644,0.04698900313774725,0.0,0.1774324007988478,0.0,0.03523939712931144,0.055790488597172706,0.0,0.0,0.01702639580248276,0.1217128094085818,0.020506825917569457,0.059746857986777535,0.05033210731739137,0.9999999999999998,0.176044958946511,0.05331206633227323,0.08510620596289645,0.0,0.03872063638136224,0.007285182980433689,0.017732970853541564,0.05678139537413746,0.03740230671970548,0.02221650563527107,0.0244843802580409,0.05498661397581501,0.014104339233339282,0.012954608550123196,0.020424078926895232,0.05221069394657484,0.09618849526965399,0.07505010965182872,0.04998696781935005,0.0,0.0216414724095738,0.010621240195700016,0.0293970674368094,0.03472307984668201,0.006478227678701585,0.01295401121980693,0.01525927629821654,0.014702696837229386,0.0,0.006615333016433453,0.03944465577374462
1104,0.29890727813784157,0.034367728655714136,0.029460692072866154,0.0480014548646789,0.06390575176193286,0.035400630973756404,0.029829318618273686,0.08262956546281044,0.08817197393697591,0.07178940891378348,0.13438867755542924,0.19086983291547688,0.06024691378889127,0.07668392131770366,0.07337332493986556,0.01983832069979785,0.05772439434215797,0.047182162484377836,0.026559814254821727,0.06129938247673756,0.08426093407483534,0.0228352169099642,0.10572339218866365,0.052431228806267396,0.1968805286121179,0.09923228306770576,0.033578110444967064,0.03483633195641119,0.1960821292412203,0.025166930059533146,0.014298306619887648,0.301430188352417,0.028107127846672842,0.027231951686368206,0.013169848314982514,0.04067353631011903,0.09847286575817153,0.022207353677962664,0.0,0.02228379476110884,0.10278358682241177,0.053085010342815916,0.07898474487895916,0.08034669241163339,0.07170153639641014,0.10547576814117457,0.08716233588219496,0.17052120134505658,0.11604708613126107,0.06498564546056111,0.016476333833319222,0.019102786929991844,0.048990339244639226,0.03362299167575237,0.05451191063448869,0.004197161413933635,0.01964414645545941,0.04870544318260031,0.049407882437903984,0.015314582959735803,0.04065235121216149,0.00927480455526411,0.04679115836879836,0.02525424311691652,0.04340087806334665,0.02170367044168904,0.03254546147664833,0.041766480036565266,0.01916646937953632,0.018717965851038396,0.011027834032985795,0.037368513690383964,0.011728339767129883,0.01405021234004875,0.01265394754236715,0.004667025506233847,0.054182469626734925,0.002468970154492645,0.005055740040633906,0.05519988020261291,0.019344234082656925,0.027171890722771846,0.05962217373978275,0.008434983463163931,0.01671722925121076,0.011062169838173428,0.0033709239997520507,0.2346683044223243,0.1589997992821518,0.011388042262475114,0.05722361987704196,0.061615641505799144,0.028800940877407415,0.027308140978399773,0.0287172407867107,0.04316928256479983,0.009465384909292291,0.043183185581456646,0.02588645509078431,0.024037232569355967,0.03140384760481552,0.018719563330982063,0.007431977113371992,0.01861840391004664,0.021943585329037542,0.03196992251900771,0.017357788771835404,0.05543176291051012,0.03975303484003208,0.10396636696491195,0.19906890093688007,0.1339310268900375,0.05878725683903642,0.11710446223569469,0.1265393675067258,0.042731969499994776,0.2045728536204593,0.10308622468839787,0.0077910734122818,0.01673617734093773,0.03884014564064325,0.014989194485806195,0.07245847208642653,0.0898525918393169,0.037958106907502585,0.046806891776564136,0.0829716387921038,0.013438203394976443,0.01887246817566363,0.01703287495404418,0.020277461978770873,0.013797057142158071,0.02209141120291441,0.049456315719229024,0.06096265006922359,0.020154250593027258,0.010653646125103607,0.004304981220563938,0.014244776858822437,0.020225775294968946,0.0024661218741136403,0.010890709820120562,0.0,0.012716610263013897,0.021856771911936558,0.0035558871379088256,0.0417910637965359,0.04787880727174081,0.010477800014794413,0.10314328938987904,0.19987363974579578,0.04283676349194102,0.03222823631900443,0.044240391485007906,0.035958392899765074,0.03946752385452432,0.042163449728423535,0.01087917852802808,0.11985336449342358,0.029102479643262315,0.13738882722890025,0.1523008321422962,0.08631791115392291,0.06764460931277679,0.03675918464360047,0.06046947694461376,0.028456062243154504,0.03006332607378389,0.0,0.013854415994558264,0.11527165691377038,0.12029812096208607,0.05344402209051058,0.2229385272757347,0.04669518973507615,0.11695155190530426,0.0996021500274501,0.03937475526233176,0.09421639989349295,0.07547745854993834,0.05631216047395128,0.014749546065771321,0.011203391158938376,0.0,0.2633006614902162,0.015421696129129032,0.06931145132803494,0.06922337719609753,0.176044958946511,0.9999999999999998,0.08306772247436749,0.11062296211013249,0.11064767559408978,0.05358833300502118,0.01106358233578417,0.01830091740839099,0.1282770072755725,0.14492133646074784,0.09570236562209475,0.08659892508474185,0.11342536517176549,0.045907149004938454,0.012408354849624638,0.028173435495429534,0.008921509011947635,0.04737940280345958,0.1152816141321689,0.08694150715011563,0.0,0.02626814346701098,0.03983682870894627,0.009373971650744689,0.09145708793660566,0.02012464555671437,0.010953881941732134,0.033735368282127066,0.08385207992900637,0.01219710103043503,0.04543833936355071,0.02692459833122117
1116,0.05348694811018716,0.012597044147389635,0.016798694321736966,0.00813696938042838,0.0953465036518998,0.018774367528381013,0.009625373009365445,0.03177908436156387,0.14122653853883038,0.023537000332619074,0.02004800406644849,0.07346884678092602,0.05623587084101968,0.0285185601698316,0.0384657221986962,0.02737656244851802,0.10015095673729066,0.14524603698523614,0.005222864576320903,0.04236340861537972,0.13393573302096962,0.006784552311382288,0.04053183925465434,0.030834647680307196,0.18261971732891927,0.023230496646961696,0.045640512031684496,0.016062953258323565,0.21345244526050283,0.03398338508225715,0.057951314513626465,0.15102641943678569,0.06498509332258003,0.040699536085048824,0.04476744143361806,0.12000943207470001,0.06321843670415248,0.09035786161338341,0.024080471293816567,0.12015523367295254,0.16839011070599444,0.1200329700667173,0.15930664907074116,0.09693312924265905,0.16881620833185687,0.15050718763473553,0.1309083746703111,0.1983492398070368,0.17621051769750512,0.04204821844596492,0.0068202813023170265,0.014211403558838806,0.008526761369615318,0.014051929130874502,0.02050513669161087,0.0,0.01340984513346347,0.001997934142260812,0.0,0.0,0.02001139069101244,0.0,0.05270198445138227,0.0,0.031444418475913366,0.003696636807067473,0.019746802481994563,0.023683087142142605,0.007418216121163938,0.0,0.0042472379390560205,0.07995907683544856,0.006612488694109736,0.017455399077118124,0.011179219854062825,0.02210323144636266,0.03861886637572747,0.004752792613010525,0.0,0.0184628918511604,0.05404913330520292,0.026839839334960154,0.055397736942528156,0.015228134755174637,0.009528068678268574,0.0,0.11135975947291749,0.16466599989497074,0.10844798232301689,0.0,0.038831162938397,0.12700991351427549,0.08648021142550189,0.13926960328911125,0.0911680251640309,0.08741944068712411,0.04541226080726944,0.06813168531414797,0.16544800084931163,0.10212062899869265,0.04064449255691707,0.027227525764791923,0.0,0.01836662776664552,0.013064840183781061,0.010332978425279247,0.004592024956271703,0.022765077039345265,0.026571970423976576,0.175136613365107,0.06715891377855483,0.11571249605298663,0.1838406195784257,0.12902212097433835,0.055676727957605705,0.0806422790841486,0.17379008860491246,0.08283821052760329,0.0,0.03799528142881579,0.022444101673829164,0.005383133749105085,0.06983326282506243,0.0769465252627204,0.1123684034483422,0.06885467679642406,0.15305396135101088,0.03567450935250437,0.0,0.021641149358564843,0.03819760918070326,0.005670143924656748,0.021645498007314294,0.05758726616020043,0.18649440133349665,0.039552102240904045,0.012761961096696535,0.008409746780444012,0.019573550948199098,0.04937438870214065,0.015977584475131156,0.1866883747376908,0.0,0.00920686042846192,0.05871043506195925,0.010622664572656891,0.02201302541227568,0.05246577871132706,0.007557589558273256,0.05957779863952205,0.10753485470980675,0.055607781423679434,0.08476280545781206,0.06542468512906292,0.011927407568522699,0.01313269715096094,0.0466970386539226,0.04024152792053585,0.12811900143005084,0.06927588919302333,0.02782411987502051,0.087388049794067,0.0988182138489994,0.020243151463780123,0.025763514608399797,0.042684247970790054,0.06527530020474512,0.012708165075937748,0.005763341118601938,0.005668042170393419,0.01634580465351195,0.03676677453674266,0.08035434766248009,0.08787824704069669,0.010848583974236181,0.09195025250973096,0.06461801775558261,0.05539758395733377,0.018380968539683778,0.28281161861621845,0.015444975077455316,0.00449044449178447,0.0053226074756202255,0.044239688206439545,0.14030705597254578,0.08628843856628123,0.08501304607305504,0.04435157368696046,0.05331206633227323,0.08306772247436749,1.0,0.21978976238954273,0.06987204458280945,0.09474345443068194,0.014432951212835339,0.019371458376554476,0.10664253124615562,0.05239343771887702,0.0,0.01476321453495736,0.00756070732420783,0.005032596364476716,0.1291046909737671,0.06692902766221923,0.015213934549364153,0.06452126006539241,0.13485523263693652,0.03593221813626128,0.0,0.017132788385629514,0.11212076822490323,0.010669790065269774,0.09273394705048982,0.021435566386274398,0.0054812289354751005,0.0038967778457319408,0.10026037508231601,0.0,0.07249034902173619,0.07809311610451397
1131,0.12572637888835314,0.015212966751903761,0.03131266526948558,0.0,0.0312704858508204,0.012525398485986656,0.032054258358625534,0.019591962292818385,0.04941930779966206,0.030236004579542036,0.00721674320082253,0.06870002549742431,0.03857224490998725,0.025166752810875253,0.0011590098207062815,0.0,0.2438813258989172,0.1605763957018787,0.005184353052282111,0.05588141002797372,0.045634515525197254,0.0,0.1703920714789645,0.005379005181675587,0.04217375132064563,0.038117409835896024,0.024864952379953405,0.007689015244130525,0.15740845193070024,0.0,0.009301678608878318,0.1710228096267009,0.016577477690146662,0.042875374393713764,0.1191609915341826,0.04885395556902818,0.013778577303961497,0.05687837381164436,0.021685229892616113,0.015865014292766117,0.0999282229564285,0.030479152851931736,0.3165921316141029,0.09278685522250593,0.056956711167719186,0.034394357639193546,0.10527080183540057,0.22466068022711017,0.1457168869124622,0.12017839449377954,0.0,0.0,0.0,0.0014038444434450478,0.0009861372380319255,0.0,0.0025094753399283907,0.0014110169397979382,0.0,0.0,0.00173356290626775,0.008992797081997784,0.012345515202759706,0.0,0.0016331680416903835,0.003923812445574748,0.005754739561645362,0.003601183122512037,0.0,0.0,0.0,0.023603653306150142,0.0,0.0,0.0,0.0,0.0,0.0,0.0,0.0,0.0,0.030861581459030167,0.00929852773685792,0.0,0.003032009557107031,0.0,0.004482235747662654,0.09359323248227017,0.04191423871841889,0.0,0.006201730248008711,0.031031003708138574,0.07261464210869745,0.03526266407461034,0.045537338500456784,0.026484013301565613,0.0049337064510879694,0.021233264290031046,0.1861815215176555,0.013147540406526215,0.03626445240596527,0.002882268113092607,0.0,0.0,0.0070296308019937625,0.0,0.0,0.029373860379162585,0.0,0.052159413543703015,0.03915231838826651,0.02046365222382631,0.04161432126622021,0.025989266168658674,0.03976357942240214,0.07557109604859734,0.20422140632499225,0.020305646513788852,0.003826385301577415,0.004932215684431463,0.014378161813086507,0.0,0.03660327897216301,0.016909396360415132,0.027073553550321473,0.008576282519142024,0.03036610573828378,0.0,0.0,0.0,0.0105102323762972,0.0,0.15606345716536,0.046945560769819844,0.26962696932960056,0.03283513795673362,0.0150138436467599,0.0,0.0021987423015020803,0.0,0.0,0.014602668121902604,0.0,0.00925742443064964,0.008063358104777764,0.022148727069084738,0.002275509150577143,0.027898687694643938,0.003755949516039544,0.054712701107593215,0.25441837976946563,0.08082639444610634,0.05118757645556112,0.04195889276258869,0.020770982385899507,0.07461091130479419,0.049204968259068595,0.0,0.06129666750509983,0.024474585547863227,0.11098589948859877,0.086808396768122,0.272873131606117,0.01048053309253124,0.12539913051766105,0.15323243031097245,0.0027183789853972634,0.004863346408868557,0.0,0.0,0.15048708846659098,0.14177342181808888,0.13430085790161597,0.035943908610385135,0.004066434597413005,0.12236951034905891,0.012903069934651283,0.06612895715335593,0.0,0.13273619363117653,0.032139058911172594,0.0,0.0,0.0,0.11723492525247559,0.012475006806060184,0.03367358334005809,0.05749367827809771,0.08510620596289645,0.11062296211013249,0.21978976238954273,0.9999999999999996,0.042741541605556904,0.07751691376560259,0.01107831266080643,0.05505262141530079,0.0,0.035109501843306884,0.1033644695795645,0.03647303187794616,0.10794168627647624,0.12386937009594182,0.024634920283745435,0.007276722776726498,0.0,0.026240133736193688,0.004779466777535244,0.1362886015655195,0.0,0.0,0.003845737434813356,0.016015289759010082,0.05310942464826383,0.0041361257484540705,0.0,0.011189282107935848,0.01678861744379306,0.0,0.020310339881779722,0.0
1186,0.10776318209350853,0.00470199135512895,0.0,0.004714288824657583,0.04172402641566059,0.0061270730796981875,0.0,0.0,0.09672160967463773,0.01890742628969593,0.046056291387963105,0.0031599143017353912,0.018996568310302064,0.025691056996598637,0.052152298401879606,0.005872119810870272,0.005221164508959078,0.04200994145682536,0.012433748619568502,0.022637362567710973,0.014119283251147157,0.07314767664705299,0.02552240925092345,0.0,0.07496925158667735,0.04333950403669512,0.06751231728624478,0.0,0.13226052781088268,0.0913511473137047,0.0,0.08714015157780047,0.008614352414513669,0.031407436581394846,0.04692203086182401,0.1028599199802748,0.267772507543421,0.03934277881520442,0.033156380858791155,0.020877672141479134,0.10760913129817401,0.023663981572105332,0.059657893180119284,0.04986459323573706,0.07382819234914023,0.14835470555735017,0.3059299062784201,0.023788914365819435,0.07613245114388202,0.012127438131185948,0.010654409841140602,0.0,0.0,0.03482500101528628,0.03143019633984359,0.030207564808256253,0.05054332905456729,0.022708722298253183,0.03011627685980089,0.009348656390959546,0.018735675582819883,0.0,0.030976316806514106,0.0031652690685670167,0.07114787953753623,0.0,0.05639882964166278,0.031921718028228185,0.01965665666148535,0.007818564842104041,0.0044709430985526,0.05284372756327435,0.005818366238819856,0.025906279534494637,0.011245633906398569,0.051321417705915987,0.0987876771021213,0.021436440117881962,0.0,0.05005112113421726,0.03602868244931373,0.006824446636301372,0.18109382948124467,0.03821468818790932,0.017137068552923657,0.009211567114146637,0.09548397788317949,0.2671853137181828,0.13691671702227454,0.01553799883515976,0.2508471600528302,0.34044628252266423,0.0,0.05229199047091362,0.027492217275461334,0.008710488024295358,0.06670845746126602,0.13137700467300864,0.008203328635689238,0.04369830115676033,0.0,0.031660362349451236,0.01644252909059044,0.03975755880689403,0.08604696161175261,0.053596583202160514,0.0,0.078229871703245,0.22871040512334376,0.1625276640336357,0.2045993308687282,0.258779166450692,0.22274736243309912,0.1843572641398163,0.05764605436013508,0.05143044925792917,0.05489841466999885,0.055224675724154584,0.02027101616010056,0.017367959518959763,0.010779894668910744,0.024540357383724565,0.0861337147263257,0.29817568813602185,0.20064659923467704,0.06313066505315948,0.2040670656221666,0.012814873447816413,0.005938801350692589,0.06493663048866602,0.02114957292813275,0.0219658541711969,0.004681647337420892,0.00977177991866229,0.057753760098709334,0.01023502649008668,0.02062460653760382,0.021047412089068417,0.011893804466232153,0.057032574118505444,0.036351531326781025,0.028460796511141105,0.01158496547097959,0.27529210902694734,0.010903010637059573,0.08426735264056288,0.06204072585594881,0.018614094607103667,0.07373076252449318,0.09134742399939846,0.11358530879785296,0.009305890884949007,0.026951912094611,0.04783967404057055,0.07758403056651678,0.00885070575415288,0.0230007404526196,0.10706613766864737,0.22963109483231656,0.2092519646567871,0.0,0.019274520402859013,0.035936219804711796,0.04148017858404318,0.0,0.005886907484761558,0.025977841731591043,0.021661887892202296,0.013501997760988435,0.006549009788968522,0.036995696975479685,0.039416574100351334,0.0347643855321976,0.03724286460561562,0.060091557584007624,0.059887395673301196,0.08357303022551474,0.04213412636645041,0.025776291326857055,0.107917825817143,0.0,0.011759010421956267,0.01974902295925772,0.21181456933523812,0.1322586420915703,0.06278604622293237,0.054699518167132526,0.0057053047179201856,0.0,0.11064767559408978,0.06987204458280945,0.042741541605556904,0.9999999999999999,0.03567715842723738,0.023373806669585533,0.013304383139266109,0.1675922015911086,0.04086179529451124,0.005511286440867739,0.0,0.006911212296728262,0.006465186648692919,0.053867752721210554,0.0565733299627607,0.05811672877936924,0.03479248153683542,0.23098789389909397,0.023653237829953336,0.018141032708153645,0.022827583957852834,0.06439026181098728,0.013508729032207307,0.19581670730149464,0.01200010238400391,0.012051795635424082,0.011730697733294935,0.05798910452669859,0.005474329053834694,0.00959853858019236,0.016798776677892754
1239,0.04355767764074344,0.02086599221792955,0.13411363041750646,0.0027620672396645135,0.06158733119475306,0.028631651567717065,0.06564265237219964,0.07461936133962128,0.1811232610248427,0.011152913523861774,0.04237392307106682,0.03899678494689989,0.030723333566730994,0.14889174799715313,0.04863766363001853,0.0,0.03928617468841718,0.25306263273804513,0.03084641959391374,0.010802496138719284,0.10681984894223395,0.0,0.0593717643877025,0.06817810628248767,0.08640077560084093,0.023592035661726418,0.1000180045703335,0.008074658294363723,0.15032912219650868,0.030104395493081616,0.03347728787590951,0.04820445398736634,0.13513626838144674,0.16742069332845627,0.15175098887524807,0.21205081959070296,0.06228436706331943,0.11456697821412526,0.11648422381521518,0.15059806742786844,0.09077778371856475,0.1847250956845335,0.15627226452878926,0.22474670262067373,0.13916727955326774,0.184207549853764,0.10349948450193547,0.09291070917418687,0.16435722023097377,0.030062086748539173,0.0068885972462335385,0.004776710513455673,0.0,0.011499269285148463,0.012322203013913072,0.0,0.0032978559525043876,0.006205167254078535,0.01068836169695217,0.003817877652036181,0.006476355731039191,0.0,0.0631046352467991,0.0,0.04329943661145084,0.010122511923926165,0.01849884404669148,0.02112116160162458,0.0,0.006436317746802638,0.0,0.04068166791534421,0.007109899388646375,0.009168241057475171,0.00613021201084727,0.03567480021509203,0.04802042585212198,0.008562797461092397,0.007571743850606639,0.010399898550918654,0.008474353692831244,0.02480182538844246,0.03171129506709302,0.03300073343754643,0.0036781249316135164,0.0,0.021397688241639096,0.04007251646824297,0.016936395876770045,0.0053592819077198615,0.03913123233532364,0.08955167710993994,0.09093840230994688,0.23048492000313908,0.08719832502990084,0.13746498070757074,0.11958342851962742,0.15001535203351846,0.18941717544815614,0.11837195094301035,0.12910286349434894,0.004222341908420945,0.01604760602119309,0.023312971731380295,0.004973093742983443,0.014272259480035018,0.0,0.02399654699620601,0.02821648260183312,0.05816978932289785,0.07809058387399762,0.058236885724375465,0.08936721436473304,0.0054924052332357785,0.02048884150820938,0.0791053526265404,0.026130328394981937,0.0,0.0,0.007900700823481866,0.030040066515584614,0.012971991873122162,0.1687310532766856,0.03544294260392636,0.08286786806977198,0.031553207347080045,0.06507877479766312,0.012284961770509877,0.0,0.017864885395365255,0.06892464900188561,0.00592473625647593,0.11981889246556604,0.10256471171140741,0.10906526263703101,0.12343948435495997,0.05652358761234609,0.006696524226836068,0.022809309220595667,0.018297851833906125,0.036415351621525274,0.024888949835250685,0.01056969383367361,0.027682519650634486,0.0482636205957213,0.01748388885441146,0.013636767724760173,0.10496296971390966,0.010002611602448409,0.02371272582574089,0.05574911346580044,0.13491219849517538,0.0837343889896679,0.13773982108578023,0.05915398901470824,0.048641334105415615,0.08535938372682308,0.022350018716548334,0.08789156849766237,0.008481471056276554,0.0241672088711197,0.057903445723636274,0.12049264443382277,0.1363988305610884,0.12753725970366647,0.07949204754213368,0.0384551604315597,0.014041488033023101,0.005416853444581219,0.0,0.019524087277213404,0.02066227719669338,0.016014806096357383,0.003640008718379413,0.025043853746677065,0.056039204315310606,0.024005622775370838,0.13025434928957424,0.029216351126051355,0.1843237370142565,0.0,0.012488376160612626,0.012168009557452968,0.05794464992938306,0.02408155779322153,0.13727504701772247,0.1960686301716645,0.029568384426366355,0.03872063638136224,0.05358833300502118,0.09474345443068194,0.07751691376560259,0.03567715842723738,0.9999999999999998,0.026253266556922783,0.04633921867542149,0.08716691450352004,0.036027330602602055,0.0,0.0,0.028612202196929448,0.0,0.1385024644395941,0.04463354574173188,0.09871852977559015,0.07569441846996396,0.05836785628717095,0.05918421533559523,0.011088277009139218,0.005425637059489258,0.14132323354236387,0.0,0.020409430386142086,0.014675632131609844,0.0059920782209850285,0.012944112121531803,0.08471104862408933,0.008722435863283607,0.09896177410032451,0.07902576100695302
1243,0.016665002346297097,0.009016152193218017,0.01794025480410381,0.21976620315155598,0.08807542190773217,0.11456349287423484,0.026844457389185224,0.03701461165457347,0.1272011797950713,0.22141797111721043,0.06654246167393546,0.07374130005278945,0.019012932654694135,0.03246989600922409,0.2740889538824383,0.10549830000204558,0.012473743068831568,0.07550039439733741,0.13582628556641954,0.0797137034116983,0.025651338889551765,0.09820024582059915,0.04528515633690637,0.04601243236545409,0.08778955932910074,0.06274434534822829,0.10260161950961011,0.03281872113047557,0.09659708575756978,0.09277860220148422,0.046720317394856145,0.019579708936347456,0.041059794918444595,0.013751261854162321,0.0052252108028372655,0.05343455686754571,0.06531520852330919,0.013851022821255995,0.011295960307562358,0.05944350367316165,0.032383599077410785,0.029921159459506637,0.004821905393628298,0.10915461707067933,0.08838729405520951,0.12906792020068847,0.05865239845272104,0.0096423053880016,0.03499666899907062,0.020244141756260974,0.12450250031406483,0.0475015030458496,0.05525261885490853,0.18052344893891842,0.21626313558368598,0.06050349406418746,0.12899843063096933,0.18306651826386716,0.07331890193999771,0.10395936590978921,0.17913566555772611,0.04332628970412298,0.2403697064635192,0.120095515707442,0.22037708180805632,0.104776067920032,0.1407844461310524,0.15916295135023267,0.09737551718815282,0.06563469825711256,0.05720326089303895,0.15579910454892398,0.03674919258562105,0.09375036314444235,0.09472315328795625,0.10311704891014815,0.11413266534532789,0.09490002543858302,0.04129137751387984,0.10197492173273008,0.10789297684233085,0.059630267983961906,0.1590859947679712,0.07868411420323483,0.1402113357580554,0.11420407727439227,0.062019765745211675,0.033492659366986255,0.061379907006092624,0.06310690502786537,0.06831373609456183,0.028762027046275746,0.053820709447792936,0.05640418883412035,0.09022806922249002,0.0465647651052356,0.1456335864744327,0.03871198353852863,0.00515859953901799,0.06044901898428708,0.016501488725717686,0.04566897201247225,0.053953184038287604,0.1194464990566879,0.09554083246600523,0.15122415277558598,0.033837303958391865,0.054485994373894585,0.10757382993891969,0.08465052397561003,0.0,0.0,0.12131739641514555,0.0056272181148363685,0.033525798004380256,0.0699597774759537,0.020849161001584796,0.018177808398564418,0.07277521036513832,0.12743578121412252,0.1443622341225507,0.10085168079275539,0.05124771289492887,0.052537000833249456,0.04112506954342692,0.13937354079618192,0.061281483958894635,0.11226654544234531,0.07504363426806442,0.14221981679163576,0.08863834212433336,0.1208277918143629,0.004886498339609474,0.05531783225263415,0.003330587915500273,0.04386142361046076,0.019183189136634145,0.08107690135386822,0.20150259872925108,0.07442490438193422,0.06208500603738489,0.038378711200357706,0.06578642515756644,0.035862893068712216,0.17986842069232573,0.0831076744670601,0.15914920690915418,0.09499099398772372,0.04546993142384907,0.016118067706196188,0.0164127546490903,0.04294067723757063,0.01681615438654438,0.04095992392196833,0.0,0.029407841756474998,0.04218801550512943,0.0,0.0,0.009893369611448766,0.004728188707826581,0.0,0.0,0.03378043092660652,0.01719944124898642,0.01045615669328439,0.13133241347901406,0.07375590195518258,0.05063921045826595,0.06659369842329778,0.007970760803973631,0.004819503639399205,0.0,0.022787258662065185,0.08724290156193104,0.059339934683240864,0.019750796988979066,0.02564458908522626,0.08474214913559831,0.03520970644963003,0.027857282503831318,0.08119583534105551,0.07111430289402082,0.05696339757244269,0.009745510845466423,0.07881704840971937,0.10109488030895614,0.11531974823402452,0.007285182980433689,0.01106358233578417,0.014432951212835339,0.01107831266080643,0.023373806669585533,0.026253266556922783,1.0000000000000004,0.05204455743968981,0.10402647935740442,0.01458319634089876,0.02831464961251809,0.007409101099142197,0.0,0.014220142352249653,0.07067177920220143,0.05832215434008057,0.13782686569795508,0.13295490356806972,0.006147971660176966,0.022812836865735237,0.05691528904500005,0.13803472339528594,0.010857016904122413,0.02543060480404923,0.0032999660291122765,0.18856458732990866,0.11169860898880501,0.008540641401918514,0.016151587403201946,0.12505105801757505,0.11040504502760451,0.15536303800739232
1244,0.0697028835175186,0.013134539986460678,0.03573096037916509,0.04075791570324397,0.020425451321838883,0.08177936552361247,0.05493595620386543,0.005230340516281842,0.05624698093980647,0.06450149857991118,0.061628643337066545,0.07296855415791483,0.06748773140493919,0.026278732411050186,0.062175009304824246,0.08481116796763744,0.016096128814728383,0.05861282907313014,0.08438691059672887,0.15382499768879093,0.06399379268009808,0.045412072748182264,0.13990084289047272,0.06208266638505419,0.08566820614834807,0.06734781004004352,0.04062034442087048,0.023858159330871605,0.09132026364922011,0.0,0.11210182623446276,0.026832957150665353,0.02949929969604547,0.05466727198478625,0.0451311769083036,0.10513990490916421,0.03181126234348684,0.02563385545302878,0.13673333446706146,0.044012933437971115,0.11963593108322931,0.025459102429461075,0.02334195161751963,0.24377696984756622,0.04312557180521669,0.08956131426908137,0.0809235130340398,0.02197046590482159,0.08208579941198058,0.020053378866660757,0.043313171689448614,0.05647107178509781,0.02349920912014304,0.03142496815442904,0.03846810407186607,0.0,0.052451694459599726,0.036453552365137504,0.013956822751843572,0.02256953171308053,0.04903249013097126,0.005418037472568647,0.0905535802936036,0.04464989960145168,0.05484698562732913,0.025758699028162035,0.0514292761179547,0.042139062625089714,0.023790645808213117,0.0,0.0,0.025302016191227253,0.006128273503464586,0.031912547554545916,0.03546825912228357,0.041553427311650425,0.015957461906275446,0.017345745416922697,0.03022696904751665,0.024870079701965878,0.03583932191738008,0.022769814498915665,0.04783336625261577,0.0453097879893954,0.01261500225231923,0.028515310701949993,0.05001041466500713,0.020916156278796876,0.03766000388848856,0.00994844097061615,0.021588812115984138,0.04468058270184567,0.027704360485358064,0.035219299082013496,0.059984152285170844,0.06298980182694988,0.0,0.009951364903662337,0.0337240351668082,0.09425648424238722,0.06222411025906615,0.08225505606848163,0.007995925758706716,0.042650857329725345,0.028592639956213993,0.04567613918345996,0.017735191197590514,0.02717957744604478,0.05298263797384732,0.04208732337332507,0.008066642143343952,0.039591826258046935,0.05646262926953362,0.02548254786399233,0.053837242086298226,0.14741390910451965,0.01710269895194922,0.026065833769469034,0.016006212876653242,0.03277301540757904,0.005766867500463602,0.023406275177964612,0.11192806096054361,0.03405867343160777,0.012969117272034428,0.05210556544084375,0.06759048614928119,0.032876223049678646,0.0049050631792331,0.054653961972170144,0.04350874297422321,0.01358332888504579,0.10449902799135673,0.13410632463649738,0.08184970912662493,0.022108334305394786,0.03566393254533985,0.01982719613453191,0.07612843089233871,0.02442752628271071,0.02999777661253397,0.042898717452284865,0.008224633765924482,0.004025148554831168,0.020427503038054594,0.009235691231348184,0.05345286370356658,0.017691209654473954,0.029749181045121212,0.1592715240639508,0.03076448702936783,0.04543299753111547,0.10680045726590723,0.1049688516749301,0.13951612701867735,0.22883161171988448,0.019460458648260043,0.005044983802788967,0.03234065604821611,0.024957812047655112,0.0040968591865551416,0.017682519225770695,0.023505054218853138,0.051188332635089116,0.03101306893724978,0.20230472135731217,0.11656182531588097,0.008240845251929741,0.012023790269232603,0.00603689242444348,0.06622912363950317,0.01741870627271332,0.012070754261852557,0.054958874223606485,0.07586293186294801,0.15186084787522283,0.060331266489891594,0.025450937520187317,0.030444391720619097,0.07281147709944022,0.04767450995660431,0.004881581466014636,0.025077516080693994,0.006305051268123555,0.022955062758465334,0.0465775026721615,0.059419801995636234,0.07459507094328746,0.017732970853541564,0.01830091740839099,0.019371458376554476,0.05505262141530079,0.013304383139266109,0.04633921867542149,0.05204455743968981,0.9999999999999998,0.03723552392147519,0.10711288507607349,0.01968581851018228,0.05131906668362096,0.08477086139083712,0.10473392445311197,0.03190045050502934,0.02810031094159028,0.030199000009370338,0.025587232696880145,0.034557615843482554,0.12421652673690411,0.06623909225543008,0.1697764757336559,0.07364696205200566,0.044503198860191245,0.04484596450360536,0.01372638389688782,0.005304071534917805,0.07000183940719451,0.0927900074279,0.006479052406171876,0.016319878176585437,0.043631806960626365
1246,0.0782129446194228,0.01622199564576677,0.012155858538449157,0.07262927093245712,0.09266339117550147,0.020372439350647274,0.0,0.006695663119680758,0.14251013954652927,0.08950988277204593,0.008256707966430596,0.031222477641916407,0.009091593215299806,0.02929843930860354,0.19532369165448424,0.06775381856940019,0.0,0.044603260473671594,0.03477910246404209,0.03697465921518124,0.06190259480230954,0.05228749021888478,0.04924504021284454,0.013583366365619234,0.13776104654666504,0.014837634680797993,0.08647751072630477,0.019883858014788855,0.17497187124644006,0.06649117730204147,0.020483355495034196,0.13342820147786555,0.04093221630240659,0.007292936950559627,0.030685807844129078,0.16514618505321496,0.398577247196326,0.033086761980350675,0.01997506586961505,0.04531175338268332,0.09820621252225514,0.038440577533458864,0.04356315669371559,0.11467069942594225,0.1413495617555646,0.2063142657739757,0.23991574267424948,0.05972036349668734,0.1287495188560669,0.0,0.051131288435215,0.025699358506656562,0.008294978674285407,0.124969407816792,0.1599471537576095,0.0289043270179744,0.08192342179325994,0.1079399298681252,0.12099466567606415,0.049918572542299394,0.11307170244450032,0.018538051543632854,0.182266898514006,0.0821309115652028,0.21093616587814537,0.02520429665604247,0.1037673259720757,0.14074443030390085,0.03184589298734649,0.05584521520194591,0.023597511332151936,0.054718694567688644,0.022219408552548354,0.07066735206625765,0.049659511206254524,0.12108830444753246,0.2857154241153052,0.11361235634924806,0.03190371977434416,0.08285740017008025,0.08517272211732964,0.0355512303388356,0.21833771024512313,0.0927110319585971,0.09131382881145893,0.039755672836910415,0.06656832685536776,0.20197336724837336,0.20415219017738742,0.021472607161953303,0.2219466900543001,0.2506531419693772,0.02759980793900179,0.11006115068692572,0.07225793372670294,0.030165204666311642,0.07524627715201579,0.07217466786951489,0.015737022271991467,0.08394098674779028,0.010073676144762393,0.060286569611712956,0.05660484183181234,0.13641594362811735,0.14415532367023337,0.13307950801832563,0.013707951610337306,0.0582004910943336,0.269860528435911,0.27295696139462583,0.13345327379884245,0.13118210842440448,0.3303358114472183,0.15075157769487557,0.12081940551067673,0.032387607686408075,0.05275854974519493,0.10322443357722919,0.05488372944906598,0.054460016324944946,0.08339143288718302,0.10343029866640388,0.11718206793285456,0.26181048540050283,0.2719577203069322,0.15874053149804132,0.4946523122236665,0.16078292562152696,0.08130460086910778,0.08904616788946851,0.12916652673113094,0.01994311459702722,0.03361872486180733,0.0383209517202793,0.020667484459534848,0.022317741676154638,0.008937044370083448,0.10728399522311297,0.10223640651174361,0.1467958539759153,0.10290988389172122,0.08482339231996623,0.04739435358363823,0.19590829425860662,0.08183097662639698,0.11921707686897451,0.11405526848622663,0.026772159989257548,0.1348927094627104,0.05791182742532218,0.0595804401647044,0.05130606628157366,0.019331277103211274,0.052717846187743125,0.004953982799988389,0.024061175132879697,0.028477116183396305,0.12137940948518675,0.09897746196939067,0.13839266276285075,0.005220095703297383,0.006202930589398529,0.023075029802073942,0.02525813445112725,0.01992954935594369,0.023980827922182132,0.10294997472887871,0.04673469540980838,0.04075509846186172,0.03684660879524922,0.010981848603011178,0.02116972378747716,0.010295028724986579,0.0743349970796478,0.08083006724943478,0.07033420382539607,0.15258943288375781,0.050204977508699906,0.05965211116234695,0.10065306061744252,0.0043927155578742366,0.03690461132794911,0.056888707944002,0.2543533882177171,0.13843379308447548,0.11094361127381266,0.10733639388749208,0.031549732135170885,0.05678139537413746,0.1282770072755725,0.10664253124615562,0.0,0.1675922015911086,0.08716691450352004,0.10402647935740442,0.03723552392147519,0.9999999999999997,0.10850799849583663,0.0,0.009820176165028421,0.013426802801195665,0.004598351609466653,0.08686334579429922,0.1077589558246168,0.06153822028193777,0.11108709408840776,0.1049955076136679,0.02846892149331557,0.03667269398276777,0.029500602769041685,0.05694213493259326,0.04281218504660939,0.17074737376770077,0.06198892599037109,0.018035579958637943,0.04556154210837349,0.072502627469378,0.029672544535395175,0.05918101774625975,0.13294709089067605
1249,0.11538064444246117,0.043962455397378856,0.0041897326523389,0.02047087542415399,0.04254451179335371,0.0,0.021554729155498307,0.003599419246357188,0.07448997255835492,0.04267464906537412,0.011053024351505455,0.0680228481369351,0.01041421546798648,0.05313110312418237,0.07086497612101647,0.02969661868227686,0.027162105420439772,0.04036482439585728,0.047664680184118444,0.10286811932828568,0.11302211687953181,0.010620238118107497,0.2173155390870763,0.016966769315869254,0.08001645351175538,0.2959132409475119,0.035591746175665566,0.0451152471840518,0.07525839519658792,0.008154018199946706,0.040881656977872945,0.21907177618341991,0.014551895823799283,0.06544059309010959,0.006875041380671003,0.05968123980447761,0.07300179934498004,0.015255592268181933,0.10775518386603172,0.024326702055901237,0.24519780258555451,0.014432258962758057,0.04945462118878378,0.20174388621918923,0.08502756736408021,0.08191612633858346,0.17723202256289108,0.030335247484867513,0.2680082212125402,0.02545655460963689,0.023485007881257954,0.004066448525812214,0.007120090640365991,0.026213152438768837,0.04240356359778197,0.0034648971791597385,0.011152782576241943,0.04970512560444314,0.012244984538584979,0.0,0.025222528935844906,0.0057877431260719234,0.05586054922276627,0.01353850531602463,0.04071826724535368,0.010426953856655104,0.04848022678043445,0.026607439491068308,0.006908652477460775,0.008219440924252697,0.0,0.06967248412905165,0.003974700305054329,0.014896448659763415,0.007938702595165943,0.01647991493062273,0.03857552296668789,0.010353219281161317,0.00489841433892718,0.03198997454976593,0.029402741578993936,0.012870732210549834,0.05496881714702376,0.02087488157904159,0.012306531008374678,0.013469863670947484,0.061016816855851315,0.10461550108132661,0.08581189356074259,0.016644504325774183,0.04578756398360943,0.11297446073793588,0.00942680166961725,0.0693157367016512,0.030144621369015093,0.07458855222172692,0.029388372372782204,0.01060473215680175,0.05002513731304934,0.04574981573926715,0.04282184723705599,0.03319241032476686,0.0204356724998698,0.03518482043811736,0.04157616620765656,0.03889799688232325,0.01066610019259218,0.06488430588206595,0.024571864374117184,0.06294768849129292,0.07382094901519197,0.09412092272587039,0.08587139759856026,0.11268402023821246,0.09800361436196321,0.12549859357676613,0.1185852244163845,0.05080700335647974,0.05131604963494558,0.027907841173950364,0.013799704621391965,0.01223640729038159,0.13663807354843024,0.06702649645350896,0.051696422803602135,0.047311385827184395,0.06049170987702998,0.04980657270959671,0.0033329766490549726,0.035393015978876875,0.02434721066532719,0.0,0.12157852535490392,0.09062676996273898,0.1416362199910475,0.006965604527109146,0.026266771407569563,0.034200248314553684,0.05345747709335526,0.03393058305916421,0.022387184679437275,0.032551223945924995,0.010907502358935716,0.06608848601217328,0.014872891492460776,0.010359438229194893,0.01998497442790278,0.0,0.047253662700914266,0.46881404682260863,0.2954191591408639,0.057011268705944175,0.0703837587886093,0.030737536556838037,0.04412167856749743,0.23980352684658188,0.0024600982936068137,0.019479226407393455,0.07242746132897858,0.0667273376228662,0.13778111340086227,0.17577118273553075,0.14748401461373364,0.1083513603130957,0.044370534758106296,0.2461476939531411,0.047747002540627526,0.0,0.010175811213967259,0.013627455486269816,0.29113248598565644,0.2911863459203847,0.10868478692642669,0.06430938422466059,0.3946240843715497,0.3365245678122704,0.15019185461962836,0.03316014609428565,0.03400607064023148,0.25433427975983774,0.02706592653140076,0.004312296230359002,0.014009186910752952,0.07103011191303596,0.16872073405587762,0.04550712956686588,0.03868349619690789,0.017120190799198732,0.03740230671970548,0.14492133646074784,0.05239343771887702,0.035109501843306884,0.04086179529451124,0.036027330602602055,0.01458319634089876,0.10711288507607349,0.10850799849583663,0.9999999999999997,0.17681084587083593,0.23964869618005152,0.24987613754803445,0.20211217356476743,0.020996414646962464,0.013836091249680266,0.011322834100740562,0.07202164862865906,0.14181175471374058,0.37205622894237417,0.027855804857696235,0.037459031146275135,0.1597549720464974,0.012379153510854609,0.1633326586737017,0.022944397998891614,0.007808328895717038,0.3521101415700141,0.4566722203817745,0.0047121695870981474,0.012528858317546798,0.03272601413760222
1358,0.0819887104683372,0.03987746327608557,0.0,0.002071573199254177,0.0335705623655223,0.0,0.006670446998658374,0.0,0.026293919740160578,0.007943198629030831,0.01814300404732965,0.04783782078439312,0.015321978847874035,0.014309234862211192,0.009803427113435417,0.0,0.09065154691002816,0.01788952842797375,0.014520691635984264,0.021793952931679947,0.03970028251431044,0.0,0.22167079363878484,0.013432210416474927,0.020709423254705327,0.2494651111236753,0.004621632274602411,0.046507855994859806,0.027278192594439483,0.0,0.0,0.15672636367296128,0.0,0.0032220198717604785,0.0,0.012637147706604727,0.012960224639850474,0.0,0.04105494271395635,0.006663962966537569,0.05851138255216285,0.015780497265337926,0.03762781751639589,0.11325324286767274,0.02936798541137461,0.018636541659551538,0.034340355215540345,0.030032374618084,0.10709339784790278,0.01573337150512444,0.0,0.0,0.0,0.0019401914436543593,0.0013003785518327516,0.006751632711006153,0.0,0.0,0.0,0.0035205194682789813,0.0023721591864384797,0.01072976542715369,0.004640116385021555,0.0,0.012289422544107366,0.004929934541184483,0.013282230135790609,0.010811159626831397,0.004747360920320554,0.0,0.0,0.034066456611195554,0.0,0.0,0.0,0.0,0.004723588713971401,0.0,0.0,0.005478751691572082,0.003739706435647097,0.003535257962647322,0.00943114443687905,0.0,0.0,0.0,0.014967638260502156,0.0310931021843273,0.018798522575892637,0.01222445034487708,0.0,0.031153343432326428,0.0,0.008822276402437726,0.0,0.007194780699289255,0.0,0.0,0.023463944645148664,0.020158842029578634,0.015387133911548851,0.0,0.0,0.0,0.005092491681705304,0.008233791444401272,0.0,0.031125611216045058,0.04431468010731199,0.006782111794506412,0.02213072786462296,0.013234452465592215,0.014113578818070127,0.049084072042763396,0.012865362408069183,0.02321948884033613,0.045486605854951664,0.056396700557255985,0.0,0.00422493435062112,0.007082001891584147,0.0,0.03193323914774895,0.02655745704516991,0.00598085880787004,0.013913455370057759,0.020965933767573414,0.009409618028992409,0.0,0.0,0.0,0.0,0.08454421219858303,0.030463051480996983,0.09796989543658303,0.0,0.0,0.0,0.012745864858106469,0.0,0.0039285201223101885,0.005978388719976088,0.0,0.0,0.0042113261821940026,0.0,0.0,0.0,0.004007305316987011,0.3395585071826963,0.34862751847494106,0.03738811430964241,0.0038384679666797913,0.02413604839849443,0.01653340262800273,0.096491647355476,0.0,0.0,0.025132720300499244,0.003899561620771219,0.36494426664539525,0.22953302962111483,0.09170380932213193,0.06023664943315008,0.036375939060507595,0.10043390396821691,0.0029814822727328772,0.028342827703175734,0.0,0.0,0.5835749409061931,0.5251261888420573,0.15652725959092126,0.14069610629297646,0.10715118996525846,0.1952987058316643,0.042016699703935845,0.009232553549912531,0.0,0.09530156814859521,0.026178499901901568,0.0,0.0,0.006913392872644758,0.05652990922392256,0.020595425106324623,0.004142198765721108,0.007933286014093828,0.02221650563527107,0.09570236562209475,0.0,0.1033644695795645,0.005511286440867739,0.0,0.02831464961251809,0.01968581851018228,0.0,0.17681084587083593,1.0,0.4719970369372533,0.6378615517918029,0.4352472044116506,0.005324275664260375,0.006823977863429339,0.005281959367304321,0.008014311652814132,0.027289707438521726,0.25754468641644146,0.0,0.0448680128486268,0.09039917471635801,0.005567843403452769,0.05727433108557807,0.0,0.0,0.3752037972663566,0.15101517389042002,0.0,0.0,0.0
1360,0.0810436630541981,0.014666013025693267,0.0,0.015512162228797376,0.0049217218686235095,0.005716529121067318,0.0,0.0,0.012713710700393153,0.011070980219392998,0.0,0.027418560786766348,0.0,0.012495492605981252,0.03345531341251585,0.010682337707723004,0.041356059831788874,0.006468730384142933,0.005448971242307428,0.05160264000390428,0.041847540794109656,0.005641248768011879,0.13757935644843064,0.004860202209960805,0.010886418899513178,0.18961814441071956,0.00434009306074895,0.007323816241928949,0.013684393000018802,0.0,0.00931853037474756,0.13148606642684485,0.0,0.010565901783173282,0.009240195786566888,0.010629618022904384,0.0,0.005373784536179455,0.0332174817070869,0.0,0.08009944385142888,0.02153981307116294,0.06119034660524949,0.04002715702473707,0.010745440364902485,0.02033865052198077,0.028750966203079285,0.04500814718170752,0.10650869622486767,0.011528461993971314,0.0,0.0,0.0,0.0,0.007958008072683594,0.0,0.0,0.002434090593659455,0.0,0.0,0.01386974574688773,0.0,0.006059468513161261,0.0,0.00997727484889336,0.0,0.008589436533093048,0.013934135837362749,0.004072793261504587,0.0,0.0,0.02002617305043441,0.0,0.0,0.0,0.0,0.0,0.0,0.0,0.0,0.0,0.006653670025259603,0.003818316537728702,0.0,0.0,0.0,0.004460306631344343,0.023458319134089564,0.023189497241750436,0.0,0.0,0.014732259143837134,0.0,0.03493029732956241,0.011321649386509524,0.013705963119646027,0.0,0.0,0.024626039369815847,0.03962350473766835,0.018918841041558953,0.0,0.0,0.0,0.0,0.0024537846294428087,0.0,0.0,0.005334062552004436,0.0024780369257973367,0.010753023098545235,0.02637250863713704,0.007937069106869922,0.044441291195381094,0.011057581475750096,0.014740126304861954,0.07934879949791282,0.04638051731122993,0.0,0.004008633123045162,0.008440834150280642,0.0,0.032430265461073346,0.012015638403835516,0.0,0.021689716994328777,0.006686136773753337,0.01850804058596398,0.0,0.010354458952295316,0.0,0.0,0.07512956502296458,0.023365695352499556,0.07409944206861499,0.0,0.0,0.0,0.003530648374444654,0.0,0.0,0.0060816915937717516,0.0,0.0,0.008760841687259133,0.0,0.0028361101228731307,0.007812089237162369,0.003920710890626958,0.32926560214487444,0.34394608059172893,0.037138310673490785,0.005679282220799802,0.012814556546757715,0.06464650607978499,0.17286787772383644,0.00603832672207839,0.00784545948078138,0.03598362273185422,0.003421115216495707,0.4471815576674822,0.31533277441185686,0.09701065465177189,0.05079528237732766,0.04831209946106954,0.14069449586562854,0.01930752818305745,0.0,0.0,0.0,0.45536638668648194,0.4463393610195525,0.057379999837013806,0.07284603454774657,0.07742378201372498,0.1538795597266983,0.038721560505800896,0.008037293645911294,0.0,0.09871450530840649,0.0033583364247582732,0.0,0.0,0.0,0.08540524680284996,0.0,0.01369003143534274,0.008748483546610944,0.0244843802580409,0.08659892508474185,0.01476321453495736,0.03647303187794616,0.0,0.0,0.007409101099142197,0.05131906668362096,0.009820176165028421,0.23964869618005152,0.4719970369372533,1.0000000000000002,0.4840247374201853,0.3532105486135486,0.0,0.008911345226476998,0.0,0.0,0.05536144146442155,0.2739146408871374,0.0,0.0,0.158231232581042,0.0,0.04065296924987665,0.011140013793581325,0.01905854322634221,0.3493409551819086,0.15914948313507432,0.0,0.008783534659782042,0.005292429221180591
1369,0.0927372427064063,0.0324078523578397,0.0,0.007236188335131231,0.029257843575227004,0.0,0.010004669423166144,0.0,0.01258040514281972,0.011568013718621593,0.0033969286904332405,0.04003119529239316,0.005320870705844885,0.025573078293520627,0.01245497755232578,0.0,0.09459407633438847,0.02320079316126027,0.0,0.050579433482526054,0.05766512760541863,0.0,0.3035233881547524,0.0050472720257671985,0.020560215707591332,0.31232009627158247,0.008372227270076228,0.020534531546552843,0.030685860916560517,0.0038716217203329955,0.0,0.1574969545768039,0.011648176697802336,0.012561679007895144,0.031131759709640047,0.031698816787524925,0.013464470644629483,0.0034247892923839653,0.08329996816848655,0.0,0.10327467051721077,0.015846278921182663,0.10744888825571663,0.16820520355454902,0.04063588799964332,0.019753658067068868,0.03878796454350231,0.05605068152905005,0.1589290154780135,0.003246049409074563,0.0035464956918007584,0.0,0.0031702729433267236,0.0022624738549073637,0.006342052218598055,0.0,0.0,0.0048285667388291605,0.0,0.01008390912325861,0.007634424600798049,0.0,0.009911358050815609,0.0,0.010016255192358147,0.004769559184356855,0.00953452309267046,0.009243759051982214,0.0027177070137417766,0.0,0.0,0.013532941241966108,0.0,0.002544854605630985,0.0,0.0,0.0,0.0,0.01638245196283535,0.006634635792018443,0.01029487308421256,0.025282786204788545,0.004243843640427235,0.009803435796455708,0.004707214816036099,0.0,0.00310656273783784,0.0356676898554355,0.020625558023089324,0.0037788013114451588,0.0,0.03339673032110216,0.007782401786017443,0.024707537298241617,0.01383624342570351,0.03178829970101834,0.0043849668247858,0.0,0.06448191313400552,0.007419876129288756,0.028893568554286115,0.0,0.0,0.0030323057491244603,0.004269534764420638,0.009167501358077623,0.014755016161532832,0.027812872074731244,0.003925730127500485,0.005536415377135771,0.02501316431587719,0.011206555605943618,0.01293787885533857,0.04632278285998284,0.03012183236407347,0.025438771328892475,0.07694842911067563,0.038066107902384946,0.0029702441968279306,0.0,0.0,0.0,0.03304315737794893,0.00888230775452162,0.0027048529028804017,0.006927713088818434,0.0,0.003389848951220938,0.0,0.0026669711162266773,0.00456527725727771,0.0,0.23234839482879388,0.06891756230957628,0.14299548230616907,0.019507032161852032,0.020253473234951445,0.007445752367798399,0.004559249309479657,0.0,0.0,0.0038759485256063693,0.002602196758565762,0.0,0.0030390291605150864,0.0,0.0032988816379806714,0.026977174342647025,0.005672932191221832,0.41095638636392234,0.35175758886318104,0.09164164117511672,0.01931410135860179,0.026142260509797746,0.061092066511328216,0.23785906236306964,0.010936245491598495,0.0,0.020055951897639146,0.013203538503363676,0.335781791303312,0.23240439083648978,0.16654728768952434,0.12714571796824845,0.04251317450982577,0.23180903818398144,0.018459663798773278,0.004289558129416237,0.0,0.007650596812033462,0.5424858513439281,0.40928232122657315,0.11495772443902127,0.08110500937180509,0.10632835119550638,0.22352102150413417,0.033797731493638496,0.014172073463283441,0.004134294660473146,0.10146697507120502,0.010371791835249394,0.0,0.0,0.003936575893310341,0.07747596243651152,0.014481973383442882,0.012357828125405791,0.002058173909211789,0.05498661397581501,0.11342536517176549,0.00756070732420783,0.10794168627647624,0.006911212296728262,0.028612202196929448,0.0,0.08477086139083712,0.013426802801195665,0.24987613754803445,0.6378615517918029,0.4840247374201853,1.0,0.5737870326673435,0.0,0.0,0.003629099751434797,0.006606331552128667,0.042920205237885554,0.456478539274713,0.0,0.023426038424929227,0.16116151750028923,0.01131700334075808,0.056271817066223466,0.0028322876139665067,0.012685646636722139,0.4323890034890274,0.20687036385456192,0.0,0.0028851458860029776,0.0
1372,0.03832943971718407,0.021305528692301626,0.007782365906348046,0.002314334531253479,0.011645575218472754,0.0,0.004777533954119572,0.0,0.023639638211285223,0.007753794137781791,0.010988731902956947,0.0405503831227984,0.020066542309319563,0.0173651423225908,0.003822462203626044,0.0,0.13464444460223624,0.05611711893178385,0.01415542147323964,0.038808976684383774,0.04005849926841233,0.0,0.3096415168476689,0.01665172414899524,0.02350243572408723,0.3209439043900062,0.004113653174954204,0.032307507161003605,0.040783983611759805,0.0,0.04128644569705611,0.09460912093462237,0.006645989564734017,0.033029143183534476,0.007218403791506985,0.01105807700537494,0.010150951260679998,0.0,0.12805312424306503,0.005931504452597932,0.10911679981106027,0.014297526364941707,0.06940427435200303,0.17524717799783804,0.05797655499369609,0.012598412298714067,0.03341061781051286,0.025131288179012508,0.12609757842192879,0.016081236901279175,0.0,0.0,0.0,0.0,0.0010172773831567735,0.0,0.0,0.0,0.0,0.0,0.0022576810100157856,0.0,0.0,0.0,0.01689539667237505,0.0,0.008986028525357343,0.002812630953269313,0.0,0.0,0.0,0.010722845503505558,0.0,0.0,0.0,0.0,0.0,0.0,0.0,0.0,0.0,0.0,0.007366961104246947,0.0,0.0,0.0,0.017019515380763368,0.012566569526495042,0.00664742285601337,0.0,0.0,0.007221675532948706,0.005439627642648064,0.016428649720069563,0.0,0.00427828354478732,0.0,0.0,0.0501963223070009,0.0032472913183422907,0.005663133399406996,0.0,0.0,0.0,0.0,0.01179287956327044,0.0,0.0,0.009437510817998884,0.006856821534910242,0.013565376170521514,0.019159726638629984,0.00399555204279213,0.04786189159133114,0.007470734834642435,0.04638506996358354,0.02941528290453511,0.010856822133510273,0.0,0.0,0.0,0.0,0.0320488812272928,0.014605417669180302,0.0,0.0,0.0,0.005188210354013656,0.0,0.0,0.0,0.0,0.18789509985709751,0.06500841438793496,0.13759891787415926,0.009641551325102618,0.0,0.0,0.0,0.0,0.0,0.0,0.0,0.0,0.0,0.0,0.0,0.0,0.0,0.39993199820398656,0.20691932792848805,0.06878702949351792,0.0339642562644531,0.007290534841931784,0.03897472854912151,0.2662408608681793,0.0,0.0,0.042342644192921504,0.007676490392637261,0.1502332928372477,0.11814253711424286,0.10196486517548652,0.05411311809657886,0.029316432181447465,0.2923563343585524,0.012306028355099124,0.0,0.0,0.008342562541376082,0.3581905095158836,0.2925823151245917,0.1514133444095749,0.037508040232875385,0.1307657554996119,0.24125219136400183,0.034258940303145836,0.016363708613357175,0.0,0.11283701676022224,0.004313391071809186,0.0,0.0,0.0,0.022808425421771892,0.006297727855404538,0.0073055554024376605,0.02877209188649566,0.014104339233339282,0.045907149004938454,0.005032596364476716,0.12386937009594182,0.006465186648692919,0.0,0.014220142352249653,0.10473392445311197,0.004598351609466653,0.20211217356476743,0.4352472044116506,0.3532105486135486,0.5737870326673435,1.0,0.004739066673689503,0.0,0.0,0.0,0.009763760655137359,0.5081419939951533,0.0,0.027114436677464267,0.08073484046053356,0.0,0.028162950722771158,0.0,0.0,0.3169199274765109,0.2600500306404262,0.0,0.0,0.0
1375,0.04377636948608924,0.030608753063426284,0.009987054349726247,0.03137147526381899,0.05075662310190351,0.06551645265750379,0.013571882737339452,0.016604520970374754,0.35603344885612587,0.034214804544672156,0.05139850149100955,0.0656023186939138,0.057278919044458504,0.045627666946667214,0.06804231217498945,0.03607797860615917,0.034700993274393785,0.18800366134966867,0.09099830928885053,0.038044148218734766,0.10117820453592881,0.02041247615371164,0.029741947615080547,0.1340769500552157,0.19459627318713207,0.0,0.25732801781255105,0.06043780351900317,0.2578239166093843,0.20866931994023358,0.05413923566100596,0.04756258765273849,0.16200944586438515,0.1081818490075027,0.06326859920829209,0.11163511036822601,0.10239963331878876,0.2213906654704208,0.05520560178333611,0.22000807642287853,0.11284808201154396,0.17468449121535787,0.050799745367049676,0.10566940287868298,0.2393215831409332,0.31282614490882465,0.07644412997572311,0.03426629280247599,0.0689439317909104,0.03536645099895671,0.004590753370423154,0.0,0.023570846584621986,0.05676925127554926,0.052007844448011875,0.012234814713504698,0.06397215741414888,0.02326574934865465,0.010727581741854567,0.01574404811989239,0.030237798819995894,0.0,0.06291365867507279,0.010295678004097168,0.08317037109691258,0.031815297352725556,0.06812388974895213,0.05696430077942841,0.03663483757075271,0.01667046449132218,0.0,0.15663994479686863,0.0,0.024176014452800567,0.011637457711198233,0.03171699729998978,0.10197920768659642,0.017543455089325463,0.0,0.05868098274604676,0.02715765127603066,0.03490489509406464,0.08420573677303794,0.07683851195816012,0.02235885072955685,0.010486332145882585,0.09286808117937041,0.10944984231018379,0.1329153041284874,0.0,0.12251191982643021,0.08933652092282122,0.10246380213876988,0.12300257275247126,0.13309413176130766,0.10044900208008864,0.04812926085501946,0.06746172427290072,0.07543963023332098,0.08938182380912746,0.0589167953889083,0.03508667011119742,0.03332538539763739,0.03802164375952441,0.024618608575182103,0.04782835958758552,0.01590432837675217,0.04767433773502548,0.08308037940495348,0.1773154795837652,0.05714854822761237,0.07479202984121047,0.10276827137465455,0.014973103478347405,0.05433123377212219,0.21074304840020458,0.056774725260084244,0.04373465512075724,0.015006700800253885,0.030250532583689344,0.06164024443396313,0.01541370748813996,0.1833257829534183,0.09586964505666484,0.04697691060287891,0.15576891219798145,0.10937028011247235,0.04538428319486205,0.0,0.017389413664026604,0.11404337819237785,0.06678614917416324,0.02337309105991489,0.04466377510982405,0.11828586652861497,0.12639252322360003,0.09646213396118826,0.010637123378793571,0.056842130848445444,0.04435886255405289,0.030589793697275186,0.12709275329542052,0.02905038732226891,0.008645827322313478,0.1761976878208823,0.06149597824888024,0.033518344229043394,0.04119751981535493,0.07085095818129547,0.03643630473348901,0.024764877313683875,0.08015811940359918,0.07254375592016771,0.1444521813036857,0.04080408008102673,0.03470749099636914,0.08468806382747074,0.0,0.012029293649160694,0.0,0.0,0.006499079524880898,0.03432354188011004,0.05088994343510869,0.06804406946366677,0.02624172652873403,0.04687147178261555,0.07042867725697011,0.018259485034150168,0.014150503349110898,0.012203753732755417,0.0031356602436410927,0.006381336347531811,0.010563355064123597,0.029602996441551947,0.04150340512389118,0.13789993127543831,0.11239435669797426,0.03042085823739284,0.12042943872657279,0.020693180351329984,0.04716877354998063,0.014065008380994762,0.08511627671434403,0.032157774048082115,0.14407295300589598,0.16973166780069687,0.08710711184196461,0.012954608550123196,0.012408354849624638,0.1291046909737671,0.024634920283745435,0.053867752721210554,0.1385024644395941,0.07067177920220143,0.03190045050502934,0.08686334579429922,0.020996414646962464,0.005324275664260375,0.0,0.0,0.004739066673689503,0.9999999999999998,0.31926243822178285,0.06429265223561306,0.07502405928405319,0.051426671863916994,0.031672046080774514,0.02068446572762184,0.03261972959733376,0.024122934885382287,0.03328798393664927,0.025027381059833445,0.07051809309104548,0.03984849075825421,0.004404504185702268,0.040719414862674566,0.058850072128692824,0.12749171424159753,0.03097619344527027
1377,0.024404338434968365,0.0032849244011077996,0.0,0.03473294469538726,0.0285431883637919,0.06492458190993945,0.0,0.02027431526425786,0.29147567376292666,0.055916073168163695,0.10761589655573713,0.007027337383738794,0.0,0.034240394152524695,0.07771904086595083,0.04095080875244073,0.004531410794896789,0.06420115824045819,0.03398845996584821,0.03472596365936178,0.0579688414597371,0.07111739099207388,0.0290673597561786,0.038176764450619946,0.08749344922832111,0.006418114735431695,0.24786018811180457,0.028057481106141913,0.1417074434595199,0.32115502435052673,0.020493735481244543,0.04261784042124633,0.04001455938890251,0.022193448674105,0.02688923675102923,0.08230745332674808,0.09805702225275827,0.05118764224923894,0.01421191047007701,0.07652933033339337,0.10356554331802276,0.04723644114511735,0.027669852096237853,0.07029370705832635,0.13508554766422845,0.2271264820474977,0.08184931475758545,0.018627095293196595,0.03870760561016649,0.005391420362741056,0.04821036624908318,0.018609028144052676,0.0,0.13216959979712786,0.08667587087479717,0.03826009096869097,0.1372261838088694,0.07947274292403177,0.02089956152606706,0.057454324798132804,0.0716182254418989,0.036227028057647444,0.07143055425272977,0.04081381492566329,0.12239072563447624,0.08234355162580421,0.14242945761930284,0.07157079618798853,0.05794660006337064,0.049036777546196134,0.010930262365477127,0.1427908490701728,0.07994910848298509,0.0527230471557289,0.020173869730018525,0.056183065182081354,0.0856429327045804,0.04493939089327595,0.027197350595905903,0.06538740112308924,0.05875366687487216,0.06847913275687297,0.12838542897643934,0.14352438525928357,0.04206684425836883,0.02987686939344812,0.09334028677787722,0.16331415829388815,0.11193443434584929,0.012536995159458053,0.2033226111858853,0.05104692789957868,0.04323871778989335,0.06530935961253251,0.046349698937677354,0.034830506692515126,0.015073177303992023,0.00704311916777229,0.026415023896903454,0.062394247908278064,0.01459821922134979,0.039295733213445296,0.01756046149657576,0.08481126364442619,0.06295569761285931,0.08420931815147471,0.05354074440069537,0.05829373898760727,0.10818611135309422,0.1290822998704781,0.11047628609027138,0.0619677497814215,0.16942822261153503,0.034330518424510875,0.05833985837306935,0.11847846074499499,0.06994924007732084,0.05118424975085519,0.046585151392332894,0.020983836499199264,0.02529045855550002,0.050145191610638074,0.1611426341208663,0.09772263889575539,0.08868183397943752,0.14119686911514923,0.08605580311441165,0.01905874013728611,0.012110276912808825,0.05274001631500402,0.0338872339296256,0.13364096815152343,0.014756035848663166,0.00663252733240768,0.0482571197082355,0.0399263041503545,0.004631169843794323,0.013269197509178765,0.09972036404327245,0.10204218743342604,0.05746467040945393,0.11128883213622906,0.02560368507772218,0.022002500619561022,0.16926069972719293,0.1278692452895759,0.06304598269270675,0.05278420853855874,0.16973269564088517,0.025305353031322107,0.027299911419655147,0.010948484202171357,0.014974137567436506,0.07263191640576701,0.015877731426451415,0.02002681316635648,0.0,0.013389431737488449,0.03258879167882994,0.010511400339623111,0.0,0.006240053841885128,0.022012122766380662,0.00585025896569118,0.01662208070624822,0.008168597717913778,0.04692866619790071,0.1100868316853693,0.02140358781385627,0.021339943073545763,0.00448750139593783,0.0035480821134981555,0.0,0.020769645638656395,0.01595272898854246,0.01826522084118587,0.24836862233633247,0.04012087982527358,0.07029836234378202,0.09207542002579638,0.0,0.03068256310085762,0.11689753971956884,0.08951464024368569,0.05638182664474445,0.06331412119692795,0.05273712857650898,0.014482805053535608,0.020424078926895232,0.028173435495429534,0.06692902766221923,0.007276722776726498,0.0565733299627607,0.04463354574173188,0.05832215434008057,0.02810031094159028,0.1077589558246168,0.013836091249680266,0.006823977863429339,0.008911345226476998,0.0,0.0,0.31926243822178285,1.0,0.03292450825727195,0.04423824734811028,0.04024936660653856,0.017593724045009692,0.019112356487056822,0.02994984332318635,0.004969870954447833,0.057655234598564566,0.04674580545164693,0.07446479008069902,0.0,0.004476146513056997,0.02140114904828519,0.06046490865139448,0.03167219828006494,0.017939276678864014
1390,0.016420175121409048,0.0544834855026144,0.06280865660843689,0.04720502499715711,0.12254193592540387,0.055678731024901965,0.06004678679126317,0.04644545442553734,0.147576851203815,0.047227740328604696,0.027564234859372178,0.041219394233370885,0.08640323826322041,0.1555928872602575,0.11409996756900838,0.024805497112356946,0.0,0.1763236615325134,0.05768853117870554,0.049248900253370746,0.044660277407088396,0.0,0.02705661492191812,0.01866237968892681,0.0810574124879978,0.0,0.059193964028626644,0.006368236727782872,0.1693028736244375,0.03716259284579759,0.15043130063591723,0.009316654786229612,0.24722692678564712,0.08560672087939554,0.043180090093371704,0.2777809501853889,0.0353071781465432,0.12718253618395414,0.066371849170806,0.13396641881589055,0.035414612108611083,0.19812367118834798,0.060449270208256176,0.17919611084826045,0.20939067422234697,0.2144254131460497,0.11738038603005638,0.058409634799761224,0.059489551949892173,0.05033257429431291,0.013441591140351835,0.018613177861398267,0.021334714079436597,0.0541601906474939,0.03332182612168216,0.0,0.013265050533510172,0.014831127260384328,0.0,0.005387734547301091,0.040946717401486026,0.021430533707101917,0.1662818395006799,0.011322126519514128,0.08014257849510216,0.03004313579000136,0.03877611448109685,0.05971510714345402,0.029772620078804855,0.0,0.008987745356585886,0.03515856811006331,0.0,0.018022640336332555,0.007235628853211235,0.0,0.10921331948452752,0.004443173772972606,0.0,0.011056110833315383,0.028619363962722744,0.04189214946434833,0.04056732691295233,0.016176152013842773,0.004341374626816543,0.027311964430529235,0.1668080796704686,0.0464279720241155,0.023588090928355097,0.0,0.06594112423672471,0.05435358043677601,0.16188891574494202,0.26656407446006186,0.23265643274083597,0.13843181754918416,0.20442715483498974,0.15483324633013623,0.06272157249923781,0.08981126813755139,0.13707707234217817,0.0,0.005982552388492239,0.027505455772582104,0.08067381664624022,0.035138988535993315,0.00835138024422588,0.022087353357652887,0.030312697186471976,0.027654792890953118,0.007599536389191613,0.0,0.0857526429399301,0.0,0.018667702219765867,0.053922040912711834,0.012370766585704433,0.0,0.009751908269260543,0.012530786152241399,0.11659120621515835,0.01629537143985295,0.16126318981962887,0.012586083172314418,0.03425907964257339,0.06287530437160443,0.03251433617740223,0.0,0.0,0.037397266917981946,0.14248777596869414,0.03666005357545129,0.017611124158209514,0.05917076493210574,0.029948413615217138,0.08189952143860729,0.130173402965473,0.006961234859029605,0.06423013895919652,0.010795338829527282,0.009348138751828775,0.06303428339696701,0.019644851155570714,0.025890815290627173,0.1595785742876284,0.07936385380655223,0.028065335647896116,0.15943437991654266,0.04912540444871364,0.022285042907989105,0.019258913570980484,0.10993392882643692,0.04934090751229349,0.12088454539261591,0.06370021948438745,0.038052990628582514,0.20497480023466494,0.048806545965014075,0.023485212792659464,0.019922368456366094,0.0,0.0,0.0053872473357923795,0.0621075142508373,0.0384888294133573,0.02434561251171212,0.0665049607905237,0.023643297742021493,0.0,0.023818610285366408,0.01329263023225985,0.004342471486570649,0.0,0.0,0.01021719700848454,0.04946433890947867,0.009619230880388949,0.10600512822747853,0.006248521534645573,0.059580918904759764,0.014129308055865264,0.011660724666030617,0.008614422762424046,0.10146969303349336,0.0046663876740278476,0.16394514600475982,0.2459439474704227,0.12416407634899725,0.05221069394657484,0.008921509011947635,0.015213934549364153,0.0,0.05811672877936924,0.09871852977559015,0.13782686569795508,0.030199000009370338,0.06153822028193777,0.011322834100740562,0.005281959367304321,0.0,0.003629099751434797,0.0,0.06429265223561306,0.03292450825727195,0.9999999999999997,0.28128289211841007,0.03617986689014835,0.032385556168276104,0.0,0.014952619680880429,0.04834338280710258,0.0,0.003206781548286968,0.07016593284316713,0.12080325097178923,0.013166437097524405,0.0063005249822039085,0.05706986499237898,0.12564714029938145,0.1579501102525574
1400,0.055542462823897305,0.012348335120400167,0.10185215465304762,0.09408038228242051,0.18056096717250333,0.07560799882069985,0.052628019341839985,0.1352033600625484,0.17481342638204486,0.0818963609479051,0.11105210821049642,0.05695360210529978,0.0888215519293175,0.17867198697838638,0.18132624312863024,0.08968515773219506,0.0163100220471531,0.24197078031375563,0.035115545947958196,0.06780318569540023,0.0695893648386557,0.018165564898403604,0.07962037208731317,0.02840572450417936,0.16347316530392514,0.023672467758518535,0.09554840421646428,0.005461862926108249,0.22879080393717852,0.04354258475416821,0.14303961342810398,0.05290016560718445,0.19162702275190532,0.13873296179698896,0.08169747189139431,0.30319114473532804,0.055760747039917756,0.14092855679364685,0.07826151337144592,0.08935298395848124,0.10229251507953818,0.14663369849405453,0.12031905837113384,0.22110081562833578,0.2786398756249791,0.28553240376288025,0.15774920754803703,0.042018843564477784,0.13517466994399832,0.07929772812320725,0.00803983970508904,0.009958138190528716,0.017126838456343343,0.07989451976054326,0.07273054297465625,0.0,0.02042939335759681,0.04790325386389818,0.03784540100450159,0.002671108909652017,0.06492698300556342,0.03431622170339591,0.19911549049094052,0.039465550877630096,0.1545365023543892,0.055977567454225566,0.043406567328319524,0.058643854249176994,0.030154324064161013,0.0,0.01105844343738792,0.03926123590884827,0.00439823032513276,0.06005543908860559,0.01365593832739657,0.04136942967523064,0.05602686408892762,0.024502293721925653,0.0,0.04515720119246809,0.026482332745795915,0.07101088721329313,0.0809738782780031,0.025380509058315414,0.014042431464912956,0.04395656586978885,0.07571658595472264,0.05183611723759995,0.028917916570625448,0.024136370025318602,0.06682925182955202,0.07924395101442533,0.15441894453747795,0.24910825823520813,0.21884654489477537,0.10220296521442247,0.15080236245494383,0.2663307868622707,0.10125235012179146,0.14468286546625198,0.13934061027054265,0.006623697002979238,0.03375397866970064,0.06728911610409452,0.053234155588216946,0.07662039675054268,0.015790311730709754,0.04933357054642583,0.05730149853706708,0.05902669562591044,0.015999014959778998,0.0405031583145164,0.12345204169498689,0.007857536162170184,0.02876941770835584,0.03987960739507069,0.03731345326971563,0.024009022879285878,0.055333182831942156,0.02477963779925809,0.19619771197258806,0.03834167333233598,0.21063431899113969,0.032124158742113385,0.026705703433101427,0.05438148516156413,0.04455367617306312,0.014153261316268545,0.03353298907592586,0.049329239041971285,0.2809309445205428,0.07397235639166339,0.0661471145834605,0.07590103239837406,0.0579170715264529,0.068442008297494,0.10938341004940945,0.015397751401908515,0.06534361740154782,0.03329478063691306,0.06801086860911537,0.047681326820885085,0.032836968007360835,0.011561264880748847,0.2102816074370508,0.07390187625164726,0.026749175665702604,0.20078583444698814,0.11067663106239242,0.03281664141874775,0.07369002318497743,0.1646891898280563,0.05410779672155336,0.13936671061274863,0.031166788170424568,0.06520283933867753,0.25745135940033015,0.022388086668639916,0.02712226125564903,0.00728869388322211,0.009437593864584475,0.022670396097689022,0.03195580455003077,0.11054598716687453,0.08035891897141637,0.06117672439767452,0.18284639546156561,0.041480277839254405,0.08070899724853746,0.013960277473817048,0.017093314167172927,0.024030277646620586,0.0249100991674198,0.026830707909323556,0.04468078791231764,0.061246515539103936,0.0032778265469377912,0.16782176910650226,0.04127344762164754,0.10139069037813798,0.006401856498907187,0.029204359820713906,0.018143744600770995,0.06023103698648968,0.05521361517947663,0.3036520927237069,0.24243099226391362,0.169920960767125,0.09618849526965399,0.04737940280345958,0.06452126006539241,0.026240133736193688,0.03479248153683542,0.07569441846996396,0.13295490356806972,0.025587232696880145,0.11108709408840776,0.07202164862865906,0.008014311652814132,0.0,0.006606331552128667,0.0,0.07502405928405319,0.04423824734811028,0.28128289211841007,0.9999999999999998,0.05998988965463226,0.08352408763074949,0.0,0.030771157263727904,0.07200749557425569,0.02396604861569116,0.026679728231307896,0.08579494728077498,0.18138814325102412,0.04011893595174422,0.04620895104392679,0.07251715038225287,0.16147052296916217,0.21554783901870386
1406,0.12256013397892924,0.02100340341774656,0.011976856123008764,0.02712633517661344,0.0953850033578224,0.005222004645270628,0.022932663810117833,0.03603153085201128,0.09574397535774713,0.038797689111792835,0.010073797627049083,0.030616430131382634,0.004418771125355647,0.05389434484134957,0.03601867793875608,0.008651126330901131,0.0,0.06962245984386,0.006822040364599648,0.039651696918508186,0.08069307282104611,0.012462934178865247,0.06454547232906395,0.02444480707537055,0.12066244602881133,0.09495943353681592,0.029101653948795547,0.03513632345420038,0.13413304233031473,0.021481552408553498,0.010715876247203606,0.15738074534271376,0.020422882534286833,0.021067926939415362,0.039922732836518794,0.11211953849504197,0.1465509794807675,0.0525489898445808,0.014814470777157241,0.03522225652772105,0.20144841980488748,0.043966175072087915,0.09715697193567771,0.09163240352619055,0.12909882433745845,0.13096257000233827,0.3305772839204192,0.03164100013027073,0.27572533766736257,0.008979396093175232,0.011880293014030036,0.014574304337859355,0.03156751986460297,0.013151262186389423,0.02429147599979819,0.005783399647882605,0.013590306280220794,0.012339855770016967,0.010438086985490225,0.005403990520123307,0.017720733436423476,0.01336810860667584,0.03025535313838984,0.011213618579240168,0.03325658941399411,0.0,0.03558644921360254,0.038630889001774096,0.0036902250741174384,0.006659903106991126,0.0,0.058584159288440026,0.0,0.004104856685781271,0.005759419220751329,0.016565600065007444,0.0429991975886308,0.0,0.0,0.01857574311103087,0.013481283589916928,0.008164790310612458,0.07260137632148268,0.021091403242811547,0.01532535191106186,0.0,0.09122675605643141,0.17990241178142827,0.07402205432037147,0.015838124911585993,0.062411489581418816,0.3204201862937766,0.0026316194289233616,0.09179175030972286,0.025103667697644307,0.010024924239656905,0.012376600656008038,0.019596192517950993,0.06055096261770363,0.05487652541625118,0.062071174103495344,0.022007715669426685,0.0,0.010606504618582733,0.013363212328805076,0.020453442931475267,0.011658900887848652,0.12777088050956678,0.1041263041463947,0.07035376014707481,0.10359975602738662,0.21242016913002643,0.08190917080672033,0.08505219496698345,0.09598195760117745,0.08729867362690721,0.12563990743693787,0.03936709723230972,0.015274312723940621,0.00930215032612702,0.029698610934801955,0.0,0.06757587272318852,0.1857420618395738,0.04294356207533876,0.03708996718888733,0.1202220183788976,0.05003475929559974,0.0,0.013936590258483041,0.014157639377633216,0.0,0.018774683025733357,0.005472671782306569,0.11447516162257092,0.020680205069972094,0.0,0.010229662079132711,0.013534188972082101,0.008839681877968781,0.007535060581397713,0.009685242368929302,0.003891533894360086,0.031040043082986107,0.029015560585049584,0.006227808753508379,0.00929198708867001,0.02457918398058789,0.024790888866734966,0.1125294667897556,0.18201381733269664,0.15050272155925407,0.03850244512763055,0.09991119040217705,0.010850176540546961,0.023149472767385517,0.06471813368007534,0.018988226726653037,0.15015147980581164,0.0418013432135038,0.034383515421769276,0.06313147640391448,0.08200027614405034,0.17435164581750312,0.02682834988421381,0.11694035924368028,0.02352526124001624,0.005761861885535067,0.0,0.014527995006881376,0.08416454515393026,0.05711263057931277,0.04472465599702197,0.07257226878924969,0.04337043720603989,0.05823582595849683,0.09403991659752532,0.0798053782637446,0.007985282101499602,0.18429522530686335,0.020580140365830543,0.0,0.0,0.04495881882805659,0.11766705641559168,0.11823761683612606,0.14784941275166458,0.0194541348366186,0.07505010965182872,0.1152816141321689,0.13485523263693652,0.004779466777535244,0.23098789389909397,0.05836785628717095,0.006147971660176966,0.034557615843482554,0.1049955076136679,0.14181175471374058,0.027289707438521726,0.05536144146442155,0.042920205237885554,0.009763760655137359,0.051426671863916994,0.04024936660653856,0.03617986689014835,0.05998988965463226,1.0,0.07126503327568416,0.0,0.02037934666980051,0.1765536349888785,0.011960640472738511,0.13613531730253386,0.008812671902631663,0.0,0.06073544916815926,0.11187483906307058,0.014101315353872068,0.042914934439246,0.019846390125164988
1412,0.10945546043516571,0.05120820372313005,0.011740472619769411,0.014354605865914244,0.06353034542096861,0.0,0.04384958444755532,0.0,0.07228675674712208,0.036795026519522246,0.018611089335672626,0.09364829301551907,0.03728082971396373,0.05065655901942674,0.03343467189834612,0.008569066106497486,0.13904826312572366,0.11761710767367758,0.03488678888583233,0.08617006913015895,0.0996161168409915,0.0075603802509737125,0.5262804073872591,0.04700288803128709,0.0566051121028546,0.23095818337952184,0.04020539342006657,0.021041754511104103,0.10096093662614422,0.0030074184463108845,0.08347851432134609,0.16154653192974164,0.0680613604671933,0.07347431025316171,0.07432834402088585,0.08705108509852927,0.03217240508381983,0.030973756235293276,0.26582460605498476,0.035236338071534444,0.22987596343289218,0.11526907825596591,0.21122302986902894,0.35855896717238833,0.13439183574876895,0.06916407311100374,0.07205421925839522,0.08518078776117707,0.24598584981013136,0.04528617290812302,0.008586924895701717,0.0,0.007890232620389591,0.011006234951219902,0.013703498932601133,0.0,0.0,0.011652477209192429,0.0024312360013987906,0.002390653963951615,0.010935097384850571,0.0,0.03373969478576722,0.004374894347580274,0.018880747561325215,0.004779254276440409,0.015242120388768344,0.023078203299140784,0.009289637094772174,0.0,0.0029358658154151856,0.02060284001024598,0.0,0.004971371970474394,0.008170423205102934,0.0,0.022212459442043357,0.0,0.0,0.009345895938504135,0.016933227026848026,0.018031821783350895,0.018684874839021474,0.016539193459765317,0.0038570589649131364,0.0027208689512969522,0.07082084540946547,0.030378934288743963,0.01699396956140798,0.0035558877153601346,0.006595957287702263,0.06009704822161054,0.0696666307914055,0.12945231051156325,0.050776452224737624,0.07935036124023268,0.021043555411067515,0.03513460594746996,0.17404367383126243,0.05624902402704728,0.0945106352280203,0.0,0.013393012923609605,0.009228791552077828,0.020846990083639282,0.015796124423616532,0.0026718828317830803,0.033154895822048246,0.0,0.03342985285917013,0.02513259722880974,0.04246622473190109,0.03171436425054796,0.02271970619809823,0.02476754622292457,0.14545015840884903,0.07203119641765357,0.016653319858948076,0.0031067809404662396,0.01993519550263144,0.007078788632922514,0.0,0.12451872500037156,0.02668987111967447,0.010722568083578111,0.03019292764643653,0.012005663224948445,0.006554804401381557,0.0,0.02137502742064183,0.0,0.0,0.4203683010934693,0.17321459617629448,0.21865776837792186,0.02908377856813748,0.009600891423355294,0.007760445304370726,0.03114173581774276,0.007138875991279194,0.0,0.017342833240682597,0.0,0.007680730100521891,0.030231495406075885,0.0024723310844125958,0.006907832981247507,0.020901498700656343,0.007819876758004227,0.4974640256222527,0.32720687685001487,0.23914674769459265,0.08452505177031434,0.0356802679984251,0.10233760726806876,0.42432219819960987,0.033167207938783985,0.002609809163265897,0.03583894985276182,0.04980705576412381,0.18241465942934576,0.1412565716304868,0.208546016638902,0.17169155862651878,0.10202591176223183,0.5095888034513874,0.04195075367059588,0.008195641488077878,0.0,0.0032979665200235505,0.28247672168052407,0.26155379877244334,0.15909343908061688,0.028479184275332435,0.21651812188343716,0.3622283154183598,0.03775501267228702,0.07016248923973971,0.010033600958204745,0.18304674237696061,0.025447954146932333,0.0,0.0064742248924674105,0.01985436521705739,0.07846441855739729,0.07015411350923144,0.09812887357268493,0.036216509982169215,0.04998696781935005,0.08694150715011563,0.03593221813626128,0.1362886015655195,0.023653237829953336,0.05918421533559523,0.022812836865735237,0.12421652673690411,0.02846892149331557,0.37205622894237417,0.25754468641644146,0.2739146408871374,0.456478539274713,0.5081419939951533,0.031672046080774514,0.017593724045009692,0.032385556168276104,0.08352408763074949,0.07126503327568416,0.9999999999999994,0.003950833352806513,0.05239717790980017,0.16913456574077979,0.028199344135373818,0.07027007071673132,0.0028709535899868067,0.006750443333509059,0.2958707201833344,0.2773821932426349,0.003455875545434196,0.02233083614551568,0.00998348546198146
1459,0.008261854576433122,0.0,0.0,0.1175194790731596,0.007052327861099298,0.01934944095072489,0.0,0.0,0.03212871562662999,0.11975533327661647,0.0,0.0,0.004059030230593114,0.0061632557655144134,0.16712557245525855,0.061941211946401335,0.0,0.004993797932470748,0.01612211690615307,0.07188901704692695,0.0,0.03769123596307129,0.0,0.005028693469937706,0.0,0.010773033895576364,0.04278683398210649,0.013062216031128306,0.028803653743945203,0.1430806512627024,0.0,0.013246370142721727,0.0,0.0,0.0,0.0050255635155591755,0.010481798782001093,0.0,0.003792276928665569,0.02023824132863492,0.0,0.0,0.0,0.019552700039380137,0.006145911556062724,0.02100870235930619,0.031231242321385334,0.0,0.00583942869396332,0.0,0.2377055312866319,0.12185083843163053,0.047412734344000895,0.2019160397749878,0.2502443845844181,0.23583210168542262,0.36703632042953116,0.26116157300767706,0.17907642820020933,0.22556311311334543,0.15029900397171211,0.09116244097967736,0.12230884790812939,0.147346951525001,0.2360337581100372,0.15665171863042676,0.20262924370201812,0.10542289958741649,0.10622180105492805,0.17754580951869836,0.07387271029757557,0.0746980974972899,0.060362051339507984,0.18698711871780588,0.0872021981725834,0.14139104018001541,0.0923483455441995,0.21057927206671842,0.05650062483049009,0.08898524193321256,0.0651813257808691,0.027230686661975364,0.17305333241479354,0.43836852258818604,0.19404702986046882,0.16965256783698185,0.006990087448282622,0.04907100785008602,0.09017994861875653,0.12984830657219426,0.04942386384368021,0.013449405737545387,0.0,0.0,0.0,0.0,0.0,0.0,0.00622839714482269,0.0,0.0,0.15725602157247753,0.1181648554101304,0.2829133230804092,0.1257418886764648,0.18587881348329555,0.06863867862981682,0.06144251612023673,0.052508061675578414,0.01928192739269781,0.03267979095121286,0.00839519988949656,0.11001956171186937,0.011517492501640721,0.00718376162828102,0.01649243123904283,0.004171864858547746,0.039842542508323836,0.15692197375156522,0.10195044376353873,0.008184909395654473,0.15339403418370748,0.0,0.026025347061316144,0.0,0.09173158412759157,0.0198716467805679,0.04339870397341919,0.10108648171324736,0.08031038996281283,0.005365787843458335,0.06603108305921604,0.00838724977015895,0.0,0.0,0.0,0.0,0.062359570407019914,0.17151763185470364,0.12984914307516116,0.21488027963594153,0.06635997390136361,0.18374411222512713,0.017693527116626494,0.046759925492656916,0.11670513935808752,0.17818443479129414,0.0,0.06223542469169577,0.026226522559652986,0.0029043078614633074,0.0,0.0,0.0,0.04980126967518025,0.013867134232572034,0.0,0.0,0.009511316060360087,0.015784317335276937,0.0,0.0,0.0,0.007268204689202379,0.0,0.0076713532868889316,0.042299166676521095,0.06545706972887662,0.14442897515879174,0.07722190685496592,0.0,0.0,0.0,0.008074503789412124,0.09780594980785087,0.024642636080379348,0.07834928899304172,0.0,0.03723571885316495,0.003659069932239585,0.0,0.07100222017376032,0.029037364765152077,0.08689583185969219,0.005928842108177852,0.00563922197586644,0.006454234649761969,0.018628646049725753,0.0,0.0,0.0,0.0,0.018141032708153645,0.011088277009139218,0.05691528904500005,0.06623909225543008,0.03667269398276777,0.027855804857696235,0.0,0.0,0.0,0.0,0.02068446572762184,0.019112356487056822,0.0,0.0,0.0,0.003950833352806513,1.0,0.03470220581019551,0.006285626281227494,0.016628356962881483,0.019382451728851925,0.14296507475738568,0.025077678695113435,0.0,0.0255311184851809,0.024385995327660642,0.0,0.009459355627203393
1464,0.01207562881665267,0.1019859824215586,0.0,0.1493129206518042,0.04565907163525856,0.06014774038082229,0.03974494923592185,0.03816375035658835,0.09623400297129064,0.28818403682350946,0.026996885422450878,0.09457347428670725,0.03264732854603954,0.00959036593322404,0.10306941536562657,0.0857399107174362,0.04234391382011267,0.03851252294537353,0.07485582467252942,0.139724874334359,0.04458515485878165,0.059166185058656146,0.06186900625073102,0.02055382067843891,0.06575828621467669,0.046432624214613985,0.041182060275703716,0.20219376896378577,0.07305309013524587,0.016033010838562654,0.0,0.014495070470928743,0.005661560315972428,0.03239917002096861,0.010460047441879596,0.013641439550764438,0.018136829322685448,0.007188173036674767,0.038461402654940316,0.013684705923276412,0.040041773511695654,0.03149296234659812,0.007532972913000174,0.11232337190576008,0.026831805207723405,0.04947683533171705,0.05467403059710894,0.003813683607088588,0.013696282455626029,0.013277515643049527,0.058524547507081776,0.08211364497541454,0.03167403130815748,0.07889151239774034,0.09741693083668027,0.016584507464281334,0.033525786863733045,0.1033002538042545,0.030555603346631183,0.01846136549427128,0.09900693517119255,0.032007671754796775,0.060346679422103734,0.0447012224056431,0.07469274066442363,0.01740782180137425,0.05176768409711927,0.06738823610133247,0.08961942163379923,0.008990229618182166,0.012249698684869977,0.12068973360412653,0.0,0.020903402687929833,0.02445444110688797,0.01907326113237526,0.01924975342812977,0.014931778757580273,0.0,0.05354912041601143,0.06023814161042422,0.009801353544051206,0.07507847547769352,0.054622325929003485,0.0671460230053401,0.07354785242367974,0.020457961891040162,0.013526120499252857,0.05128950336400861,0.053441967562088306,0.027791442214905416,0.01955693051074771,0.01342655853237262,0.009292300750936466,0.02111981775657361,0.02826006745486096,0.008750079280538543,0.006305171243444097,0.019502219195416826,0.036433515854966896,0.030652738939442536,0.04521135932325676,0.01596627575493517,0.03313816250614384,0.024088855234538388,0.04590225523830348,0.007569992016354934,0.013606894308416318,0.02384451691689781,0.04181886240169838,0.0,0.0,0.045103295570936085,0.0,0.014238923864372942,0.08687641824274958,0.012104472352678308,0.029865176779731824,0.04359226452277052,0.05687578012099932,0.061116039355697635,0.024257466874606923,0.023183067175738828,0.02588419443359193,0.004818930269265046,0.09794218746388855,0.02318216656251107,0.02784007010402808,0.012144170042182205,0.06052602754130335,0.02144830194134792,0.03127924312515191,0.048198915602680005,0.1022346728660936,0.0038566920082360448,0.04301758100773241,0.020415200184567196,0.023792093484087798,0.08983635919345702,0.03049217448377956,0.014888717941574748,0.011914222078077739,0.030408576216656727,0.0,0.050381328628901975,0.026046897584696763,0.06732146863588587,0.0069173926964816905,0.05233674428727057,0.05848775610581383,0.02163814274396527,0.005659767388198236,0.05072970533146282,0.05270613300410422,0.010760267402133337,0.07894128853487106,0.011884558150185172,0.0,0.0,0.0,0.005034010855886012,0.0,0.0,0.0246359928820529,0.0,0.04940292208310993,0.07410925293139509,0.031341787386698544,0.008995832009263247,0.06401946068263763,0.010459259578971241,0.003702906528884155,0.030404690191622195,0.04423344332426013,0.05531646358559958,0.12018176635342884,0.0501504319565688,0.005443453218542014,0.053354306816290525,0.02581869717377716,0.13308114860575804,0.006347447806537522,0.0075934124191931055,0.0,0.010207843962526959,0.005262909379470566,0.030056360328893583,0.08710824368998138,0.0216414724095738,0.02626814346701098,0.017132788385629514,0.0,0.022827583957852834,0.005425637059489258,0.13803472339528594,0.1697764757336559,0.029500602769041685,0.037459031146275135,0.0448680128486268,0.0,0.023426038424929227,0.027114436677464267,0.03261972959733376,0.02994984332318635,0.014952619680880429,0.030771157263727904,0.02037934666980051,0.05239717790980017,0.03470220581019551,1.0000000000000002,0.018880148620470397,0.0,0.0,0.08798188251174216,0.02537156835660205,0.05145294184645341,0.03362215620712351,0.05751204481178576,0.028772698976023137,0.04627281246086404
1513,0.05339285072027507,0.016502820065436574,0.009753191849351028,0.00893160469448637,0.05572188763740825,0.014700143131173097,0.039332301500469846,0.0053004738065629475,0.07202449265181891,0.01173362851628856,0.006397325651428616,0.06097540521565264,0.02471056119883578,0.07460690493825385,0.045482290126610495,0.00962644192617515,0.005573957977259071,0.07622868422101596,0.012779345298840988,0.025432060255971715,0.1967653161861778,0.004378006868647327,0.15627787077821959,0.03239371388901764,0.09603217916569941,0.07671587463708388,0.033539513754163884,0.021749146699489543,0.06679757646042071,0.0,0.016350085623503048,0.14487671033467872,0.047880535315114985,0.08144255417405541,0.01926584171651063,0.10393610271839986,0.05628939168804664,0.01509208332653754,0.12132281154598068,0.01127593057471948,0.1397721830988898,0.07638469083552098,0.0863473656015698,0.20162519500352238,0.16018558542982486,0.07366307853609401,0.13898846803304352,0.03362976822129222,0.28107815523125007,0.011111677513239628,0.0060524711045016975,0.004057843893217463,0.015212700937456913,0.01137991854525142,0.01826677613936191,0.004488234256533814,0.008476365828436912,0.01110914186545758,0.026181607466865396,0.007814801113253021,0.008275754686971261,0.004350441652406893,0.03455381889759288,0.004186955136193062,0.028078380590704687,0.003634520184418329,0.0033536189928284983,0.03095293617365371,0.002976122895412613,0.0,0.003954026207998131,0.02320504406439952,0.006612423745220065,0.009033241526642387,0.009712402167233276,0.0,0.029294476619735946,0.01190117712318875,0.0,0.0,0.010878586766686328,0.005075927504156315,0.04472862393071601,0.02085333503186024,0.013926739230932343,0.003995317411320971,0.06514012510759547,0.04231166590532165,0.03637342723655241,0.012551998262074322,0.02561866675913235,0.1658149597000055,0.028427702176770014,0.15180314929993852,0.07780299220537544,0.093535237463286,0.017822231867021913,0.0,0.14691831773431632,0.0727430365898306,0.1857521300568681,0.004130176366492238,0.018070172682685254,0.013862878074210666,0.03745144692385194,0.036475756429610956,0.0,0.03067092945126219,0.03005997615679715,0.02632018781836009,0.047760932975123516,0.07407514746075862,0.07867507203858483,0.06442557266880214,0.011922711604082214,0.05960222190057345,0.08605898999776804,0.010992701681506073,0.0,0.0,0.013773757756954252,0.007165418757208808,0.11692136644559176,0.020585974034913735,0.027574425270238005,0.027612456133568008,0.06062379099078558,0.025102964220237306,0.006034330252475021,0.006313102988060932,0.054449079709643605,0.0075737720615906496,0.1621314687938823,0.11756231697724201,0.11343740575217402,0.01475969792115579,0.02772704530476185,0.010426391469077114,0.01660970715808733,0.01655199365261427,0.005714906971440569,0.08926492013819264,0.003510355886107417,0.026833130971397844,0.028293977218124537,0.021989445698723062,0.006890520711623851,0.06295467689981556,0.04196840196398116,0.18469710467155262,0.12296464387220848,0.12834214910238884,0.06082287910965184,0.05368113831598409,0.11485763254014085,0.1650508606668321,0.01659156458318964,0.03679385437758195,0.0884255167661648,0.038529168962621686,0.07325366379250803,0.1338897731452003,0.12799511227939156,0.39968865897739575,0.1445841388233226,0.17821098310730624,0.06288799574028342,0.020375865661308768,0.01140409186177949,0.0,0.12342760607633702,0.09559483699004025,0.029328660130114967,0.017022239938286804,0.08765825554192581,0.12796882357302694,0.036481856126134686,0.036126378826648826,0.005263918184748562,0.1601787626892608,0.016165393266373538,0.006467344059856999,0.0,0.020909715437160963,0.1033300322184547,0.08736160717952081,0.0993620262914359,0.006915369452490114,0.010621240195700016,0.03983682870894627,0.11212076822490323,0.003845737434813356,0.06439026181098728,0.14132323354236387,0.010857016904122413,0.07364696205200566,0.05694213493259326,0.1597549720464974,0.09039917471635801,0.158231232581042,0.16116151750028923,0.08073484046053356,0.024122934885382287,0.004969870954447833,0.04834338280710258,0.07200749557425569,0.1765536349888785,0.16913456574077979,0.006285626281227494,0.018880148620470397,1.0,0.008231770981811054,0.0735345190280788,0.00934126162119342,0.007645286215989445,0.14011303816418993,0.12352534668695354,0.004890730888620719,0.03870209060934815,0.03382728581315566
1613,0.044476654736632294,0.0,0.017548273560967553,0.037882074280258936,0.07976312495332107,0.0,0.0,0.0,0.08292771245328363,0.08840194816016116,0.007549001957282767,0.004701305223204527,0.013395827433978415,0.032332971352744745,0.14439696716790057,0.07592165911303835,0.0,0.05920654635625357,0.03592976711994162,0.1263340122893105,0.00796673556090027,0.07625111882134916,0.003299965165404583,0.015228114672687648,0.0077465026580219535,0.008236452090491278,0.02701945110770041,0.004745083151890796,0.06059253858111283,0.06294605905422483,0.012745936265023688,0.03636976119151734,0.04774979893642731,0.02688798027589461,0.006513328607653901,0.028626131328208092,0.021644273520687884,0.006607347773210953,0.010457640092999793,0.052419172904769114,0.03902228049382161,0.004299654537476885,0.02724805532200792,0.05654585026992477,0.0748252754753753,0.04176303577968408,0.06003795772846654,0.03528675595639134,0.03460891171997478,0.04812153273146258,0.12252874199870971,0.012002426696295303,0.053710931207678676,0.22371936796512082,0.09786994631088332,0.05346057379903265,0.10488097935456414,0.11541560779639568,0.06511994587681683,0.10743114605724381,0.21513409214117615,0.027030950353605945,0.08095542668053186,0.07730480264497527,0.14530537453545028,0.14006317980720573,0.13657652700660083,0.21781925733072854,0.09474018159150646,0.052589728776193945,0.12942255325288446,0.017783175190141838,0.1009175783826717,0.06589669922430039,0.07896502938529382,0.017625691985424456,0.034263817364095395,0.07259283217780203,0.17114084743727287,0.1327542909447325,0.06453670216250307,0.40669757684818575,0.09830662620922134,0.07068380257386164,0.13450265958520252,0.04832367080616033,0.08470108435669721,0.11033054163717991,0.06021718715146457,0.039172266875361746,0.02348398576725564,0.02457533123053758,0.003079582668606512,0.0,0.041290694167008514,0.01994031357943775,0.024451943317115834,0.020757437435699896,0.02095314252788896,0.04148051524552912,0.006884573698289369,0.03736690371193667,0.04766849542309549,0.06931497581981266,0.08568810335124014,0.1261992751285233,0.15904788469921272,0.3702462396321319,0.027051432639138152,0.03005328208258361,0.005770800343452576,0.01821541155931457,0.06532825155647937,0.029212066666509714,0.005883420948421553,0.012777878623055964,0.05615624300791071,0.04325456458094021,0.03778351813262846,0.12604765505283894,0.04507008158477567,0.06580268248452946,0.0157656690915662,0.03003639067716249,0.02315276315598158,0.06719181823571918,0.05648864177056731,0.04678380268406043,0.0799245683384361,0.050803435214397175,0.11689629767146079,0.03735000981154799,0.006092745715181313,0.01695647445542165,0.02566259737975141,0.0,0.013539885792765289,0.03939147579267675,0.03333467186107943,0.06539647832449026,0.03734260289110897,0.03128415141438748,0.051220453999822606,0.006545344210178423,0.04374384680281545,0.07010770640223431,0.14787671936868393,0.03061828844780135,0.015855079483107406,0.02207719302746291,0.027720713187513592,0.0110929320426335,0.027983097902071694,0.0,0.08763397840972284,0.030872921068898482,0.08604551021465653,0.016968832467225966,0.019234355552029004,0.01912641724783189,0.03706223848402191,0.0195068999895341,0.0,0.0364706802470349,0.011635737770560668,0.009167126874154656,0.10722555417254515,0.19370888175373835,0.03735256287035498,0.11857788102792231,0.021332321763841307,0.01626596744171775,0.005394207179203117,0.03404118589608693,0.015310493123230209,0.01787752573219615,0.023518586756056913,0.016311324742686747,0.03597770000118433,0.014750401252441266,0.0,0.1673283295328544,0.10595781946028208,0.016854039330110766,0.045575417271087416,0.008735423966008411,0.03153987446895731,0.0032982466189733243,0.0293970674368094,0.009373971650744689,0.010669790065269774,0.016015289759010082,0.013508729032207307,0.0,0.02543060480404923,0.044503198860191245,0.04281218504660939,0.012379153510854609,0.005567843403452769,0.0,0.01131700334075808,0.0,0.03328798393664927,0.057655234598564566,0.0,0.02396604861569116,0.011960640472738511,0.028199344135373818,0.016628356962881483,0.0,0.008231770981811054,0.9999999999999999,0.04167212027149443,0.09249607098462771,0.0955467628775291,0.0,0.008921432685507907,0.016698569282520885,0.0,0.016973427907085857
1672,0.1115630672921264,0.006399247896725051,0.004101325195763749,0.007454381631903395,0.042085295580764605,0.0,0.0028303309166537627,0.0,0.04932904315649867,0.010131040913803157,0.0,0.00616294279858637,0.006184193562535636,0.041830305065806504,0.05779340201579358,0.0066323325425104145,0.01206288923112695,0.02554107734614652,0.0033575098976824907,0.03488611583509586,0.023623211534301844,0.024534533758944113,0.024298541919667568,0.032958991796035925,0.052405516827670265,0.0622148110858661,0.05182068894390945,0.00771763394650323,0.10974011473630552,0.03700313553631933,0.006328212452857264,0.2388182140420816,0.01248303753459589,0.019125449002285855,0.034197944811378445,0.05910720744556701,0.2681423601889958,0.02100708521749249,0.020306147582155785,0.04048217011193577,0.18456793541839786,0.01921466446709445,0.038942059582486026,0.05446920997136324,0.07657599388832603,0.077502819669744,0.20523094906523578,0.04711315416278018,0.08662301121594602,0.010421050187953612,0.02363903729944274,0.0,0.004546911746186247,0.03864510959701145,0.024656141819389722,0.009720984237516685,0.026902107749721967,0.018689395353168547,0.020796824222263453,0.028557025613844135,0.025936761835434554,0.002813976567907958,0.01675710119830345,0.016380327812644157,0.04679690420217893,0.0024954444619966418,0.029022598278266178,0.03720134406864451,0.0038271882095885896,0.011909815353743778,0.0057096503257601395,0.023837790886359685,0.017953805484114516,0.012851841278975512,0.0038277037270078073,0.014952515792309808,0.040361236288922006,0.01775646496155423,0.04073333397774239,0.052603591512591086,0.024493890598457833,0.04527979976768061,0.06864546338673351,0.030542585627501364,0.008521152907345921,0.020753656500356554,0.04329321977410658,0.19398554674060278,0.16121887826966025,0.0312002869971414,0.11817154689665242,0.2046038466920536,0.015201971727764564,0.042786514762811506,0.008279894463246078,0.010988376784414965,0.0029812230645095894,0.017983882550033154,0.02112528054382437,0.03296154476691889,0.006022475705778333,0.01325547738901825,0.018176621917269865,0.02823190664477916,0.07242640321256189,0.0566366155101444,0.031091055201793102,0.12838872794600964,0.1398231565335148,0.15026604496650683,0.2795151335091947,0.30449531842775507,0.2085632588934118,0.4999301723161704,0.22263321588408197,0.0348975610598264,0.10969745347795677,0.06894330639600324,0.011560293785217479,0.007081887483579084,0.003908772717249186,0.02704115889584767,0.05762571053739022,0.30817712843446465,0.20776338142574644,0.05445433540792497,0.17261863082444545,0.03120014419533739,0.02001546019602222,0.02928514740285473,0.01919534334509922,0.0033340184919907257,0.014563877197500463,0.006511242357417034,0.025747599270813208,0.017455864909658485,0.0,0.015545693550801242,0.01967741833884557,0.033572844941038876,0.024752103063235338,0.012818180242544129,0.024451903730130165,0.15050422976241107,0.012454983798671545,0.04041642940277826,0.020262718637431846,0.006860604305233717,0.06033918682268014,0.13930268344325802,0.19028243441466086,0.019791478355367733,0.005317270199351962,0.022419415366534214,0.04359976782175405,0.010466766437917411,0.005894190779839194,0.1589163339110611,0.2723288500446326,0.2881263044659357,0.05513233425959039,0.10443826943291604,0.08299491448144564,0.05460952843377074,0.0,0.012407219690836475,0.0267705034933242,0.044282672938270554,0.011824079682549067,0.01500741483601078,0.12149683564218261,0.12833369626008218,0.10146242536634775,0.1519714560887572,0.1579284706405813,0.01514088852768491,0.13507723284937095,0.002933468906459704,0.012917766808162597,0.14565734904965633,0.002902742347250276,0.04807854287642371,0.014098853503148304,0.06164541611179275,0.3126996787924815,0.034908627178365466,0.009979007056460602,0.008034918394537906,0.03472307984668201,0.09145708793660566,0.09273394705048982,0.05310942464826383,0.19581670730149464,0.020409430386142086,0.0032999660291122765,0.04484596450360536,0.17074737376770077,0.1633326586737017,0.05727433108557807,0.04065296924987665,0.056271817066223466,0.028162950722771158,0.025027381059833445,0.04674580545164693,0.003206781548286968,0.026679728231307896,0.13613531730253386,0.07027007071673132,0.019382451728851925,0.0,0.0735345190280788,0.04167212027149443,0.9999999999999998,0.008928466166692958,0.01616067329446713,0.11462523036810365,0.11496206884253847,0.0,0.023477149471372173,0.015931473570436384
1934,0.02767607010394532,0.0,0.01118517263262474,0.2713462375623582,0.057643517079310175,0.17348340236013363,0.004455517889127924,0.04170190071271075,0.1392657340706161,0.2536553008999004,0.04837375376169496,0.009783576834476124,0.03368170226201593,0.05342482505067663,0.30550281957524783,0.4356598895126442,0.008531915797465052,0.05869487231269263,0.05527992525180571,0.11746714120991053,0.02421590040304569,0.07404530103303127,0.012911410004377767,0.023002029004133045,0.05464402683648126,0.0050081644311532735,0.06254455014545854,0.008327759589073124,0.07234575374911108,0.0832269463533069,0.04726691029051162,0.016680622832252835,0.06600436987374357,0.010920735147509126,0.008039613218204048,0.04372339331358117,0.03821422483661886,0.006852887625005764,0.011785788381987908,0.025042996424471258,0.029553199658237397,0.011744062394030384,0.0036987780072614924,0.05493259797236767,0.1278153257903747,0.10533894394841298,0.03555896779667701,0.007669793693120847,0.01867813363387107,0.013922631401072857,0.2251139509184802,0.07364818507917668,0.06853150833804453,0.30731901710756676,0.24750194168967782,0.11387041962822235,0.25684943761863677,0.32806165835898293,0.12028071831556844,0.2499085880803013,0.27870091289767873,0.11603257633277494,0.22303684896029277,0.16505229971403335,0.32821292364814164,0.2768879943868352,0.29624289580655744,0.20320609241809953,0.13144687302332186,0.1347303121204164,0.10586973401305318,0.16541056715414473,0.1168725347597993,0.0806699838386575,0.08347420912856866,0.053717911205505696,0.08921938267561166,0.10401358201267188,0.06044133699353241,0.07021456219465405,0.10301189890537518,0.21391265204574658,0.181539652363375,0.20382419539839458,0.1209289435925823,0.2575999251804698,0.032669307039019546,0.050573226975807385,0.09052249907811948,0.07718153703668158,0.0393001415068798,0.01935996704840494,0.019845802012878732,0.04045216054552997,0.0881817767656253,0.0336973438723846,0.13915389824809224,0.029863591800772908,0.015462466934485086,0.04478481210874368,0.013466190792964522,0.03601643177116957,0.08303618471364124,0.15872778200661258,0.11907932653375451,0.2103987307357084,0.0772313279988539,0.10704305303431977,0.038375959890165776,0.038153311409324674,0.013928715062480761,0.013476054625958803,0.09699831268580848,0.004458347056689395,0.021519829353293975,0.031169436996624767,0.004349042948435056,0.056583489962367964,0.1196824631483208,0.11218452471784893,0.11902056269316776,0.1811285352203154,0.036433168039084654,0.022441967462720976,0.0,0.10776963465448326,0.018199860487319423,0.035804677957647954,0.16588193870562873,0.129399265225687,0.08576913981069811,0.3951948209930859,0.016191222345384372,0.031899279160678494,0.007214611323459781,0.01929060959697936,0.023594967819692912,0.0882051400826549,0.22487730301681574,0.06711447640789645,0.09741045660199614,0.08808393819909902,0.15803798595271482,0.024078742166502003,0.3660226319357338,0.08874785942769396,0.19769327051993013,0.11227710371095169,0.1710308679954001,0.031227446096658205,0.0,0.015741333006173665,0.027965665713379294,0.026530264974711733,0.022024988389844777,0.027339900125492155,0.08044136989657709,0.0,0.0,0.011781206028097499,0.003914055025176667,0.0,0.0,0.019791363831958723,0.005749843025997549,0.0035345045483645794,0.23556993427011727,0.04221055549176681,0.07283612943535299,0.12070381759104497,0.0,0.0,0.0,0.012137359509615878,0.013797152695345826,0.025582866220527946,0.023857970531968233,0.008436190242249505,0.05205443188760278,0.020208259865931326,0.01845834631711472,0.22076252546404124,0.11976851176646873,0.057215438740715094,0.027797106467256853,0.048458920032743366,0.06226334449125286,0.16495615277184986,0.006478227678701585,0.02012464555671437,0.021435566386274398,0.0041361257484540705,0.01200010238400391,0.014675632131609844,0.18856458732990866,0.01372638389688782,0.06198892599037109,0.022944397998891614,0.0,0.011140013793581325,0.0028322876139665067,0.0,0.07051809309104548,0.07446479008069902,0.07016593284316713,0.08579494728077498,0.008812671902631663,0.0028709535899868067,0.14296507475738568,0.08798188251174216,0.00934126162119342,0.09249607098462771,0.008928466166692958,0.9999999999999993,0.16958828752618646,0.01593839323679001,0.022633352671066573,0.31569754540832035,0.14468224423100765,0.07583960008839093
2083,0.0633925909180019,0.0,0.12989037173054743,0.2691314293452845,0.1132823297920535,0.16547328261792854,0.06455126543712844,0.07588380280737658,0.07595474901891418,0.227016375730961,0.02964402816914305,0.050979773804239945,0.05441994842327641,0.05539688797488199,0.2190901560601298,0.19225254395775956,0.0,0.11539830248007395,0.0740083080328793,0.14509462064994227,0.021504390380134093,0.04323067630753152,0.01860364614413267,0.07235452223959249,0.05397698732493087,0.0,0.02148274985575587,0.0,0.07600059361651992,0.04230985681101925,0.047778729813561974,0.01932622180320113,0.10943864056052197,0.0669112608619952,0.08656411729321553,0.07033341435501513,0.03988683850954346,0.028972372131183956,0.009671753197686869,0.03476566724284026,0.010977728411349887,0.01852534055454369,0.01798863083529196,0.0830503767932964,0.050183591358218274,0.09971432885250253,0.04031179485496435,0.04581456403245623,0.02176400538243902,0.03668233146262609,0.14886206801138524,0.027513465899198578,0.20931056457269365,0.19568469926491117,0.186157474613895,0.05702059974747667,0.08335193182667809,0.2065404437871176,0.11141413027558979,0.08059417140490503,0.200335698234086,0.10044911788468852,0.1611971893029933,0.15797536117598074,0.1939296825269022,0.15203255738126453,0.15184566842272273,0.15588025215165155,0.17259287036212292,0.08502534814365534,0.12884547334414231,0.06274747112853339,0.14090394504969977,0.10589237638305192,0.09325814589053454,0.02148012340464629,0.02948324722974205,0.06376316746675709,0.09458050279806565,0.1054706227716422,0.06258952858771537,0.25322956010717923,0.08442577889873895,0.05746542561712454,0.12999862652359342,0.14771856099444522,0.0059421224095305685,0.034346750518052,0.044043704775054246,0.03920771662696898,0.0066929984942985694,0.007844101771135644,0.07205529340440164,0.07396178817017912,0.19283897743065498,0.04999112768003818,0.12480336858072894,0.0674056547682987,0.030613597043052304,0.017809390818508325,0.0439123467079585,0.03464414611249647,0.04270002427395722,0.07193924543456262,0.07610610093859359,0.1943891696123576,0.07758875521044283,0.0642179834663169,0.008992899574733983,0.012868670437076134,0.0,0.0,0.048923637924400104,0.0,0.010946996634738634,0.02961449765373232,0.01675922591720289,0.015171241278082646,0.07718579663303117,0.18158028642898857,0.2000355444543323,0.07121254401199942,0.02998384580409519,0.0231253357704982,0.0168849509800692,0.07933608240467863,0.009550912851099639,0.030403759436907728,0.09527556346678002,0.09828729863802117,0.09681034647634416,0.12051680474732639,0.0,0.0482971810310602,0.020538053982308603,0.018706630157024055,0.06883108123894828,0.02451670783398436,0.06790688617296729,0.034211039150291334,0.022545661709252672,0.013495809996583081,0.08192496247232225,0.009493017856992293,0.23019128317741017,0.04965654729917407,0.18265503370137168,0.12002251202748712,0.11522531309018219,0.009662767676075492,0.013622476631764116,0.04427022711846268,0.038047289582047346,0.022277642554221263,0.03079699263435951,0.017381605324030873,0.1455676619667961,0.03749819401792593,0.0,0.0,0.033571301782768834,0.02075489694526285,0.0,0.020144884210726098,0.02123992983242764,0.010078688397727315,0.13134798445460472,0.06190003468177302,0.05475662438827685,0.1025669902597556,0.00443332476610527,0.006756424768747358,0.0,0.01809107448560887,0.0,0.005327117688596167,0.008049442936199728,0.016179363542605726,0.04573731336591907,0.015591737299576509,0.04691095971600346,0.17444682512828152,0.025243144646704067,0.021298178957594602,0.005379859546944152,0.02089876197623003,0.0946751004315898,0.2172113181539595,0.01295401121980693,0.010953881941732134,0.0054812289354751005,0.0,0.012051795635424082,0.0059920782209850285,0.11169860898880501,0.005304071534917805,0.018035579958637943,0.007808328895717038,0.0,0.01905854322634221,0.012685646636722139,0.0,0.03984849075825421,0.0,0.12080325097178923,0.18138814325102412,0.0,0.006750443333509059,0.025077678695113435,0.02537156835660205,0.007645286215989445,0.0955467628775291,0.01616067329446713,0.16958828752618646,1.0,0.0,0.0,0.3037472437162855,0.08751836076474068,0.1697479237434576
2343,0.057256084612705524,0.0703908044890555,0.005326395840923938,0.009441023692628918,0.022191351097158498,0.0,0.025459499687542367,0.009125236532391851,0.03571850441062376,0.019899888866492257,0.004790874997410644,0.05550987619001139,0.013219947598002896,0.026717537279472625,0.03434651667898927,0.022116157788352298,0.027979668987337603,0.021743513382139822,0.030819879927286666,0.07833426789426316,0.06148485062477587,0.004126036849109124,0.18278394640545462,0.009846331698298627,0.046862120187310397,0.2019663416822704,0.020882654975893655,0.0503126020038781,0.06363678001075455,0.0,0.0,0.09252745140608803,0.0034003631205819043,0.022341367417960063,0.010627447435420658,0.048553497640008325,0.030355978021289462,0.01648461119382591,0.06900152772415055,0.009651347674610828,0.0938472142852047,0.029293233948118263,0.02760018676611236,0.11983350851789339,0.032511279174594475,0.05795868847280337,0.08982305461276063,0.013458291019319243,0.10658655521215028,0.0,0.0036629461361281533,0.0,0.003934070451440493,0.011977197894872607,0.018042239005284594,0.0,0.0,0.011297750557165679,0.0,0.0,0.017993344141573348,0.0,0.0377482217370803,0.0,0.01753078416784518,0.0,0.014832537520289728,0.011910672670384655,0.0,0.0,0.0,0.03974207916245191,0.0,0.0,0.0,0.0046107579017954465,0.005194757291514708,0.0,0.0,0.0,0.0,0.003765209015571835,0.035323746174575205,0.001866488480400646,0.0,0.0,0.004467281253287184,0.04269193978166118,0.036744662778916345,0.0,0.0,0.039632931004514635,0.0023425567028411694,0.06436426280241835,0.008999528857183978,0.02043877686950071,0.013457310443824729,0.004213314375972468,0.030381879633624192,0.02204352610587261,0.0028313240473158024,0.006753601590956219,0.008894091898987452,0.010312286566747339,0.0037019119129404667,0.0069118814966367004,0.0,0.00622685993914206,0.02014994733015566,0.03466062669443005,0.02047325700486506,0.03368364194729909,0.03164777256069323,0.06393667828787561,0.0680770341014604,0.030859405769697982,0.025830737495608387,0.06718556963014811,0.02869730131118179,0.02076418633107996,0.0,0.00440594938974723,0.04814884657934977,0.03923842429011791,0.009056469159937994,0.0,0.012756746142250742,0.0,0.0,0.012988069325802355,0.020246032000654807,0.0,0.1224563535758755,0.09838843873314092,0.07780819060687272,0.00359889048087806,0.0052153069485751805,0.014881827306099951,0.011332744477400767,0.0,0.0,0.018656185533512948,0.0,0.0,0.0,0.0,0.006529498241673163,0.0044122578643413955,0.03185813377260169,0.3612824530903113,0.23282952777927443,0.04424111263330236,0.019476187703643958,0.04560547324588716,0.035364192502071234,0.21391002584418023,0.003292659227262501,0.0,0.07298029234695755,0.02223346033794214,0.16502794087819125,0.13423621941904273,0.06375570920986427,0.07166398777512453,0.03262125792329673,0.1917437710044528,0.03420252994005732,0.0,0.007861345783206077,0.0,0.3464766842672298,0.2714349471818216,0.10133441958157115,0.10762042751490641,0.22490199899956875,0.2128500906435755,0.035016889570670465,0.028531057038366045,0.004103183253492976,0.11952745255555369,0.03956097778364027,0.0,0.0,0.0051914454337896885,0.043924892455126846,0.023935631783756114,0.03313984102284365,0.026357316630577998,0.01525927629821654,0.033735368282127066,0.0038967778457319408,0.011189282107935848,0.011730697733294935,0.012944112121531803,0.008540641401918514,0.07000183940719451,0.04556154210837349,0.3521101415700141,0.3752037972663566,0.3493409551819086,0.4323890034890274,0.3169199274765109,0.004404504185702268,0.004476146513056997,0.013166437097524405,0.04011893595174422,0.06073544916815926,0.2958707201833344,0.0,0.05145294184645341,0.14011303816418993,0.0,0.11462523036810365,0.01593839323679001,0.0,1.0000000000000002,0.24358757298450137,0.010807274578484155,0.009084518704569106,0.03702145529454082
2346,0.07689774690114032,0.02119358251133677,0.01218390878822982,0.016946082185983764,0.06570992135324276,0.010000496255734624,0.0063008315188351535,0.0,0.08547917026053181,0.04189186418468986,0.006813772679727232,0.021646438544307527,0.013490542038725035,0.05248873713434186,0.03818503407728791,0.025860180731557058,0.017033858500205012,0.03771307158357958,0.06942079560781554,0.10456077238157134,0.04261477684405805,0.004373593882040231,0.169278205821943,0.03164060397993097,0.07211531459931855,0.30832933757701714,0.04204848356417796,0.023626484627326173,0.06459455678931213,0.011363529029108298,0.004546121656000825,0.08625921096858527,0.019656278974273304,0.019084335513424377,0.02918553294843992,0.06547601434630915,0.08672221097389997,0.0058826727033409534,0.1323972723974569,0.03531765879860785,0.26414972412116483,0.008446752377045378,0.029293922138399493,0.18775251430221992,0.06955796674754791,0.07568110982139573,0.13689729898843106,0.05366905601021388,0.17911421933948846,0.01694459823770257,0.021759988636663837,0.01669399022504477,0.01844337111512057,0.013071825048381419,0.032452444793332015,0.0,0.015267314409101618,0.028354158140091817,0.00669624797228772,0.0,0.01989880816590106,0.0,0.048382467581129913,0.006490318759495069,0.029834384276960245,0.00808957508572613,0.05504609822910192,0.02440076597755727,0.009251901941909113,0.006346887973811726,0.0,0.06073138912100737,0.0,0.0,0.0,0.009104369743750583,0.027835425349235506,0.003244926610421662,0.005986194106720644,0.030548049425322604,0.03548176055865595,0.004788073765051761,0.07305530730106596,0.013799243484271752,0.020197477115241117,0.00481239392462597,0.03832843330429968,0.0966304529767506,0.06390404869729488,0.0,0.06421142357639484,0.09339060182245831,0.026857510462330484,0.08020775009128828,0.012609907622984595,0.02611849942470407,0.024921849713975548,0.00987455051241152,0.0799632263564117,0.06907178366825426,0.022291776626478032,0.030332014517378634,0.011450667269908784,0.015282344360986007,0.0039222417342609835,0.010575922942085359,0.004856399971810243,0.03270688682709591,0.011826935756525589,0.052310136402930155,0.04884252430712499,0.11202545821156748,0.0893863466793881,0.06861803105633954,0.050690264083320696,0.07249541891632938,0.07831016300625127,0.04472430140675216,0.024657196450665983,0.051262168719479015,0.005615552394899633,0.004716541426053505,0.12816121972756833,0.05574892688490273,0.03288245813407997,0.047404612392367144,0.02977524112441762,0.03204196645129216,0.0,0.028487215565915706,0.027215967792150273,0.0,0.10576951212274459,0.05830025370737434,0.12673775093906658,0.009456327415631478,0.0,0.012786712431681283,0.03873653202238109,0.003806007610440325,0.012499641955988195,0.018520369380567947,0.009060628363003764,0.021078041445764265,0.007538949527122734,0.02962656440673409,0.013626947502544184,0.005961439797617064,0.013776010626468943,0.38602278097456805,0.1914367680058453,0.09782548591343615,0.027871510804038137,0.06072767888829479,0.03837174661077877,0.25013360905932713,0.0,0.02695683828530944,0.11284066039155602,0.034931473624828284,0.028295559641610915,0.08084143696692904,0.07845699501564951,0.1177603631943956,0.03279462555667488,0.1591527028493773,0.04727221972405684,0.05015487628358622,0.005968802146158635,0.013398396433147292,0.17589203302742962,0.14210222639447387,0.076044732640826,0.09700102478205601,0.3948302541114153,0.29020097210339635,0.09701957416128403,0.004437517677728789,0.0066858787767645,0.26283411952345204,0.009814352749094209,0.005524742469120418,0.02548905516369757,0.0288467350768649,0.06102887904798644,0.05076416808269182,0.024592982133566085,0.03262951797354817,0.014702696837229386,0.08385207992900637,0.10026037508231601,0.01678861744379306,0.05798910452669859,0.08471104862408933,0.016151587403201946,0.0927900074279,0.072502627469378,0.4566722203817745,0.15101517389042002,0.15914948313507432,0.20687036385456192,0.2600500306404262,0.040719414862674566,0.02140114904828519,0.0063005249822039085,0.04620895104392679,0.11187483906307058,0.2773821932426349,0.0255311184851809,0.03362215620712351,0.12352534668695354,0.008921432685507907,0.11496206884253847,0.022633352671066573,0.0,0.24358757298450137,1.0,0.012649120094841211,0.05124227969831288,0.05005652973516676
2521,0.04327871044449857,0.004172583607423914,0.04614072331575229,0.36019109011402645,0.07404648779194072,0.21865009474300118,0.017140801044024975,0.14702251905222288,0.09783996515959517,0.2881872740257342,0.10563247301155237,0.035403107812709,0.060934535870935225,0.054918662051997226,0.2795137199118721,0.16662797189758943,0.0,0.06418827272058877,0.10905650371360451,0.07181674498532242,0.02225722352894982,0.0747349468712569,0.012377574113009115,0.06994840439706518,0.07958559832876741,0.0,0.05638377755865777,0.06141670171395136,0.03639431510867697,0.05987816864127318,0.04697400768716729,0.00356532077629046,0.061365172678107746,0.005854480275861053,0.03583622666085403,0.04412489408105425,0.0398134660096386,0.0071526318490749904,0.0,0.012346554533224577,0.010053582437324717,0.0,0.005496310534939475,0.028585525773984242,0.045285096917356785,0.11040089365246622,0.024995232573965135,0.021767678690344072,0.01795768797952239,0.028533944433825773,0.09308382389115212,0.045693509266873406,0.0724123266051991,0.24016623997049255,0.2569333667427337,0.06071451723200075,0.11969978132790282,0.2379049473205979,0.06455667945761795,0.09558262161136019,0.21343773649765596,0.14165095246578527,0.21828991062007408,0.13170048737800674,0.22964983584453091,0.16334374884703506,0.2295826073862452,0.17974339477588608,0.182278581569576,0.10886967756750923,0.089564886235774,0.1799067446320617,0.11284608819215393,0.12081565094784487,0.09023528494295815,0.022353449889326728,0.08274170448375692,0.0838162154337137,0.0543450862691288,0.10363961415092306,0.131482048887619,0.10574170008249201,0.14928995610974755,0.05773090744307118,0.14176164884894923,0.21763799911262713,0.0,0.022534754035112875,0.04055547437174047,0.058536779724374904,0.016732635104563083,0.012265260470434823,0.04677165184560731,0.02398180222848493,0.12365009246035441,0.01700054174567408,0.1710625082509363,0.03304301733705203,0.019799444822218303,0.016669408502075288,0.008052226474088904,0.039101123880324155,0.0350461584916161,0.09515374523148078,0.07681478272750379,0.23699064890576102,0.06256205956281141,0.049466746059435865,0.0,0.04853370393569285,0.0,0.0,0.06508312655861426,0.0,0.02611693409968479,0.018024243355266072,0.006161897071202322,0.016847267001943687,0.1285376565138849,0.1698004060693073,0.25100448115848967,0.11446817072933062,0.023160795521557347,0.0167361429877619,0.008186431838742783,0.09269182513976801,0.022045833236470993,0.10478267938121566,0.15719928338121952,0.13124945352195438,0.09571937789573381,0.425162178179282,0.0,0.03007859489019944,0.003916813096354412,0.011439912662463301,0.030555912705685057,0.01526583484325372,0.13314064277397225,0.07679261942200191,0.049492813314024116,0.02026921897954289,0.13952487893523488,0.01682600569502911,0.2643982004212621,0.07049383442398204,0.169926500466241,0.18388182516519952,0.1268616464894381,0.0,0.006834123858610194,0.0,0.012342558694869008,0.01568081605306933,0.0,0.0,0.06780896785353518,0.007578485342016787,0.0,0.008748430638816012,0.0,0.006104697169345577,0.0,0.0,0.0,0.005674554772254114,0.1505517312017,0.08168456469268727,0.04523566347019077,0.06644902041225961,0.0,0.0,0.0,0.009479072092635476,0.0,0.0304721809189206,0.0,0.00806423423752277,0.09708517275339054,0.020708982172290752,0.0835347286782933,0.1340544577797594,0.043642588204331756,0.009991344089431529,0.017241390473616454,0.018827255474598036,0.04242087901748133,0.2483346650961608,0.0,0.01219710103043503,0.0,0.0,0.005474329053834694,0.008722435863283607,0.12505105801757505,0.006479052406171876,0.029672544535395175,0.0047121695870981474,0.0,0.0,0.0,0.0,0.058850072128692824,0.06046490865139448,0.05706986499237898,0.07251715038225287,0.014101315353872068,0.003455875545434196,0.024385995327660642,0.05751204481178576,0.004890730888620719,0.016698569282520885,0.0,0.31569754540832035,0.3037472437162855,0.010807274578484155,0.012649120094841211,0.9999999999999999,0.10736469660374623,0.10195397636752294
3057,0.03666857739333153,0.003144756619624257,0.06103452872510631,0.09608444915245848,0.0766426857906455,0.12837052792095865,0.013222604352116188,0.047713377207847206,0.14174793326341964,0.09932960613182774,0.07872284050073977,0.05309804348170708,0.09333981290018752,0.09794517946195354,0.11553131617356713,0.10119832221923158,0.04778737638464534,0.2001729791129448,0.02495539122888583,0.017252420139486677,0.06530862926649994,0.008864209798660067,0.04215415517143864,0.06680561491942923,0.1355366003088784,0.018267147096138928,0.05457287081946656,0.006082450608283948,0.12977942186310454,0.009086979618448243,0.0957362747648384,0.05922473653648676,0.16388654002907352,0.058286501565021215,0.042877589284857694,0.14842534611381097,0.04281384720353637,0.07050465069624444,0.05791372355664015,0.12264797195675803,0.05444362485182395,0.13657590022504754,0.07278210081516998,0.13827552115323272,0.09970459178793074,0.15194123416503194,0.04158227140118718,0.05645372624234907,0.0293614156391902,0.06180252491217293,0.021793168619979326,0.0045693103453294396,0.05251173831086178,0.059881101298712366,0.06924667930305252,0.005559343665342226,0.02760796168345574,0.05013700964885655,0.019497446444821723,0.03837311281795688,0.06995028467367302,0.017192620416331916,0.22776483488273833,0.019742045572228892,0.09266186982475977,0.035587457792639214,0.06877572412961491,0.0939467914554574,0.03436549524699677,0.03911554977826039,0.0,0.10832537418195794,0.0,0.009168299916658197,0.025393871584024705,0.01050423330382852,0.04210011903398882,0.014405266182526433,0.008286222488955202,0.004341866871299635,0.02915719096115633,0.03413720046040533,0.04493037076221481,0.0440263720061131,0.031025040952867396,0.023675532884858026,0.0698283821128098,0.010917634768295725,0.04040483574535202,0.008073642235688207,0.020718181307964472,0.027396210453545573,0.13892049542120294,0.12107341101432677,0.17744297725619707,0.10107703755609115,0.22241886358295995,0.0648472766144951,0.0924415000092986,0.11008844491674077,0.07189856367406612,0.0032175421961155074,0.00922625296313476,0.034444373994832876,0.01950697899775326,0.03992252968643516,0.0,0.029133170201052064,0.016282386975770117,0.02350040877456199,0.014009220617083911,0.0,0.05733139183044256,0.010158402935586187,0.015232264604524082,0.03153492175551897,0.018927942666983957,0.035005544899515684,0.015970425989890014,0.06335741976234265,0.13238624685149772,0.021154636966053072,0.07303847763418575,0.023282303985677034,0.02553001112383961,0.05411660187369767,0.053243451374027945,0.0341017207160205,0.0,0.01771502366798791,0.11527824557912583,0.08324366943159225,0.025697001869664095,0.04970667657611637,0.05788055515191683,0.0851613691184962,0.22012691179351665,0.007810984271886538,0.07700791175723938,0.038732115752973015,0.02831752811474212,0.03925427342783326,0.017430924567714758,0.02828957031004681,0.22780322224513105,0.05293277874412994,0.04641086771468707,0.1551310932964426,0.005100102109333659,0.0036666791218484484,0.02917503576108264,0.07509898210852771,0.0441553325751171,0.027900382586186406,0.034967294245406205,0.01161551797158757,0.1173831156295262,0.017340000988966493,0.0039024349084022998,0.01223719659326346,0.009025174146444465,0.016489461001254264,0.0,0.027341159975158645,0.04518734150302031,0.029478867416748405,0.13815780282767826,0.021891817509316742,0.0,0.03991122157302286,0.005413010831814387,0.011685528212680147,0.023012902763103693,0.029499982608642422,0.017199967169733286,0.024874515851731623,0.021061678152049117,0.0174920091122212,0.040735536066815466,0.0562217690747833,0.009345727042760908,0.029226144868226542,0.0,0.029869404248797422,0.021924117618475673,0.09371543511555615,0.12232233373189796,0.23197030438337263,0.006615333016433453,0.04543833936355071,0.07249034902173619,0.020310339881779722,0.00959853858019236,0.09896177410032451,0.11040504502760451,0.016319878176585437,0.05918101774625975,0.012528858317546798,0.0,0.008783534659782042,0.0028851458860029776,0.0,0.12749171424159753,0.03167219828006494,0.12564714029938145,0.16147052296916217,0.042914934439246,0.02233083614551568,0.0,0.028772698976023137,0.03870209060934815,0.0,0.023477149471372173,0.14468224423100765,0.08751836076474068,0.009084518704569106,0.05124227969831288,0.10736469660374623,1.0,0.12310887852668628
3200,0.052796284279325284,0.008188955521852259,0.0777150298079227,0.10833096975167548,0.14468801365092518,0.05924479779730795,0.06107139485546858,0.07780486860884255,0.10666375403668804,0.12509837832255202,0.06296566506353532,0.05774993720615811,0.025122551580559118,0.056848971390211986,0.23334014969426656,0.12741242776783496,0.0,0.1155135049193293,0.013417162137987564,0.029279588375036456,0.012657176319898863,0.00759600468231544,0.020422418719237577,0.05383129485305917,0.21203898673762914,0.0,0.06362699862138724,0.004082547507523997,0.12344091707931408,0.0,0.07394214954918774,0.036985933654066744,0.07545883212853302,0.033433064414343544,0.06449201579097501,0.23410349498428598,0.08138707460149172,0.09522518627067018,0.01537039277714269,0.10026476169744947,0.0746562071743434,0.09267103566520497,0.08443946134094787,0.15295364145248927,0.12858411731804334,0.20543646209998764,0.0718580666294537,0.029021844769577265,0.04358316108057563,0.029527769845916416,0.018433231990132196,0.004549896026753078,0.007846738473865425,0.09790073549564159,0.13957628763506344,0.016038096220041563,0.04326777566175888,0.09328826134236187,0.10603134066886247,0.017147157478201898,0.11910945458167002,0.00507121686271382,0.29197936965562826,0.01067164019905185,0.15005897842951765,0.029166729848491765,0.10174934387232415,0.12113016919389637,0.03326913437021114,0.02658245575596795,0.015877731808019047,0.10064520459090129,0.027078583395541957,0.04035699075372149,0.0902854887565925,0.06225829852692505,0.07733507337808199,0.0412183370944941,0.06267814204112657,0.044212822665982685,0.0555414815782166,0.06151568115671427,0.10265331641223606,0.036798351210014034,0.06065784536905623,0.044103127862553236,0.04770761078983479,0.04300326126016705,0.03303668225182277,0.005630191471847112,0.044351078359038364,0.0582652951740972,0.026931819721591577,0.23543823146236964,0.2277529795613164,0.08671046501123014,0.10774800330515827,0.17085213306228675,0.03945948328499098,0.17336355597229797,0.04264556065222927,0.0629913467259674,0.05815131441663531,0.07285703174223056,0.08919664453441406,0.10159972505901797,0.006046636457029185,0.018524819863102733,0.014297914860931082,0.04982209995111297,0.0,0.02585448824102987,0.13660623267627275,0.023647133384129118,0.06148767780083822,0.038756935489687026,0.028258982444567562,0.05144858011312559,0.05943012595035618,0.16259841503606623,0.19988218199019742,0.04596349322821016,0.09970321186992924,0.03370149937488152,0.04960368862258288,0.05667053728333125,0.07500421901873755,0.129477642056,0.005136464751473974,0.03626138612617074,0.29421706120409974,0.06621035615943571,0.025200130178637592,0.0669701342277432,0.006100084810798662,0.020356388267463277,0.09542345827182346,0.05737220100505775,0.09638789773266934,0.0830844312456218,0.05454737299791246,0.020487152573210078,0.02487770936467952,0.0,0.1122557049185914,0.07298514730087192,0.09884591566328862,0.0855529951810572,0.07443601697881713,0.019769214066191775,0.007764073680651287,0.13650580487650474,0.0219207355583768,0.08791336874572861,0.005265903356411206,0.03372765894028316,0.1525538236554251,0.02088072931505751,0.0,0.0,0.007486702469671671,0.0,0.008639603157287231,0.018129948619006173,0.045860912660347766,0.01398895136633401,0.2165240151775195,0.0180117627863447,0.10142325159758606,0.03572870015689736,0.007278363125012677,0.010395334075923588,0.00866403925029782,0.06407990716960303,0.009712985569973718,0.030267593975448003,0.020758319041088946,0.10614266182182441,0.07678474536381563,0.0365348220238942,0.009529230538115916,0.0521143550412945,0.013460367551835519,0.11683392766903038,0.018989837729258732,0.17419010351786435,0.20495618315955927,0.18029092284906775,0.03944465577374462,0.02692459833122117,0.07809311610451397,0.0,0.016798776677892754,0.07902576100695302,0.15536303800739232,0.043631806960626365,0.13294709089067605,0.03272601413760222,0.0,0.005292429221180591,0.0,0.0,0.03097619344527027,0.017939276678864014,0.1579501102525574,0.21554783901870386,0.019846390125164988,0.00998348546198146,0.009459355627203393,0.04627281246086404,0.03382728581315566,0.016973427907085857,0.015931473570436384,0.07583960008839093,0.1697479237434576,0.03702145529454082,0.05005652973516676,0.10195397636752294,0.12310887852668628,0.9999999999999997
